#include "dxvk_hud_font.h"

namespace dxvk::hud {

  // Wineland HUD Mono: an ASCII SDF conversion of Share Tech Mono.
  // Copyright (c) 2012, Carrois Type Design, Ralph du Carrois
  // (post@carrois.com www.carrois.com), with Reserved Font Name 'Share'.
  // Font data is licensed under SIL OFL 1.1; see LICENSE.
  // Generated with generate_font.cpp; see README.font.md.
  const HudGlyph g_hudFontGlyphs[] = {
    {32, 215, 147, 12, 12, 6, 6},
    {33, 260, 0, 16, 35, -1, 29},
    {34, 50, 147, 21, 21, 2, 29},
    {35, 276, 0, 25, 35, 4, 29},
    {36, 189, 0, 23, 41, 3, 31},
    {37, 301, 0, 29, 35, 6, 29},
    {38, 330, 0, 26, 35, 4, 29},
    {39, 71, 147, 16, 21, -1, 29},
    {40, 0, 0, 19, 43, 1, 33},
    {41, 19, 0, 19, 43, 1, 33},
    {42, 456, 113, 26, 26, 4, 30},
    {43, 482, 113, 25, 26, 4, 23},
    {44, 87, 147, 17, 21, 0, 10},
    {45, 147, 147, 23, 16, 3, 18},
    {46, 170, 147, 16, 16, -1, 10},
    {47, 120, 0, 27, 42, 5, 32},
    {48, 356, 0, 25, 35, 4, 29},
    {49, 381, 0, 23, 35, 3, 29},
    {50, 404, 0, 23, 35, 3, 29},
    {51, 427, 0, 23, 35, 3, 29},
    {52, 450, 0, 25, 35, 4, 29},
    {53, 475, 0, 23, 35, 3, 29},
    {54, 0, 43, 24, 35, 3, 29},
    {55, 24, 43, 23, 35, 3, 29},
    {56, 47, 43, 25, 35, 4, 29},
    {57, 72, 43, 24, 35, 3, 29},
    {58, 66, 113, 16, 28, -1, 22},
    {59, 26, 113, 17, 33, 0, 22},
    {60, 82, 113, 25, 28, 4, 25},
    {61, 25, 147, 25, 22, 4, 21},
    {62, 107, 113, 25, 28, 4, 25},
    {63, 96, 43, 22, 35, 2, 29},
    {64, 118, 43, 29, 35, 6, 29},
    {65, 147, 43, 27, 35, 5, 29},
    {66, 174, 43, 25, 35, 4, 29},
    {67, 199, 43, 23, 35, 3, 29},
    {68, 222, 43, 25, 35, 4, 29},
    {69, 247, 43, 23, 35, 3, 29},
    {70, 270, 43, 24, 35, 3, 29},
    {71, 294, 43, 24, 35, 3, 29},
    {72, 318, 43, 25, 35, 4, 29},
    {73, 343, 43, 21, 35, 2, 29},
    {74, 364, 43, 22, 35, 2, 29},
    {75, 386, 43, 25, 35, 4, 29},
    {76, 411, 43, 23, 35, 3, 29},
    {77, 434, 43, 27, 35, 5, 29},
    {78, 461, 43, 25, 35, 4, 29},
    {79, 486, 43, 26, 35, 4, 29},
    {80, 0, 78, 25, 35, 4, 29},
    {81, 233, 0, 27, 37, 4, 29},
    {82, 25, 78, 26, 35, 4, 29},
    {83, 51, 78, 24, 35, 3, 29},
    {84, 75, 78, 26, 35, 4, 29},
    {85, 101, 78, 25, 35, 4, 29},
    {86, 126, 78, 27, 35, 5, 29},
    {87, 153, 78, 27, 35, 5, 29},
    {88, 180, 78, 27, 35, 5, 29},
    {89, 207, 78, 27, 35, 5, 29},
    {90, 234, 78, 25, 35, 4, 29},
    {91, 38, 0, 20, 43, 1, 33},
    {92, 147, 0, 27, 42, 5, 32},
    {93, 58, 0, 20, 43, 1, 33},
    {94, 0, 147, 25, 24, 4, 31},
    {95, 186, 147, 29, 15, 6, 3},
    {96, 104, 147, 19, 17, 1, 29},
    {97, 132, 113, 26, 28, 4, 22},
    {98, 259, 78, 25, 35, 4, 29},
    {99, 158, 113, 23, 28, 3, 22},
    {100, 284, 78, 25, 35, 4, 29},
    {101, 181, 113, 24, 28, 3, 22},
    {102, 309, 78, 24, 35, 3, 29},
    {103, 433, 78, 25, 34, 4, 22},
    {104, 333, 78, 25, 35, 4, 29},
    {105, 358, 78, 25, 35, 4, 29},
    {106, 212, 0, 21, 41, 2, 29},
    {107, 383, 78, 24, 35, 3, 29},
    {108, 407, 78, 26, 35, 4, 29},
    {109, 205, 113, 27, 28, 5, 22},
    {110, 232, 113, 25, 28, 4, 22},
    {111, 257, 113, 25, 28, 4, 22},
    {112, 458, 78, 25, 34, 4, 22},
    {113, 483, 78, 25, 34, 4, 22},
    {114, 282, 113, 23, 28, 3, 22},
    {115, 305, 113, 23, 28, 3, 22},
    {116, 43, 113, 23, 32, 3, 26},
    {117, 328, 113, 25, 28, 4, 22},
    {118, 353, 113, 26, 28, 4, 22},
    {119, 379, 113, 28, 28, 5, 22},
    {120, 407, 113, 26, 28, 4, 22},
    {121, 0, 113, 26, 34, 4, 22},
    {122, 433, 113, 23, 28, 3, 22},
    {123, 78, 0, 21, 43, 2, 33},
    {124, 174, 0, 15, 42, -1, 32},
    {125, 99, 0, 21, 43, 2, 33},
    {126, 123, 147, 24, 17, 3, 19},
  };

  const uint8_t g_hudFontImage[] = {
    0x00,0x00,0x00,0x00,0x00,0x00,0x00,0x00,0x00,0x00,0x00,0x00,0x00,0x00,0x00,0x00,0x00,0x00,0x00,0x00,0x00,0x00,0x00,0x00,0x00,0x00,0x00,0x00,0x00,0x00,0x00,0x00,0x00,0x00,0x00,0x00,0x00,0x00,0x00,0x00,0x00,0x00,0x00,0x00,0x00,0x00,0x00,0x00,0x00,0x00,
    0x00,0x00,0x00,0x00,0x00,0x00,0x00,0x00,0x00,0x00,0x00,0x00,0x00,0x00,0x00,0x00,0x00,0x00,0x00,0x00,0x00,0x00,0x00,0x00,0x00,0x00,0x00,0x00,0x00,0x00,0x00,0x00,0x00,0x00,0x00,0x00,0x00,0x00,0x00,0x00,0x00,0x00,0x00,0x00,0x00,0x00,0x00,0x00,0x00,0x00,
    0x00,0x00,0x00,0x00,0x00,0x00,0x00,0x00,0x00,0x00,0x00,0x00,0x00,0x00,0x00,0x00,0x00,0x00,0x00,0x00,0x00,0x00,0x00,0x00,0x00,0x00,0x00,0x00,0x00,0x00,0x00,0x00,0x00,0x00,0x00,0x00,0x00,0x00,0x00,0x00,0x00,0x00,0x00,0x00,0x00,0x00,0x00,0x00,0x00,0x00,
    0x00,0x00,0x00,0x00,0x00,0x00,0x00,0x00,0x00,0x00,0x00,0x00,0x00,0x00,0x00,0x00,0x00,0x00,0x00,0x00,0x00,0x00,0x00,0x00,0x00,0x00,0x00,0x00,0x00,0x00,0x00,0x00,0x00,0x00,0x00,0x00,0x00,0x00,0x00,0x00,0x00,0x00,0x00,0x00,0x00,0x00,0x00,0x00,0x00,0x00,
    0x00,0x00,0x00,0x00,0x00,0x00,0x00,0x00,0x00,0x00,0x00,0x00,0x00,0x00,0x00,0x00,0x00,0x00,0x00,0x00,0x00,0x00,0x00,0x00,0x00,0x00,0x00,0x00,0x00,0x00,0x00,0x00,0x00,0x00,0x00,0x00,0x00,0x00,0x00,0x00,0x00,0x00,0x00,0x00,0x00,0x00,0x00,0x00,0x00,0x00,
    0x00,0x00,0x00,0x00,0x00,0x00,0x00,0x00,0x00,0x00,0x00,0x00,0x00,0x00,0x00,0x00,0x00,0x00,0x00,0x00,0x00,0x00,0x00,0x00,0x00,0x00,0x00,0x00,0x00,0x00,0x00,0x00,0x00,0x00,0x00,0x00,0x00,0x00,0x00,0x00,0x00,0x00,0x00,0x00,0x00,0x00,0x00,0x00,0x00,0x00,
    0x00,0x00,0x00,0x00,0x00,0x00,0x00,0x00,0x00,0x00,0x00,0x00,0x00,0x00,0x00,0x00,0x00,0x00,0x00,0x00,0x00,0x00,0x00,0x00,0x00,0x00,0x00,0x00,0x00,0x00,0x00,0x00,0x00,0x00,0x00,0x00,0x00,0x00,0x00,0x00,0x00,0x00,0x00,0x00,0x00,0x00,0x00,0x00,0x00,0x00,
    0x00,0x00,0x00,0x00,0x00,0x00,0x00,0x00,0x00,0x00,0x00,0x00,0x00,0x00,0x00,0x00,0x00,0x00,0x00,0x00,0x00,0x00,0x00,0x00,0x00,0x00,0x00,0x00,0x00,0x00,0x00,0x00,0x00,0x00,0x00,0x00,0x00,0x00,0x00,0x00,0x00,0x00,0x00,0x00,0x00,0x00,0x00,0x00,0x00,0x00,
    0x00,0x00,0x00,0x00,0x00,0x00,0x00,0x00,0x00,0x00,0x00,0x00,0x00,0x00,0x00,0x00,0x00,0x00,0x00,0x00,0x00,0x00,0x00,0x00,0x00,0x00,0x00,0x00,0x00,0x00,0x00,0x00,0x00,0x00,0x00,0x00,0x00,0x00,0x00,0x00,0x00,0x00,0x00,0x00,0x00,0x00,0x00,0x00,0x00,0x00,
    0x00,0x00,0x00,0x00,0x00,0x00,0x00,0x00,0x00,0x00,0x00,0x00,0x00,0x00,0x00,0x00,0x00,0x00,0x00,0x00,0x00,0x00,0x00,0x00,0x00,0x00,0x00,0x00,0x00,0x00,0x00,0x00,0x00,0x00,0x00,0x00,0x00,0x00,0x00,0x00,0x00,0x00,0x00,0x00,0x00,0x00,0x00,0x00,0x00,0x00,
    0x00,0x00,0x00,0x00,0x00,0x00,0x00,0x00,0x00,0x00,0x00,0x00,0x00,0x00,0x00,0x00,0x00,0x00,0x00,0x00,0x00,0x00,0x00,0x00,0x00,0x00,0x00,0x00,0x00,0x00,0x00,0x00,0x00,0x00,0x00,0x00,0x00,0x00,0x00,0x00,0x00,0x00,0x00,0x00,0x00,0x00,0x00,0x00,0x00,0x00,
    0x00,0x00,0x00,0x00,0x00,0x00,0x00,0x00,0x00,0x00,0x00,0x00,0x00,0x00,0x00,0x00,0x00,0x00,0x00,0x00,0x00,0x00,0x00,0x00,0x00,0x00,0x00,0x00,0x00,0x00,0x00,0x00,0x00,0x00,0x00,0x00,0x00,0x00,0x00,0x00,0x00,0x00,0x00,0x00,0x00,0x00,0x00,0x00,0x00,0x00,
    0x00,0x00,0x00,0x00,0x00,0x00,0x00,0x00,0x00,0x00,0x00,0x00,0x00,0x00,0x00,0x00,0x00,0x00,0x00,0x00,0x00,0x00,0x00,0x00,0x00,0x00,0x00,0x00,0x00,0x00,0x00,0x00,0x00,0x00,0x00,0x00,0x00,0x00,0x00,0x00,0x00,0x00,0x00,0x00,0x00,0x00,0x00,0x00,0x05,0x0a,
    0x0b,0x0b,0x0b,0x09,0x02,0x00,0x00,0x00,0x00,0x00,0x00,0x00,0x00,0x00,0x07,0x0b,0x0b,0x0b,0x0b,0x07,0x00,0x00,0x00,0x00,0x00,0x00,0x00,0x00,0x00,0x00,0x00,0x00,0x00,0x00,0x00,0x00,0x00,0x00,0x00,0x00,0x01,0x09,0x0b,0x0b,0x0b,0x0a,0x04,0x00,0x00,0x00,
    0x00,0x00,0x00,0x00,0x00,0x00,0x00,0x00,0x00,0x03,0x0a,0x0c,0x0c,0x0c,0x0b,0x05,0x00,0x00,0x00,0x00,0x00,0x00,0x00,0x00,0x00,0x00,0x00,0x00,0x00,0x00,0x00,0x00,0x00,0x00,0x00,0x00,0x00,0x00,0x00,0x00,0x00,0x00,0x00,0x00,0x00,0x00,0x00,0x00,0x00,0x00,
    0x00,0x00,0x00,0x00,0x00,0x00,0x00,0x00,0x00,0x00,0x00,0x00,0x00,0x00,0x00,0x00,0x00,0x00,0x00,0x00,0x00,0x00,0x00,0x00,0x00,0x00,0x00,0x00,0x00,0x00,0x00,0x00,0x00,0x00,0x00,0x00,0x00,0x00,0x00,0x00,0x00,0x00,0x00,0x00,0x00,0x00,0x00,0x00,0x00,0x00,
    0x00,0x00,0x00,0x00,0x00,0x00,0x00,0x00,0x00,0x00,0x00,0x00,0x00,0x00,0x00,0x00,0x00,0x00,0x00,0x00,0x00,0x00,0x00,0x00,0x00,0x00,0x00,0x00,0x00,0x00,0x00,0x00,0x00,0x00,0x00,0x00,0x00,0x00,0x00,0x00,0x00,0x00,0x00,0x00,0x00,0x00,0x00,0x00,0x00,0x00,
    0x00,0x00,0x00,0x00,0x00,0x00,0x00,0x00,0x00,0x00,0x00,0x00,0x00,0x00,0x00,0x00,0x00,0x00,0x00,0x00,0x00,0x00,0x00,0x00,0x00,0x00,0x00,0x00,0x00,0x00,0x00,0x00,0x00,0x00,0x00,0x00,0x00,0x00,0x00,0x00,0x00,0x00,0x00,0x00,0x00,0x00,0x00,0x00,0x00,0x00,
    0x00,0x00,0x00,0x00,0x00,0x00,0x00,0x00,0x00,0x00,0x00,0x00,0x00,0x00,0x00,0x00,0x00,0x00,0x00,0x00,0x00,0x00,0x00,0x00,0x00,0x00,0x00,0x00,0x00,0x00,0x00,0x00,0x00,0x00,0x00,0x00,0x00,0x00,0x00,0x00,0x00,0x00,0x00,0x00,0x00,0x00,0x00,0x00,0x00,0x00,
    0x00,0x00,0x00,0x00,0x00,0x00,0x00,0x00,0x00,0x00,0x00,0x00,0x00,0x00,0x00,0x00,0x00,0x00,0x00,0x00,0x00,0x00,0x00,0x00,0x00,0x00,0x00,0x00,0x00,0x00,0x00,0x00,0x00,0x00,0x00,0x00,0x00,0x00,0x00,0x00,0x00,0x00,0x00,0x00,0x00,0x00,0x00,0x00,0x00,0x00,
    0x00,0x00,0x00,0x00,0x00,0x00,0x00,0x00,0x00,0x00,0x00,0x00,0x00,0x00,0x00,0x00,0x00,0x00,0x00,0x00,0x00,0x00,0x00,0x00,0x00,0x00,0x00,0x00,0x00,0x00,0x00,0x01,0x0c,0x12,0x13,0x13,0x13,0x12,0x0b,0x00,0x00,0x00,0x00,0x00,0x00,0x00,0x00,0x08,0x10,0x13,
    0x13,0x13,0x13,0x0e,0x05,0x00,0x00,0x00,0x00,0x00,0x00,0x00,0x00,0x00,0x00,0x00,0x0a,0x11,0x13,0x13,0x13,0x13,0x13,0x13,0x13,0x12,0x0c,0x02,0x00,0x00,0x00,0x00,0x00,0x00,0x00,0x00,0x0a,0x11,0x13,0x13,0x13,0x13,0x13,0x13,0x13,0x12,0x0c,0x02,0x00,0x00,
    0x00,0x00,0x00,0x00,0x00,0x00,0x00,0x00,0x00,0x00,0x00,0x08,0x0e,0x12,0x13,0x13,0x13,0x10,0x08,0x00,0x00,0x00,0x00,0x00,0x00,0x00,0x00,0x05,0x0f,0x13,0x13,0x13,0x12,0x0f,0x0a,0x02,0x00,0x00,0x00,0x00,0x00,0x00,0x00,0x00,0x00,0x00,0x00,0x00,0x00,0x00,
    0x00,0x00,0x00,0x00,0x00,0x00,0x00,0x00,0x00,0x10,0x1d,0x23,0x24,0x24,0x24,0x22,0x19,0x0b,0x00,0x00,0x00,0x00,0x00,0x00,0x07,0x16,0x20,0x24,0x24,0x24,0x24,0x1f,0x14,0x05,0x00,0x00,0x00,0x00,0x00,0x00,0x00,0x00,0x00,0x00,0x00,0x00,0x00,0x00,0x00,0x00,
    0x00,0x0b,0x19,0x22,0x24,0x24,0x24,0x23,0x1c,0x0f,0x00,0x00,0x00,0x00,0x00,0x00,0x00,0x00,0x00,0x00,0x0d,0x1b,0x23,0x25,0x25,0x25,0x24,0x1d,0x11,0x00,0x00,0x00,0x00,0x00,0x00,0x00,0x00,0x00,0x00,0x00,0x00,0x00,0x00,0x00,0x00,0x07,0x12,0x17,0x17,0x17,
    0x17,0x16,0x0f,0x03,0x00,0x00,0x00,0x00,0x00,0x00,0x00,0x00,0x00,0x00,0x03,0x0b,0x11,0x15,0x17,0x17,0x17,0x16,0x12,0x0d,0x06,0x00,0x00,0x00,0x00,0x00,0x00,0x00,0x00,0x00,0x00,0x00,0x00,0x01,0x0e,0x15,0x17,0x17,0x17,0x16,0x10,0x05,0x00,0x00,0x00,0x00,
    0x00,0x00,0x00,0x00,0x00,0x00,0x08,0x12,0x17,0x17,0x17,0x17,0x13,0x16,0x17,0x17,0x17,0x14,0x0b,0x00,0x00,0x00,0x00,0x00,0x00,0x00,0x00,0x00,0x00,0x00,0x00,0x00,0x06,0x0e,0x14,0x17,0x17,0x15,0x11,0x0a,0x00,0x00,0x00,0x00,0x00,0x00,0x00,0x00,0x00,0x00,
    0x00,0x00,0x00,0x00,0x00,0x00,0x00,0x00,0x00,0x00,0x00,0x00,0x08,0x0f,0x14,0x16,0x17,0x17,0x17,0x17,0x16,0x0f,0x03,0x00,0x00,0x00,0x00,0x00,0x00,0x00,0x00,0x00,0x00,0x00,0x00,0x00,0x00,0x00,0x07,0x0f,0x14,0x16,0x17,0x17,0x15,0x10,0x09,0x00,0x00,0x00,
    0x00,0x00,0x00,0x00,0x00,0x00,0x00,0x00,0x00,0x00,0x00,0x00,0x03,0x0c,0x14,0x17,0x17,0x17,0x17,0x14,0x0b,0x00,0x00,0x00,0x00,0x00,0x00,0x00,0x00,0x00,0x00,0x00,0x05,0x10,0x16,0x17,0x17,0x17,0x17,0x16,0x13,0x0f,0x08,0x00,0x00,0x00,0x00,0x00,0x00,0x00,
    0x00,0x00,0x00,0x00,0x00,0x07,0x11,0x17,0x17,0x17,0x17,0x17,0x16,0x14,0x0f,0x09,0x00,0x00,0x00,0x00,0x00,0x00,0x00,0x00,0x00,0x00,0x00,0x00,0x00,0x00,0x00,0x02,0x0e,0x15,0x17,0x17,0x17,0x15,0x0e,0x02,0x00,0x00,0x00,0x00,0x00,0x00,0x00,0x00,0x00,0x00,
    0x00,0x00,0x00,0x03,0x0f,0x16,0x17,0x17,0x17,0x17,0x17,0x17,0x17,0x17,0x17,0x16,0x10,0x05,0x00,0x00,0x00,0x00,0x00,0x00,0x00,0x00,0x00,0x00,0x00,0x00,0x00,0x00,0x00,0x00,0x00,0x00,0x00,0x00,0x00,0x00,0x00,0x00,0x05,0x16,0x24,0x2b,0x2c,0x2c,0x2c,0x2b,
    0x22,0x14,0x03,0x00,0x00,0x00,0x00,0x00,0x10,0x1f,0x29,0x2c,0x2c,0x2c,0x2c,0x27,0x1b,0x0a,0x00,0x00,0x00,0x00,0x00,0x00,0x00,0x00,0x00,0x12,0x21,0x2a,0x2c,0x2c,0x2c,0x2c,0x2c,0x2c,0x2c,0x2b,0x24,0x17,0x06,0x00,0x00,0x00,0x00,0x00,0x00,0x12,0x21,0x2a,
    0x2c,0x2c,0x2c,0x2c,0x2c,0x2c,0x2c,0x2b,0x24,0x17,0x06,0x00,0x00,0x00,0x00,0x00,0x00,0x00,0x00,0x00,0x00,0x09,0x16,0x20,0x27,0x2b,0x2c,0x2c,0x2c,0x29,0x1f,0x0f,0x00,0x00,0x00,0x00,0x00,0x00,0x0b,0x1b,0x27,0x2c,0x2c,0x2c,0x2c,0x29,0x22,0x19,0x0c,0x00,
    0x00,0x00,0x00,0x00,0x00,0x00,0x00,0x00,0x00,0x00,0x00,0x00,0x00,0x00,0x00,0x00,0x00,0x00,0x00,0x00,0x11,0x24,0x34,0x3d,0x3e,0x3e,0x3e,0x3a,0x2f,0x1e,0x0a,0x00,0x00,0x00,0x00,0x04,0x19,0x2b,0x38,0x3e,0x3e,0x3e,0x3d,0x37,0x29,0x16,0x02,0x00,0x00,0x00,
    0x00,0x00,0x00,0x00,0x00,0x00,0x00,0x00,0x00,0x00,0x00,0x00,0x09,0x1d,0x2e,0x3a,0x3e,0x3e,0x3e,0x3c,0x32,0x22,0x0f,0x00,0x00,0x00,0x00,0x00,0x00,0x00,0x00,0x0c,0x20,0x31,0x3c,0x3f,0x3f,0x3f,0x3d,0x34,0x24,0x11,0x00,0x00,0x00,0x00,0x00,0x00,0x00,0x00,
    0x00,0x00,0x00,0x00,0x00,0x00,0x0c,0x1d,0x2a,0x30,0x30,0x30,0x30,0x2f,0x26,0x18,0x06,0x00,0x00,0x00,0x00,0x00,0x00,0x00,0x03,0x10,0x1b,0x24,0x2a,0x2e,0x30,0x30,0x30,0x2f,0x2c,0x26,0x1e,0x13,0x06,0x00,0x00,0x00,0x00,0x00,0x00,0x00,0x00,0x00,0x03,0x16,
    0x25,0x2e,0x30,0x30,0x30,0x2f,0x28,0x1a,0x08,0x00,0x00,0x00,0x00,0x00,0x00,0x00,0x00,0x0c,0x1d,0x2a,0x30,0x30,0x30,0x30,0x2b,0x30,0x30,0x30,0x30,0x2c,0x21,0x11,0x00,0x00,0x00,0x00,0x00,0x00,0x00,0x00,0x00,0x00,0x02,0x11,0x1d,0x27,0x2d,0x30,0x30,0x2f,
    0x2a,0x22,0x17,0x09,0x00,0x00,0x00,0x00,0x00,0x00,0x00,0x00,0x00,0x00,0x00,0x00,0x00,0x00,0x00,0x00,0x00,0x00,0x0a,0x17,0x20,0x28,0x2d,0x30,0x30,0x30,0x30,0x30,0x2f,0x26,0x18,0x06,0x00,0x00,0x00,0x00,0x00,0x00,0x00,0x00,0x00,0x00,0x00,0x00,0x08,0x14,
    0x1f,0x27,0x2d,0x30,0x30,0x30,0x2e,0x29,0x22,0x18,0x0b,0x00,0x00,0x00,0x00,0x00,0x00,0x00,0x00,0x00,0x00,0x00,0x09,0x12,0x1b,0x24,0x2d,0x30,0x30,0x30,0x30,0x2c,0x21,0x11,0x00,0x00,0x00,0x00,0x00,0x00,0x00,0x00,0x00,0x08,0x1a,0x28,0x2f,0x30,0x30,0x30,
    0x30,0x30,0x2d,0x27,0x20,0x16,0x09,0x00,0x00,0x00,0x00,0x00,0x00,0x00,0x00,0x00,0x0b,0x1c,0x29,0x30,0x30,0x30,0x30,0x30,0x30,0x2d,0x28,0x21,0x17,0x0b,0x00,0x00,0x00,0x00,0x00,0x00,0x00,0x00,0x00,0x00,0x00,0x00,0x04,0x17,0x25,0x2e,0x30,0x30,0x30,0x2e,
    0x25,0x17,0x04,0x00,0x00,0x00,0x00,0x00,0x00,0x00,0x00,0x00,0x00,0x00,0x06,0x18,0x26,0x2f,0x30,0x30,0x30,0x30,0x30,0x30,0x30,0x30,0x30,0x2f,0x27,0x19,0x08,0x00,0x00,0x00,0x00,0x00,0x00,0x00,0x00,0x00,0x00,0x00,0x00,0x00,0x00,0x00,0x00,0x00,0x00,0x00,
    0x00,0x00,0x00,0x03,0x16,0x29,0x3a,0x44,0x46,0x46,0x46,0x43,0x38,0x26,0x12,0x00,0x00,0x00,0x00,0x0c,0x21,0x34,0x41,0x46,0x46,0x46,0x46,0x3e,0x2e,0x1c,0x08,0x00,0x00,0x00,0x00,0x00,0x00,0x00,0x0f,0x24,0x36,0x43,0x46,0x46,0x46,0x46,0x46,0x46,0x46,0x44,
    0x3a,0x2a,0x15,0x00,0x00,0x00,0x00,0x00,0x0f,0x24,0x36,0x43,0x46,0x46,0x46,0x46,0x46,0x46,0x46,0x44,0x3a,0x2a,0x15,0x00,0x00,0x00,0x00,0x00,0x00,0x00,0x00,0x00,0x0c,0x1d,0x2c,0x38,0x40,0x45,0x46,0x46,0x46,0x41,0x33,0x21,0x0b,0x00,0x00,0x00,0x00,0x06,
    0x1c,0x2f,0x3e,0x46,0x46,0x46,0x45,0x42,0x3a,0x2f,0x21,0x10,0x00,0x00,0x00,0x00,0x00,0x00,0x00,0x00,0x00,0x00,0x00,0x00,0x00,0x00,0x00,0x00,0x00,0x00,0x00,0x06,0x1e,0x34,0x48,0x55,0x57,0x57,0x57,0x52,0x42,0x2d,0x16,0x00,0x00,0x00,0x00,0x0f,0x27,0x3c,
    0x4e,0x57,0x57,0x57,0x57,0x4d,0x3a,0x24,0x0d,0x00,0x00,0x00,0x00,0x00,0x00,0x00,0x00,0x00,0x00,0x00,0x00,0x00,0x00,0x00,0x15,0x2c,0x41,0x52,0x57,0x57,0x57,0x55,0x47,0x32,0x1c,0x04,0x00,0x00,0x00,0x00,0x00,0x00,0x00,0x18,0x2f,0x44,0x54,0x58,0x58,0x58,
    0x56,0x48,0x34,0x1e,0x06,0x00,0x00,0x00,0x00,0x00,0x00,0x00,0x00,0x00,0x00,0x00,0x00,0x05,0x1b,0x30,0x40,0x49,0x4a,0x4a,0x4a,0x48,0x3c,0x2a,0x14,0x00,0x00,0x00,0x00,0x00,0x00,0x07,0x17,0x26,0x32,0x3c,0x43,0x48,0x4a,0x4a,0x4a,0x48,0x45,0x3e,0x35,0x29,
    0x1b,0x0b,0x00,0x00,0x00,0x00,0x00,0x00,0x00,0x00,0x12,0x27,0x3a,0x47,0x4a,0x4a,0x4a,0x48,0x3d,0x2c,0x17,0x01,0x00,0x00,0x00,0x00,0x00,0x00,0x05,0x1c,0x30,0x41,0x49,0x4a,0x4a,0x4a,0x43,0x49,0x4a,0x4a,0x4a,0x44,0x35,0x22,0x0c,0x00,0x00,0x00,0x00,0x00,
    0x00,0x00,0x00,0x03,0x16,0x26,0x34,0x3f,0x46,0x49,0x4a,0x48,0x42,0x39,0x2c,0x1d,0x0c,0x00,0x00,0x00,0x00,0x00,0x00,0x00,0x00,0x00,0x00,0x00,0x00,0x00,0x00,0x00,0x00,0x10,0x20,0x2d,0x38,0x40,0x46,0x49,0x4a,0x4a,0x4a,0x4a,0x48,0x3c,0x2a,0x15,0x00,0x00,
    0x00,0x00,0x00,0x00,0x00,0x00,0x00,0x00,0x00,0x0c,0x1d,0x2b,0x37,0x40,0x46,0x49,0x4a,0x4a,0x47,0x42,0x39,0x2e,0x21,0x11,0x00,0x00,0x00,0x00,0x00,0x00,0x00,0x00,0x0a,0x17,0x20,0x29,0x33,0x3c,0x45,0x4a,0x4a,0x4a,0x4a,0x44,0x35,0x22,0x0c,0x00,0x00,0x00,
    0x00,0x00,0x00,0x00,0x01,0x17,0x2c,0x3e,0x48,0x4a,0x4a,0x4a,0x4a,0x49,0x46,0x40,0x38,0x2c,0x1f,0x0f,0x00,0x00,0x00,0x00,0x00,0x00,0x00,0x04,0x1a,0x2f,0x40,0x49,0x4a,0x4a,0x4a,0x4a,0x49,0x46,0x41,0x39,0x2e,0x20,0x11,0x00,0x00,0x00,0x00,0x00,0x00,0x00,
    0x00,0x00,0x00,0x00,0x13,0x28,0x3a,0x47,0x4a,0x4a,0x4a,0x47,0x3b,0x28,0x13,0x00,0x00,0x00,0x00,0x00,0x00,0x00,0x00,0x00,0x00,0x00,0x15,0x2a,0x3c,0x48,0x4a,0x4a,0x4a,0x4a,0x4a,0x4a,0x4a,0x4a,0x4a,0x48,0x3d,0x2b,0x17,0x00,0x00,0x00,0x00,0x00,0x00,0x00,
    0x00,0x00,0x00,0x00,0x00,0x00,0x00,0x00,0x00,0x00,0x00,0x00,0x00,0x00,0x00,0x12,0x27,0x3a,0x4d,0x5d,0x5f,0x5f,0x5f,0x5b,0x4a,0x34,0x1d,0x04,0x00,0x00,0x00,0x16,0x2e,0x45,0x57,0x5f,0x5f,0x5f,0x5f,0x52,0x40,0x2c,0x18,0x03,0x00,0x00,0x00,0x00,0x00,0x01,
    0x1a,0x32,0x48,0x5a,0x5f,0x5f,0x5f,0x5f,0x5f,0x5f,0x5f,0x5d,0x4e,0x38,0x21,0x08,0x00,0x00,0x00,0x01,0x1a,0x32,0x48,0x5a,0x5f,0x5f,0x5f,0x5f,0x5f,0x5f,0x5f,0x5d,0x4e,0x38,0x21,0x08,0x00,0x00,0x00,0x00,0x00,0x00,0x00,0x07,0x1c,0x30,0x41,0x4f,0x59,0x5e,
    0x5f,0x5f,0x5f,0x57,0x44,0x2e,0x16,0x00,0x00,0x00,0x00,0x10,0x28,0x3f,0x53,0x5f,0x5f,0x5f,0x5f,0x5a,0x52,0x45,0x34,0x21,0x0c,0x00,0x00,0x00,0x00,0x00,0x00,0x00,0x00,0x00,0x00,0x00,0x00,0x00,0x00,0x00,0x00,0x00,0x00,0x0f,0x27,0x3f,0x57,0x6c,0x71,0x71,
    0x71,0x66,0x4f,0x36,0x1d,0x04,0x00,0x00,0x00,0x16,0x2f,0x48,0x60,0x70,0x71,0x71,0x70,0x5d,0x46,0x2e,0x16,0x00,0x00,0x00,0x00,0x00,0x00,0x00,0x00,0x00,0x00,0x00,0x00,0x00,0x00,0x03,0x1c,0x35,0x4e,0x65,0x71,0x71,0x71,0x6b,0x55,0x3c,0x23,0x0a,0x00,0x00,
    0x00,0x00,0x00,0x00,0x05,0x1f,0x38,0x50,0x68,0x72,0x72,0x72,0x6c,0x56,0x3e,0x25,0x14,0x0b,0x00,0x00,0x00,0x00,0x00,0x00,0x00,0x00,0x00,0x00,0x00,0x0e,0x26,0x3e,0x54,0x62,0x63,0x63,0x63,0x5f,0x4d,0x37,0x1f,0x06,0x00,0x00,0x00,0x00,0x05,0x19,0x2b,0x3b,
    0x49,0x54,0x5c,0x61,0x63,0x63,0x63,0x62,0x5e,0x56,0x4c,0x3f,0x2f,0x1e,0x0b,0x00,0x00,0x00,0x00,0x00,0x00,0x03,0x1c,0x34,0x4a,0x5d,0x63,0x63,0x63,0x61,0x50,0x39,0x22,0x09,0x00,0x00,0x00,0x00,0x00,0x00,0x0e,0x27,0x3e,0x54,0x62,0x63,0x63,0x63,0x57,0x61,
    0x63,0x63,0x63,0x59,0x45,0x2e,0x15,0x00,0x00,0x00,0x00,0x00,0x00,0x00,0x00,0x14,0x27,0x3a,0x4a,0x56,0x5f,0x63,0x63,0x61,0x5a,0x4f,0x41,0x30,0x1c,0x08,0x00,0x00,0x00,0x00,0x00,0x00,0x00,0x00,0x00,0x00,0x00,0x00,0x00,0x00,0x0f,0x23,0x34,0x43,0x50,0x59,
    0x5f,0x62,0x63,0x63,0x63,0x63,0x5f,0x4d,0x37,0x1f,0x06,0x00,0x00,0x00,0x00,0x00,0x00,0x00,0x00,0x00,0x0c,0x1f,0x30,0x40,0x4d,0x58,0x5f,0x63,0x63,0x63,0x60,0x5a,0x51,0x44,0x35,0x24,0x11,0x00,0x00,0x00,0x00,0x00,0x00,0x09,0x1d,0x2d,0x38,0x41,0x4a,0x54,
    0x5d,0x63,0x63,0x63,0x63,0x5a,0x45,0x2e,0x16,0x00,0x00,0x00,0x00,0x00,0x00,0x00,0x09,0x22,0x3a,0x50,0x61,0x63,0x63,0x63,0x63,0x62,0x5f,0x58,0x4f,0x42,0x33,0x22,0x0f,0x00,0x00,0x00,0x00,0x00,0x00,0x0d,0x25,0x3d,0x53,0x62,0x63,0x63,0x63,0x63,0x63,0x5f,
    0x59,0x50,0x44,0x34,0x23,0x10,0x00,0x00,0x00,0x00,0x00,0x00,0x00,0x00,0x00,0x04,0x1d,0x35,0x4c,0x5e,0x63,0x63,0x63,0x5e,0x4c,0x35,0x1d,0x04,0x00,0x00,0x00,0x00,0x00,0x00,0x00,0x00,0x00,0x06,0x1f,0x37,0x4d,0x5f,0x63,0x63,0x63,0x63,0x63,0x63,0x63,0x63,
    0x63,0x60,0x4f,0x39,0x21,0x08,0x00,0x00,0x00,0x00,0x00,0x00,0x00,0x00,0x00,0x00,0x00,0x00,0x00,0x00,0x00,0x00,0x00,0x00,0x00,0x00,0x0c,0x21,0x36,0x4a,0x5e,0x71,0x79,0x79,0x79,0x6d,0x55,0x3b,0x22,0x08,0x00,0x00,0x01,0x1b,0x34,0x4e,0x67,0x79,0x79,0x79,
    0x76,0x64,0x50,0x3c,0x27,0x12,0x00,0x00,0x00,0x00,0x00,0x05,0x1f,0x38,0x52,0x6b,0x79,0x79,0x79,0x79,0x79,0x79,0x79,0x71,0x59,0x3f,0x26,0x0d,0x00,0x00,0x00,0x05,0x1f,0x38,0x52,0x6b,0x79,0x79,0x79,0x79,0x79,0x79,0x79,0x71,0x59,0x3f,0x26,0x0d,0x00,0x00,
    0x00,0x00,0x00,0x00,0x00,0x13,0x2a,0x40,0x54,0x65,0x71,0x77,0x79,0x79,0x79,0x66,0x4d,0x34,0x1a,0x01,0x00,0x00,0x00,0x14,0x2e,0x47,0x60,0x77,0x79,0x79,0x78,0x73,0x68,0x58,0x45,0x2f,0x19,0x01,0x00,0x00,0x00,0x00,0x00,0x00,0x00,0x00,0x00,0x00,0x00,0x00,
    0x00,0x00,0x00,0x00,0x01,0x19,0x30,0x48,0x60,0x78,0x8a,0x8a,0x80,0x68,0x50,0x37,0x1e,0x04,0x00,0x00,0x00,0x16,0x30,0x49,0x61,0x79,0x8a,0x8a,0x7e,0x67,0x4f,0x37,0x1f,0x07,0x00,0x00,0x00,0x00,0x00,0x00,0x00,0x00,0x00,0x00,0x00,0x00,0x00,0x04,0x1d,0x37,
    0x50,0x6a,0x83,0x8a,0x8a,0x71,0x57,0x3e,0x24,0x0b,0x00,0x00,0x00,0x00,0x00,0x00,0x06,0x20,0x39,0x53,0x6c,0x86,0x8b,0x8b,0x72,0x59,0x3f,0x31,0x2c,0x21,0x10,0x00,0x00,0x00,0x00,0x00,0x00,0x00,0x00,0x00,0x00,0x11,0x2b,0x44,0x5e,0x77,0x7d,0x7d,0x7d,0x6f,
    0x56,0x3c,0x23,0x09,0x00,0x00,0x00,0x00,0x14,0x29,0x3d,0x4f,0x5f,0x6b,0x74,0x7a,0x7d,0x7d,0x7d,0x7b,0x76,0x6e,0x62,0x53,0x42,0x2e,0x1a,0x04,0x00,0x00,0x00,0x00,0x00,0x06,0x1f,0x39,0x52,0x6c,0x7d,0x7d,0x7d,0x72,0x59,0x3f,0x26,0x0c,0x00,0x00,0x00,0x00,
    0x00,0x00,0x12,0x2b,0x45,0x5e,0x77,0x7d,0x7d,0x7b,0x62,0x74,0x7d,0x7d,0x7d,0x65,0x4c,0x32,0x19,0x00,0x00,0x00,0x00,0x00,0x00,0x00,0x0b,0x21,0x37,0x4b,0x5e,0x6d,0x77,0x7c,0x7d,0x7a,0x72,0x65,0x54,0x40,0x2b,0x15,0x00,0x00,0x00,0x00,0x00,0x00,0x00,0x00,
    0x00,0x00,0x00,0x00,0x00,0x08,0x1e,0x33,0x47,0x58,0x66,0x71,0x78,0x7c,0x7d,0x7d,0x7d,0x7d,0x6f,0x56,0x3c,0x23,0x09,0x00,0x00,0x00,0x00,0x00,0x00,0x00,0x00,0x05,0x1b,0x2f,0x43,0x54,0x64,0x6f,0x78,0x7c,0x7d,0x7d,0x79,0x72,0x67,0x59,0x48,0x35,0x21,0x0b,
    0x00,0x00,0x00,0x00,0x00,0x16,0x2d,0x41,0x50,0x59,0x62,0x6b,0x74,0x7d,0x7d,0x7d,0x7d,0x66,0x4c,0x33,0x19,0x00,0x00,0x00,0x00,0x00,0x00,0x00,0x0d,0x26,0x40,0x59,0x72,0x7d,0x7d,0x7d,0x7d,0x7c,0x78,0x70,0x65,0x57,0x46,0x33,0x1f,0x09,0x00,0x00,0x00,0x00,
    0x00,0x10,0x29,0x43,0x5c,0x76,0x7d,0x7d,0x7d,0x7d,0x7c,0x78,0x71,0x67,0x58,0x47,0x34,0x1f,0x09,0x00,0x00,0x00,0x00,0x00,0x00,0x00,0x00,0x0a,0x23,0x3c,0x55,0x6d,0x7d,0x7d,0x7d,0x6d,0x54,0x3b,0x21,0x08,0x00,0x00,0x00,0x00,0x00,0x00,0x00,0x00,0x00,0x09,
    0x23,0x3c,0x56,0x6f,0x7d,0x7d,0x7d,0x7d,0x7d,0x7d,0x7d,0x7d,0x7d,0x71,0x58,0x3f,0x25,0x0c,0x00,0x00,0x00,0x00,0x00,0x00,0x00,0x00,0x00,0x00,0x00,0x00,0x00,0x00,0x00,0x00,0x00,0x00,0x00,0x02,0x19,0x2f,0x44,0x5a,0x6e,0x82,0x92,0x8e,0x7a,0x67,0x51,0x39,
    0x20,0x07,0x00,0x00,0x00,0x19,0x32,0x4b,0x61,0x75,0x89,0x92,0x88,0x74,0x5f,0x4a,0x35,0x1f,0x08,0x00,0x00,0x00,0x00,0x06,0x1f,0x39,0x52,0x6c,0x85,0x92,0x92,0x92,0x92,0x92,0x8c,0x73,0x59,0x40,0x26,0x0d,0x00,0x00,0x00,0x06,0x1f,0x39,0x52,0x6c,0x85,0x92,
    0x92,0x92,0x92,0x92,0x8c,0x73,0x59,0x40,0x26,0x0d,0x00,0x00,0x00,0x00,0x00,0x00,0x03,0x1c,0x34,0x4c,0x63,0x78,0x88,0x90,0x92,0x92,0x81,0x67,0x4e,0x34,0x1b,0x01,0x00,0x00,0x00,0x14,0x2e,0x47,0x61,0x7a,0x92,0x92,0x91,0x8b,0x7c,0x68,0x52,0x3a,0x22,0x0a,
    0x00,0x00,0x00,0x00,0x00,0x00,0x00,0x00,0x00,0x00,0x00,0x00,0x00,0x00,0x00,0x00,0x0a,0x22,0x3a,0x51,0x69,0x81,0x99,0x8e,0x77,0x5f,0x47,0x2f,0x18,0x00,0x00,0x00,0x00,0x11,0x29,0x40,0x58,0x70,0x88,0x9f,0x88,0x70,0x58,0x40,0x28,0x11,0x00,0x00,0x00,0x00,
    0x00,0x00,0x00,0x00,0x00,0x00,0x00,0x00,0x00,0x04,0x1d,0x37,0x50,0x6a,0x83,0x9d,0x8a,0x71,0x57,0x3e,0x24,0x0b,0x00,0x00,0x00,0x00,0x00,0x06,0x16,0x25,0x39,0x53,0x6c,0x86,0x9f,0x8c,0x72,0x59,0x4b,0x4b,0x44,0x34,0x20,0x0a,0x00,0x00,0x00,0x00,0x00,0x00,
    0x00,0x00,0x00,0x11,0x2b,0x44,0x5e,0x77,0x91,0x96,0x89,0x6f,0x56,0x3c,0x23,0x09,0x00,0x00,0x00,0x0a,0x21,0x37,0x4d,0x61,0x73,0x82,0x8d,0x93,0x96,0x96,0x96,0x94,0x8f,0x85,0x77,0x66,0x52,0x3d,0x27,0x10,0x00,0x00,0x00,0x00,0x00,0x06,0x20,0x39,0x53,0x6c,
    0x86,0x96,0x8c,0x72,0x59,0x3f,0x26,0x0c,0x00,0x00,0x00,0x00,0x00,0x00,0x12,0x2b,0x45,0x5e,0x78,0x91,0x95,0x7c,0x62,0x75,0x8e,0x96,0x7f,0x65,0x4c,0x32,0x19,0x00,0x00,0x00,0x00,0x00,0x00,0x00,0x15,0x2d,0x44,0x5a,0x6f,0x82,0x8f,0x96,0x96,0x93,0x88,0x78,
    0x64,0x4e,0x37,0x1f,0x07,0x00,0x00,0x00,0x00,0x00,0x00,0x00,0x00,0x00,0x00,0x00,0x00,0x14,0x2b,0x41,0x57,0x6b,0x7c,0x89,0x91,0x95,0x96,0x96,0x96,0x89,0x6f,0x56,0x3c,0x23,0x09,0x00,0x00,0x00,0x00,0x00,0x00,0x00,0x00,0x11,0x28,0x3e,0x53,0x67,0x78,0x86,
    0x90,0x95,0x96,0x96,0x92,0x8a,0x7d,0x6c,0x59,0x44,0x2e,0x17,0x00,0x00,0x00,0x00,0x05,0x1e,0x37,0x4f,0x65,0x71,0x7a,0x83,0x8c,0x95,0x96,0x96,0x7f,0x66,0x4c,0x33,0x19,0x00,0x00,0x00,0x00,0x00,0x00,0x00,0x0d,0x26,0x40,0x59,0x73,0x8c,0x96,0x96,0x96,0x95,
    0x91,0x88,0x7b,0x6a,0x57,0x42,0x2c,0x15,0x00,0x00,0x00,0x00,0x00,0x10,0x2a,0x43,0x5d,0x76,0x90,0x96,0x96,0x96,0x95,0x91,0x89,0x7c,0x6b,0x58,0x42,0x2c,0x15,0x00,0x00,0x00,0x00,0x00,0x00,0x00,0x00,0x10,0x29,0x41,0x5a,0x73,0x8c,0x96,0x82,0x69,0x50,0x37,
    0x1e,0x05,0x00,0x00,0x00,0x00,0x00,0x00,0x00,0x00,0x00,0x09,0x23,0x3c,0x56,0x6f,0x89,0x96,0x96,0x96,0x96,0x96,0x96,0x96,0x8b,0x72,0x58,0x3f,0x25,0x0c,0x00,0x00,0x00,0x00,0x00,0x00,0x00,0x00,0x00,0x00,0x00,0x00,0x00,0x00,0x00,0x00,0x00,0x00,0x00,0x0d,
    0x24,0x3b,0x52,0x68,0x7d,0x92,0x94,0x7f,0x6b,0x57,0x43,0x2e,0x18,0x01,0x00,0x00,0x00,0x12,0x28,0x3d,0x51,0x65,0x79,0x8e,0x98,0x83,0x6d,0x57,0x41,0x2a,0x13,0x00,0x00,0x00,0x00,0x06,0x1f,0x39,0x52,0x6c,0x85,0x9f,0x92,0x90,0x90,0x90,0x8c,0x73,0x59,0x40,
    0x26,0x0d,0x00,0x00,0x00,0x06,0x1f,0x39,0x52,0x6c,0x85,0x90,0x90,0x90,0x90,0x9f,0x8c,0x73,0x59,0x40,0x26,0x0d,0x00,0x00,0x00,0x00,0x00,0x00,0x09,0x22,0x3b,0x54,0x6d,0x85,0x9b,0x94,0x8d,0x8c,0x81,0x67,0x4e,0x34,0x1b,0x01,0x00,0x00,0x00,0x14,0x2e,0x47,
    0x61,0x7a,0x8c,0x8c,0x91,0xa0,0x8b,0x73,0x5a,0x41,0x28,0x0f,0x00,0x00,0x00,0x00,0x00,0x00,0x00,0x00,0x00,0x00,0x00,0x00,0x00,0x00,0x00,0x00,0x13,0x2b,0x43,0x5b,0x72,0x8a,0x9d,0x85,0x6e,0x56,0x3e,0x26,0x0e,0x00,0x00,0x00,0x00,0x08,0x20,0x37,0x4f,0x67,
    0x7f,0x96,0x91,0x79,0x61,0x49,0x32,0x1a,0x02,0x00,0x00,0x00,0x00,0x00,0x00,0x00,0x00,0x00,0x00,0x00,0x00,0x04,0x1d,0x37,0x50,0x6a,0x83,0x9d,0x8a,0x71,0x57,0x3e,0x24,0x0b,0x00,0x00,0x00,0x00,0x04,0x17,0x2a,0x3a,0x48,0x54,0x6c,0x86,0x9f,0x8c,0x72,0x64,
    0x64,0x64,0x58,0x43,0x2b,0x13,0x00,0x00,0x00,0x00,0x00,0x00,0x00,0x04,0x0b,0x11,0x2b,0x44,0x5e,0x77,0x91,0x98,0x89,0x6f,0x56,0x3c,0x23,0x09,0x00,0x00,0x00,0x13,0x2b,0x43,0x5a,0x70,0x85,0x97,0x9c,0x91,0x8d,0x8d,0x8d,0x90,0x99,0x9b,0x8a,0x76,0x60,0x49,
    0x31,0x19,0x01,0x00,0x00,0x00,0x00,0x06,0x20,0x39,0x53,0x6c,0x86,0x9f,0x8c,0x72,0x59,0x3f,0x26,0x0c,0x00,0x00,0x00,0x00,0x00,0x08,0x17,0x2b,0x45,0x5e,0x78,0x91,0x95,0x7c,0x62,0x75,0x8e,0x98,0x7f,0x65,0x4c,0x32,0x1a,0x0d,0x00,0x00,0x00,0x00,0x00,0x03,
    0x1c,0x34,0x4d,0x65,0x7d,0x93,0x8f,0x82,0x80,0x88,0x9a,0x87,0x70,0x58,0x3f,0x26,0x0e,0x00,0x00,0x00,0x00,0x00,0x00,0x00,0x00,0x00,0x00,0x00,0x04,0x1c,0x34,0x4c,0x64,0x7a,0x8f,0x9f,0x93,0x8d,0x8c,0x8c,0x8c,0x89,0x6f,0x56,0x3c,0x23,0x09,0x00,0x00,0x00,
    0x00,0x00,0x00,0x00,0x02,0x1a,0x32,0x4a,0x61,0x77,0x8b,0x9c,0x98,0x8e,0x8c,0x8d,0x94,0xa0,0x90,0x7d,0x67,0x50,0x39,0x21,0x09,0x00,0x00,0x00,0x06,0x20,0x39,0x53,0x6c,0x86,0x92,0x9b,0x9a,0x91,0x98,0x99,0x7f,0x66,0x4c,0x33,0x19,0x00,0x00,0x00,0x00,0x00,
    0x00,0x00,0x0d,0x26,0x40,0x59,0x73,0x8c,0x8d,0x8d,0x8d,0x8e,0x96,0x9e,0x8e,0x7b,0x65,0x4e,0x37,0x1f,0x07,0x00,0x00,0x00,0x00,0x10,0x2a,0x43,0x5d,0x76,0x8c,0x8c,0x8c,0x8c,0x8d,0x93,0xa0,0x8f,0x7b,0x65,0x4e,0x36,0x1e,0x05,0x00,0x00,0x00,0x00,0x00,0x00,
    0x00,0x16,0x2e,0x47,0x60,0x79,0x92,0x96,0x7d,0x64,0x4b,0x32,0x19,0x00,0x00,0x00,0x00,0x00,0x00,0x00,0x00,0x00,0x00,0x09,0x23,0x3c,0x56,0x6f,0x89,0xa2,0x8f,0x8c,0x8c,0x8c,0x8c,0x8c,0x8b,0x72,0x58,0x3f,0x25,0x0c,0x00,0x00,0x00,0x00,0x00,0x00,0x00,0x00,
    0x00,0x00,0x00,0x00,0x00,0x00,0x00,0x00,0x00,0x00,0x00,0x17,0x2f,0x46,0x5d,0x74,0x8a,0x9c,0x86,0x71,0x5c,0x47,0x33,0x1f,0x0b,0x00,0x00,0x00,0x00,0x05,0x19,0x2d,0x41,0x56,0x6b,0x80,0x96,0x90,0x7a,0x63,0x4c,0x35,0x1d,0x05,0x00,0x00,0x00,0x06,0x1f,0x39,
    0x52,0x6c,0x85,0x9f,0x88,0x77,0x77,0x77,0x77,0x70,0x58,0x3f,0x26,0x0c,0x00,0x00,0x00,0x05,0x1f,0x38,0x51,0x6a,0x77,0x77,0x77,0x77,0x81,0x9b,0x8c,0x73,0x59,0x40,0x26,0x0d,0x00,0x00,0x00,0x00,0x00,0x00,0x0c,0x26,0x3f,0x58,0x72,0x8b,0x9a,0x82,0x73,0x73,
    0x73,0x64,0x4c,0x33,0x1a,0x00,0x00,0x00,0x00,0x14,0x2d,0x46,0x5e,0x72,0x73,0x73,0x7c,0x94,0x91,0x78,0x5f,0x45,0x2c,0x12,0x00,0x00,0x00,0x00,0x00,0x00,0x00,0x00,0x00,0x00,0x00,0x00,0x00,0x00,0x00,0x05,0x1c,0x34,0x4c,0x64,0x7b,0x93,0x94,0x7c,0x64,0x4d,
    0x35,0x1d,0x05,0x00,0x00,0x00,0x00,0x00,0x16,0x2e,0x46,0x5e,0x75,0x8d,0x9a,0x82,0x6a,0x53,0x3b,0x23,0x0b,0x00,0x00,0x00,0x00,0x00,0x00,0x00,0x00,0x00,0x00,0x00,0x00,0x04,0x1d,0x37,0x50,0x6a,0x83,0x9d,0x8a,0x71,0x57,0x3e,0x24,0x0b,0x00,0x00,0x00,0x00,
    0x12,0x27,0x3b,0x4e,0x5e,0x6b,0x74,0x86,0x9f,0x8c,0x7e,0x7e,0x7e,0x7c,0x63,0x49,0x30,0x16,0x00,0x00,0x00,0x00,0x00,0x00,0x0d,0x1b,0x24,0x26,0x2b,0x44,0x5e,0x77,0x7f,0x7f,0x7f,0x6f,0x56,0x3c,0x23,0x09,0x00,0x00,0x01,0x19,0x32,0x4b,0x63,0x7b,0x93,0x9c,
    0x88,0x7a,0x74,0x74,0x74,0x77,0x84,0x96,0x99,0x82,0x6a,0x52,0x39,0x20,0x07,0x00,0x00,0x00,0x00,0x06,0x20,0x39,0x53,0x6c,0x86,0x9f,0x8c,0x72,0x59,0x3f,0x26,0x0c,0x00,0x00,0x00,0x00,0x05,0x1a,0x2c,0x39,0x45,0x5e,0x78,0x91,0x95,0x7c,0x62,0x75,0x8e,0x98,
    0x7f,0x65,0x4c,0x3c,0x30,0x1f,0x0b,0x00,0x00,0x00,0x00,0x07,0x20,0x39,0x52,0x6c,0x85,0x9a,0x81,0x6b,0x67,0x77,0x8f,0x90,0x77,0x5d,0x44,0x2b,0x11,0x00,0x00,0x00,0x00,0x00,0x00,0x00,0x00,0x00,0x00,0x00,0x09,0x22,0x3b,0x54,0x6d,0x85,0x9d,0x91,0x7d,0x74,
    0x73,0x73,0x73,0x73,0x6b,0x54,0x3b,0x22,0x09,0x00,0x00,0x00,0x00,0x00,0x00,0x00,0x08,0x21,0x3a,0x52,0x6b,0x83,0x9a,0x95,0x82,0x76,0x73,0x74,0x7e,0x90,0xa0,0x89,0x71,0x59,0x41,0x28,0x0f,0x00,0x00,0x00,0x06,0x20,0x39,0x53,0x6c,0x86,0x94,0x8b,0x82,0x79,
    0x92,0x99,0x7f,0x66,0x4c,0x33,0x19,0x00,0x00,0x00,0x00,0x00,0x00,0x00,0x0c,0x25,0x3f,0x57,0x6e,0x74,0x74,0x74,0x74,0x75,0x80,0x91,0x9e,0x87,0x70,0x58,0x3f,0x26,0x0d,0x00,0x00,0x00,0x00,0x0f,0x29,0x42,0x5a,0x70,0x73,0x73,0x73,0x73,0x74,0x7d,0x90,0x9e,
    0x86,0x6e,0x56,0x3d,0x24,0x0b,0x00,0x00,0x00,0x00,0x00,0x00,0x03,0x1b,0x34,0x4d,0x66,0x7f,0x98,0x90,0x77,0x5e,0x45,0x2d,0x14,0x00,0x00,0x00,0x00,0x00,0x00,0x00,0x00,0x00,0x00,0x09,0x23,0x3c,0x56,0x6f,0x89,0xa2,0x88,0x73,0x73,0x73,0x73,0x73,0x73,0x6d,
    0x56,0x3d,0x24,0x0b,0x00,0x00,0x00,0x00,0x00,0x00,0x00,0x00,0x00,0x00,0x00,0x00,0x00,0x00,0x00,0x00,0x00,0x00,0x07,0x20,0x38,0x50,0x68,0x7f,0x96,0x91,0x7a,0x63,0x4d,0x38,0x23,0x0f,0x00,0x00,0x00,0x00,0x00,0x00,0x09,0x1e,0x32,0x47,0x5d,0x73,0x8a,0x9c,
    0x85,0x6e,0x56,0x3e,0x26,0x0e,0x00,0x00,0x00,0x06,0x1f,0x39,0x52,0x6c,0x85,0x9f,0x88,0x6f,0x5d,0x5d,0x5d,0x5b,0x4c,0x37,0x20,0x08,0x00,0x00,0x00,0x01,0x19,0x31,0x47,0x58,0x5d,0x5d,0x5d,0x68,0x81,0x9b,0x8c,0x73,0x59,0x40,0x26,0x0d,0x00,0x00,0x00,0x00,
    0x00,0x00,0x0d,0x27,0x40,0x5a,0x73,0x8d,0x98,0x7f,0x65,0x59,0x59,0x52,0x41,0x2b,0x14,0x00,0x00,0x00,0x00,0x0e,0x25,0x3c,0x4e,0x59,0x59,0x5f,0x78,0x92,0x93,0x7a,0x60,0x47,0x2d,0x14,0x00,0x00,0x00,0x00,0x00,0x00,0x00,0x00,0x00,0x00,0x00,0x00,0x00,0x00,
    0x00,0x0e,0x26,0x3d,0x55,0x6d,0x85,0x9c,0x8b,0x73,0x5b,0x43,0x2c,0x14,0x00,0x00,0x00,0x00,0x00,0x00,0x0d,0x25,0x3d,0x54,0x6c,0x84,0x9c,0x8b,0x74,0x5c,0x44,0x2c,0x14,0x00,0x00,0x00,0x00,0x00,0x00,0x00,0x00,0x00,0x00,0x00,0x00,0x04,0x1d,0x37,0x50,0x6a,
    0x83,0x9d,0x8a,0x71,0x57,0x3e,0x24,0x0b,0x00,0x00,0x00,0x07,0x1e,0x35,0x4b,0x5f,0x72,0x81,0x8c,0x94,0xa4,0x9a,0x97,0x97,0x96,0x7c,0x63,0x49,0x30,0x16,0x00,0x00,0x00,0x00,0x00,0x0b,0x20,0x31,0x3c,0x40,0x40,0x40,0x55,0x64,0x65,0x65,0x65,0x61,0x4e,0x37,
    0x1f,0x06,0x00,0x00,0x04,0x1e,0x37,0x50,0x69,0x83,0x9b,0x91,0x79,0x64,0x5a,0x5a,0x5a,0x60,0x73,0x8a,0xa2,0x89,0x70,0x57,0x3e,0x25,0x0c,0x00,0x00,0x00,0x00,0x06,0x20,0x39,0x53,0x6c,0x86,0x9f,0x8c,0x72,0x59,0x3f,0x26,0x0c,0x00,0x00,0x00,0x00,0x11,0x28,
    0x3e,0x50,0x58,0x5e,0x78,0x91,0x95,0x7c,0x62,0x75,0x8e,0x98,0x7f,0x65,0x58,0x53,0x43,0x2e,0x17,0x00,0x00,0x00,0x00,0x08,0x22,0x3b,0x55,0x6e,0x87,0x97,0x7e,0x64,0x59,0x73,0x8c,0x93,0x79,0x60,0x46,0x2d,0x13,0x00,0x00,0x00,0x00,0x00,0x00,0x00,0x00,0x00,
    0x00,0x00,0x0c,0x26,0x3f,0x58,0x72,0x8b,0xa1,0x88,0x6f,0x5b,0x59,0x59,0x59,0x59,0x56,0x47,0x32,0x1b,0x0e,0x07,0x00,0x00,0x00,0x00,0x00,0x00,0x0c,0x25,0x3f,0x58,0x71,0x8a,0xa0,0x88,0x71,0x5f,0x59,0x5c,0x6c,0x81,0x99,0x91,0x78,0x5f,0x46,0x2c,0x13,0x00,
    0x00,0x00,0x06,0x20,0x39,0x53,0x6c,0x84,0x7c,0x73,0x6a,0x78,0x92,0x99,0x7f,0x66,0x4c,0x33,0x19,0x00,0x00,0x00,0x00,0x00,0x00,0x00,0x07,0x1f,0x36,0x4a,0x58,0x5a,0x5a,0x5a,0x5a,0x5d,0x6e,0x84,0x9c,0x8f,0x76,0x5d,0x44,0x2b,0x12,0x00,0x00,0x00,0x00,0x0a,
    0x21,0x38,0x4c,0x58,0x59,0x59,0x59,0x59,0x5a,0x6e,0x86,0x9f,0x8d,0x73,0x5a,0x41,0x27,0x0e,0x00,0x00,0x00,0x00,0x00,0x00,0x08,0x21,0x3a,0x53,0x6c,0x85,0x9d,0x8b,0x72,0x59,0x40,0x27,0x1c,0x16,0x0b,0x00,0x00,0x00,0x00,0x00,0x00,0x00,0x00,0x09,0x23,0x3c,
    0x56,0x6f,0x89,0xa2,0x88,0x6f,0x59,0x59,0x59,0x59,0x59,0x57,0x49,0x34,0x1d,0x06,0x00,0x00,0x00,0x00,0x00,0x00,0x00,0x00,0x00,0x00,0x00,0x00,0x00,0x00,0x00,0x00,0x00,0x00,0x0e,0x26,0x3f,0x58,0x70,0x89,0xa0,0x87,0x6f,0x58,0x41,0x2a,0x15,0x00,0x00,0x00,
    0x00,0x00,0x00,0x00,0x00,0x0f,0x24,0x3a,0x51,0x69,0x81,0x99,0x8f,0x77,0x5e,0x46,0x2d,0x14,0x00,0x00,0x00,0x06,0x1f,0x39,0x52,0x6c,0x85,0x9f,0x88,0x6f,0x55,0x44,0x44,0x42,0x39,0x28,0x14,0x00,0x00,0x00,0x00,0x00,0x0e,0x23,0x35,0x41,0x44,0x44,0x4e,0x68,
    0x81,0x9b,0x8c,0x73,0x59,0x40,0x26,0x0d,0x00,0x00,0x00,0x00,0x00,0x00,0x0d,0x27,0x40,0x5a,0x73,0x8d,0x98,0x7f,0x65,0x4c,0x40,0x3b,0x2f,0x1d,0x08,0x00,0x00,0x00,0x00,0x03,0x18,0x2b,0x39,0x40,0x45,0x5f,0x78,0x92,0x93,0x7a,0x60,0x47,0x2d,0x14,0x00,0x00,
    0x00,0x00,0x00,0x00,0x00,0x00,0x00,0x00,0x00,0x00,0x00,0x00,0x00,0x17,0x2f,0x47,0x5e,0x76,0x8e,0x99,0x81,0x6a,0x52,0x3a,0x22,0x0b,0x00,0x00,0x00,0x00,0x00,0x00,0x04,0x1c,0x33,0x4b,0x63,0x7b,0x93,0x95,0x7d,0x65,0x4d,0x35,0x1e,0x06,0x00,0x00,0x00,0x00,
    0x00,0x00,0x00,0x00,0x00,0x00,0x00,0x04,0x1d,0x37,0x50,0x6a,0x83,0x9d,0x8a,0x71,0x57,0x3e,0x24,0x0b,0x00,0x00,0x00,0x10,0x28,0x40,0x57,0x6e,0x83,0x96,0x9d,0x91,0x8c,0x8c,0x8c,0x8c,0x8c,0x7c,0x63,0x49,0x30,0x16,0x00,0x00,0x00,0x00,0x00,0x17,0x2e,0x44,
    0x54,0x59,0x59,0x59,0x59,0x59,0x59,0x59,0x59,0x55,0x44,0x2f,0x18,0x00,0x00,0x00,0x06,0x20,0x39,0x53,0x6c,0x86,0x9f,0x8d,0x73,0x5a,0x41,0x41,0x41,0x53,0x6c,0x86,0x9f,0x8d,0x73,0x5a,0x40,0x27,0x0e,0x00,0x00,0x00,0x00,0x06,0x20,0x39,0x53,0x6c,0x86,0x9f,
    0x8c,0x72,0x59,0x3f,0x26,0x0c,0x00,0x00,0x00,0x00,0x17,0x30,0x49,0x61,0x72,0x72,0x78,0x91,0x95,0x7c,0x72,0x75,0x8e,0x98,0x7f,0x72,0x72,0x67,0x50,0x37,0x1e,0x05,0x00,0x00,0x00,0x08,0x22,0x3b,0x55,0x6e,0x88,0x97,0x7e,0x64,0x59,0x73,0x8c,0x93,0x79,0x60,
    0x46,0x2d,0x13,0x0d,0x11,0x14,0x13,0x0d,0x01,0x00,0x00,0x00,0x00,0x00,0x0d,0x27,0x40,0x5a,0x73,0x8d,0xa0,0x86,0x6d,0x53,0x40,0x40,0x40,0x40,0x3e,0x33,0x28,0x28,0x27,0x1f,0x12,0x00,0x00,0x00,0x00,0x00,0x0e,0x27,0x41,0x5a,0x74,0x8d,0x9d,0x84,0x6a,0x51,
    0x40,0x54,0x69,0x7e,0x96,0x94,0x7b,0x61,0x48,0x2f,0x15,0x00,0x00,0x00,0x05,0x1e,0x37,0x4f,0x65,0x6c,0x64,0x5b,0x5f,0x78,0x92,0x99,0x7f,0x66,0x4c,0x33,0x19,0x00,0x00,0x00,0x00,0x00,0x00,0x00,0x00,0x12,0x26,0x36,0x3f,0x41,0x41,0x41,0x41,0x4d,0x66,0x80,
    0x99,0x93,0x7a,0x60,0x47,0x2d,0x14,0x00,0x00,0x00,0x00,0x00,0x14,0x28,0x37,0x3f,0x40,0x40,0x40,0x40,0x51,0x6b,0x84,0x9e,0x8e,0x75,0x5b,0x42,0x28,0x0f,0x00,0x00,0x00,0x00,0x00,0x00,0x0e,0x27,0x40,0x59,0x72,0x8a,0x9e,0x85,0x6d,0x54,0x3b,0x36,0x35,0x2e,
    0x20,0x0e,0x00,0x00,0x00,0x00,0x00,0x00,0x00,0x09,0x23,0x3c,0x56,0x6f,0x89,0xa2,0x88,0x6f,0x55,0x40,0x40,0x40,0x40,0x3e,0x35,0x25,0x11,0x00,0x00,0x00,0x00,0x00,0x00,0x00,0x00,0x00,0x00,0x00,0x00,0x00,0x00,0x00,0x00,0x00,0x00,0x00,0x12,0x2c,0x45,0x5e,
    0x77,0x90,0x99,0x80,0x68,0x4f,0x37,0x1f,0x08,0x00,0x00,0x00,0x00,0x00,0x00,0x00,0x00,0x01,0x18,0x30,0x49,0x61,0x7a,0x93,0x96,0x7d,0x64,0x4b,0x32,0x19,0x00,0x00,0x00,0x06,0x1f,0x39,0x52,0x6c,0x85,0x9f,0x88,0x6f,0x55,0x3c,0x2a,0x29,0x22,0x15,0x04,0x00,
    0x00,0x00,0x00,0x00,0x00,0x11,0x1f,0x28,0x2a,0x35,0x4e,0x68,0x81,0x9b,0x8c,0x73,0x59,0x40,0x26,0x0d,0x00,0x00,0x00,0x00,0x00,0x00,0x0d,0x27,0x40,0x5a,0x73,0x8d,0x98,0x7f,0x65,0x4c,0x32,0x23,0x19,0x0b,0x00,0x00,0x00,0x00,0x00,0x00,0x07,0x16,0x21,0x2c,
    0x45,0x5f,0x78,0x92,0x93,0x7a,0x60,0x47,0x2d,0x14,0x00,0x00,0x00,0x00,0x00,0x00,0x00,0x00,0x00,0x00,0x00,0x00,0x00,0x00,0x08,0x20,0x38,0x50,0x68,0x7f,0x97,0x90,0x78,0x60,0x49,0x31,0x19,0x01,0x00,0x00,0x00,0x00,0x00,0x00,0x00,0x12,0x2a,0x42,0x5a,0x72,
    0x89,0x9e,0x86,0x6e,0x56,0x3f,0x27,0x0f,0x00,0x00,0x00,0x00,0x00,0x00,0x00,0x00,0x00,0x00,0x00,0x04,0x1d,0x37,0x50,0x6a,0x83,0x9d,0x8a,0x71,0x57,0x3e,0x24,0x0b,0x00,0x00,0x00,0x17,0x30,0x48,0x61,0x79,0x90,0x9e,0x8a,0x7a,0x73,0x73,0x73,0x73,0x73,0x72,
    0x60,0x48,0x2f,0x16,0x00,0x00,0x00,0x00,0x04,0x1d,0x37,0x50,0x67,0x73,0x73,0x73,0x73,0x73,0x73,0x73,0x73,0x68,0x51,0x38,0x1f,0x05,0x00,0x00,0x07,0x20,0x3a,0x53,0x6d,0x86,0xa0,0x8d,0x73,0x5a,0x40,0x27,0x39,0x53,0x6c,0x86,0x9f,0x8d,0x74,0x5a,0x41,0x27,
    0x0e,0x00,0x00,0x00,0x00,0x06,0x20,0x39,0x53,0x6c,0x86,0x9f,0x8c,0x72,0x59,0x3f,0x26,0x0c,0x00,0x00,0x00,0x00,0x18,0x31,0x4b,0x64,0x7e,0x8b,0x8b,0x95,0x98,0x8b,0x8b,0x8b,0x92,0x9b,0x8b,0x8b,0x85,0x6c,0x52,0x39,0x1f,0x06,0x00,0x00,0x00,0x08,0x21,0x3b,
    0x54,0x6e,0x87,0x97,0x7e,0x64,0x59,0x73,0x8c,0x92,0x79,0x5f,0x46,0x2c,0x23,0x27,0x2a,0x2e,0x2d,0x24,0x16,0x04,0x00,0x00,0x00,0x00,0x0d,0x27,0x40,0x5a,0x73,0x8d,0xa0,0x86,0x6d,0x53,0x42,0x42,0x42,0x42,0x42,0x42,0x42,0x42,0x40,0x35,0x24,0x10,0x00,0x00,
    0x00,0x00,0x0e,0x28,0x41,0x5b,0x74,0x8e,0x9d,0x84,0x6a,0x51,0x4d,0x62,0x77,0x8c,0xa1,0x95,0x7b,0x62,0x48,0x2f,0x15,0x00,0x00,0x00,0x00,0x16,0x2d,0x41,0x50,0x54,0x4c,0x45,0x5f,0x78,0x92,0x99,0x7f,0x66,0x4c,0x33,0x19,0x00,0x00,0x00,0x00,0x00,0x00,0x00,
    0x00,0x02,0x12,0x1f,0x26,0x27,0x27,0x27,0x33,0x4d,0x66,0x80,0x99,0x93,0x7a,0x60,0x47,0x2d,0x14,0x00,0x00,0x00,0x00,0x00,0x04,0x14,0x20,0x26,0x26,0x26,0x26,0x38,0x51,0x6b,0x84,0x9e,0x8e,0x75,0x5b,0x42,0x28,0x0f,0x00,0x00,0x00,0x00,0x00,0x00,0x14,0x2d,
    0x46,0x5e,0x77,0x90,0x99,0x80,0x67,0x50,0x50,0x50,0x4f,0x44,0x32,0x1c,0x05,0x00,0x00,0x00,0x00,0x00,0x00,0x09,0x23,0x3c,0x56,0x6f,0x89,0xa2,0x88,0x6f,0x55,0x3c,0x2d,0x26,0x26,0x25,0x1e,0x11,0x01,0x00,0x00,0x00,0x00,0x00,0x00,0x00,0x00,0x00,0x00,0x00,
    0x00,0x00,0x00,0x00,0x00,0x00,0x00,0x00,0x16,0x2f,0x49,0x62,0x7b,0x94,0x95,0x7c,0x62,0x49,0x30,0x17,0x00,0x00,0x00,0x00,0x00,0x00,0x00,0x00,0x00,0x00,0x11,0x2a,0x43,0x5c,0x75,0x8e,0x9b,0x82,0x69,0x50,0x36,0x1d,0x04,0x00,0x00,0x06,0x1f,0x39,0x52,0x6c,
    0x85,0x9f,0x88,0x6f,0x55,0x3c,0x22,0x10,0x0a,0x00,0x00,0x00,0x00,0x00,0x00,0x00,0x00,0x00,0x08,0x0f,0x1b,0x35,0x4e,0x68,0x81,0x9b,0x8c,0x73,0x59,0x40,0x26,0x0d,0x00,0x00,0x00,0x00,0x00,0x00,0x0d,0x27,0x40,0x5a,0x73,0x8d,0x98,0x7f,0x65,0x4c,0x32,0x19,
    0x02,0x00,0x00,0x00,0x00,0x00,0x00,0x00,0x00,0x00,0x12,0x2c,0x45,0x5f,0x78,0x92,0x93,0x7a,0x60,0x47,0x2d,0x14,0x00,0x00,0x00,0x00,0x00,0x00,0x00,0x00,0x00,0x00,0x00,0x00,0x00,0x00,0x12,0x29,0x41,0x59,0x71,0x89,0x9f,0x87,0x6f,0x57,0x3f,0x28,0x10,0x00,
    0x00,0x00,0x00,0x00,0x00,0x00,0x00,0x09,0x21,0x39,0x51,0x68,0x80,0x98,0x8f,0x77,0x60,0x48,0x30,0x18,0x00,0x00,0x00,0x00,0x00,0x00,0x00,0x00,0x00,0x00,0x00,0x04,0x1d,0x37,0x50,0x6a,0x83,0x9d,0x8a,0x71,0x57,0x3e,0x24,0x0b,0x00,0x00,0x02,0x1b,0x34,0x4d,
    0x67,0x80,0x99,0x93,0x7b,0x66,0x5a,0x59,0x59,0x59,0x59,0x59,0x50,0x3d,0x27,0x10,0x00,0x00,0x00,0x00,0x05,0x1e,0x38,0x51,0x6b,0x84,0x8c,0x8c,0x8c,0x8c,0x8c,0x8c,0x86,0x6c,0x53,0x39,0x20,0x06,0x00,0x00,0x07,0x20,0x3a,0x53,0x6d,0x86,0xa0,0x8d,0x73,0x5a,
    0x40,0x27,0x39,0x53,0x6c,0x86,0x9f,0x8d,0x74,0x5a,0x41,0x27,0x0e,0x00,0x00,0x00,0x00,0x06,0x20,0x39,0x53,0x6c,0x86,0x9f,0x8c,0x72,0x59,0x3f,0x26,0x0c,0x00,0x00,0x00,0x00,0x18,0x31,0x4b,0x64,0x7e,0x97,0x97,0x9d,0xa0,0x97,0x97,0x97,0x9c,0xa2,0x97,0x97,
    0x85,0x6c,0x52,0x39,0x1f,0x06,0x00,0x00,0x00,0x06,0x1f,0x38,0x51,0x6a,0x83,0x9b,0x85,0x72,0x6f,0x7b,0x92,0x8d,0x75,0x5c,0x43,0x39,0x3c,0x40,0x43,0x47,0x45,0x3a,0x28,0x13,0x00,0x00,0x00,0x00,0x0c,0x25,0x3e,0x57,0x70,0x89,0xa2,0x89,0x72,0x5f,0x5b,0x5b,
    0x5b,0x5b,0x5b,0x5b,0x5b,0x5b,0x58,0x48,0x33,0x1c,0x04,0x00,0x00,0x00,0x0e,0x28,0x41,0x5b,0x74,0x8e,0x9d,0x84,0x6a,0x51,0x5c,0x71,0x86,0x9b,0xae,0x95,0x7b,0x62,0x48,0x2f,0x15,0x00,0x00,0x00,0x00,0x09,0x1d,0x2d,0x38,0x3a,0x34,0x45,0x5f,0x78,0x92,0x99,
    0x7f,0x66,0x4c,0x33,0x19,0x00,0x00,0x00,0x00,0x00,0x00,0x00,0x00,0x00,0x00,0x07,0x0d,0x0e,0x0e,0x1a,0x33,0x4d,0x66,0x80,0x99,0x93,0x7a,0x60,0x47,0x2d,0x14,0x00,0x00,0x00,0x00,0x00,0x00,0x10,0x23,0x31,0x38,0x39,0x39,0x39,0x51,0x6b,0x84,0x9e,0x8e,0x75,
    0x5b,0x42,0x28,0x0f,0x00,0x00,0x00,0x00,0x00,0x01,0x1a,0x33,0x4b,0x64,0x7d,0x96,0x94,0x7b,0x62,0x69,0x69,0x69,0x67,0x55,0x3e,0x26,0x0d,0x00,0x00,0x00,0x00,0x00,0x00,0x09,0x23,0x3c,0x56,0x6f,0x89,0xa2,0x88,0x6f,0x55,0x4b,0x46,0x3f,0x34,0x27,0x18,0x07,
    0x00,0x00,0x00,0x00,0x00,0x00,0x00,0x00,0x00,0x00,0x00,0x00,0x00,0x00,0x00,0x00,0x00,0x00,0x00,0x00,0x19,0x32,0x4c,0x65,0x7e,0x98,0x92,0x79,0x60,0x46,0x2d,0x13,0x00,0x00,0x00,0x00,0x00,0x00,0x00,0x00,0x00,0x00,0x0d,0x26,0x3f,0x59,0x72,0x8b,0x9f,0x85,
    0x6c,0x53,0x39,0x20,0x06,0x00,0x00,0x06,0x1f,0x39,0x52,0x6c,0x85,0x9f,0x88,0x6f,0x55,0x3c,0x22,0x09,0x00,0x00,0x00,0x00,0x00,0x00,0x00,0x00,0x00,0x00,0x00,0x02,0x1b,0x35,0x4e,0x68,0x81,0x9b,0x8c,0x73,0x59,0x40,0x26,0x0d,0x00,0x00,0x00,0x00,0x00,0x00,
    0x0d,0x27,0x40,0x5a,0x73,0x8d,0x98,0x7f,0x65,0x4c,0x32,0x19,0x00,0x00,0x00,0x00,0x00,0x00,0x00,0x00,0x00,0x00,0x12,0x2c,0x45,0x5f,0x78,0x92,0x93,0x7a,0x60,0x47,0x2d,0x14,0x00,0x00,0x00,0x00,0x00,0x00,0x00,0x00,0x00,0x00,0x00,0x00,0x00,0x03,0x1b,0x33,
    0x4a,0x62,0x7a,0x92,0x95,0x7e,0x66,0x4e,0x36,0x1f,0x07,0x00,0x00,0x00,0x00,0x00,0x00,0x00,0x00,0x00,0x18,0x30,0x47,0x5f,0x77,0x8f,0x98,0x81,0x69,0x51,0x39,0x21,0x0a,0x00,0x00,0x00,0x00,0x00,0x00,0x00,0x00,0x00,0x00,0x04,0x1d,0x37,0x50,0x6a,0x83,0x9d,
    0x8a,0x71,0x57,0x3e,0x24,0x0b,0x00,0x00,0x03,0x1d,0x36,0x50,0x69,0x83,0x9c,0x90,0x76,0x5d,0x43,0x40,0x40,0x40,0x40,0x3f,0x39,0x2c,0x19,0x04,0x00,0x00,0x00,0x00,0x05,0x1e,0x38,0x51,0x6b,0x84,0x96,0x96,0x96,0x96,0x9a,0x9f,0x86,0x6c,0x53,0x39,0x20,0x06,
    0x00,0x00,0x07,0x20,0x3a,0x53,0x6d,0x86,0xa0,0x8d,0x73,0x5a,0x40,0x27,0x39,0x53,0x6c,0x86,0x9f,0x8d,0x74,0x5a,0x41,0x27,0x0e,0x00,0x00,0x00,0x00,0x06,0x20,0x39,0x53,0x6c,0x86,0x9f,0x8c,0x72,0x59,0x3f,0x26,0x0c,0x00,0x00,0x00,0x00,0x18,0x31,0x4b,0x64,
    0x7d,0x7e,0x7e,0x91,0x95,0x7e,0x7e,0x7e,0x8e,0x98,0x7f,0x7e,0x7e,0x6c,0x52,0x39,0x1f,0x06,0x00,0x00,0x00,0x01,0x1a,0x32,0x4b,0x62,0x79,0x8e,0x95,0x8a,0x88,0x8f,0x96,0x83,0x6c,0x55,0x4e,0x52,0x55,0x59,0x5d,0x60,0x5d,0x4c,0x36,0x1e,0x05,0x00,0x00,0x00,
    0x07,0x20,0x39,0x51,0x69,0x81,0x96,0x95,0x83,0x77,0x75,0x75,0x75,0x75,0x75,0x75,0x75,0x75,0x6c,0x55,0x3c,0x22,0x09,0x00,0x00,0x00,0x0e,0x28,0x41,0x5b,0x74,0x8e,0x9d,0x84,0x6a,0x55,0x6a,0x7f,0x94,0x9a,0xa2,0x95,0x7b,0x62,0x48,0x2f,0x15,0x00,0x00,0x00,
    0x00,0x00,0x0a,0x17,0x1f,0x21,0x2c,0x45,0x5f,0x78,0x92,0x99,0x7f,0x66,0x4c,0x33,0x19,0x00,0x00,0x00,0x00,0x00,0x00,0x00,0x00,0x00,0x00,0x00,0x00,0x00,0x02,0x1a,0x34,0x4d,0x67,0x80,0x9a,0x93,0x79,0x60,0x46,0x2d,0x13,0x00,0x00,0x00,0x00,0x00,0x07,0x1f,
    0x34,0x47,0x52,0x53,0x53,0x53,0x57,0x6d,0x86,0x9f,0x8d,0x73,0x5a,0x41,0x27,0x0e,0x00,0x00,0x00,0x00,0x00,0x07,0x20,0x38,0x51,0x6a,0x83,0x9c,0x8e,0x75,0x69,0x83,0x83,0x83,0x75,0x5c,0x42,0x29,0x0f,0x00,0x00,0x00,0x00,0x00,0x00,0x09,0x23,0x3c,0x56,0x6f,
    0x89,0xa2,0x88,0x6f,0x66,0x64,0x5f,0x56,0x4b,0x3c,0x2b,0x19,0x05,0x00,0x00,0x00,0x00,0x00,0x00,0x00,0x00,0x00,0x00,0x00,0x00,0x00,0x00,0x00,0x00,0x00,0x00,0x01,0x1a,0x34,0x4d,0x67,0x80,0x9a,0x91,0x77,0x5e,0x44,0x2b,0x12,0x00,0x00,0x00,0x00,0x00,0x00,
    0x00,0x00,0x00,0x00,0x0a,0x24,0x3d,0x57,0x70,0x8a,0xa1,0x87,0x6e,0x54,0x3b,0x21,0x08,0x00,0x00,0x06,0x1f,0x39,0x52,0x6c,0x85,0x9f,0x88,0x6f,0x55,0x3c,0x22,0x09,0x00,0x00,0x00,0x00,0x00,0x00,0x00,0x00,0x00,0x00,0x00,0x02,0x1b,0x35,0x4e,0x68,0x81,0x9b,
    0x8c,0x73,0x59,0x40,0x26,0x0d,0x00,0x00,0x00,0x00,0x00,0x00,0x0d,0x27,0x40,0x5a,0x73,0x8d,0x98,0x7f,0x65,0x4c,0x32,0x19,0x00,0x00,0x00,0x00,0x00,0x00,0x00,0x00,0x00,0x00,0x12,0x2c,0x45,0x5f,0x78,0x92,0x93,0x7a,0x60,0x47,0x2d,0x14,0x00,0x00,0x00,0x00,
    0x00,0x00,0x00,0x00,0x00,0x00,0x00,0x00,0x00,0x0c,0x24,0x3c,0x54,0x6b,0x83,0x9b,0x8c,0x74,0x5d,0x45,0x2d,0x15,0x00,0x00,0x00,0x00,0x00,0x00,0x00,0x00,0x00,0x00,0x0f,0x26,0x3e,0x56,0x6e,0x86,0x9d,0x8a,0x72,0x5a,0x42,0x2b,0x13,0x00,0x00,0x00,0x00,0x00,
    0x00,0x00,0x00,0x00,0x00,0x04,0x1d,0x37,0x50,0x6a,0x83,0x9d,0x8a,0x71,0x57,0x3e,0x24,0x0b,0x00,0x00,0x04,0x1d,0x37,0x50,0x6a,0x83,0x9d,0x90,0x76,0x5d,0x43,0x2b,0x29,0x26,0x26,0x26,0x22,0x17,0x08,0x00,0x00,0x00,0x00,0x00,0x05,0x1e,0x38,0x51,0x6b,0x7d,
    0x7d,0x7d,0x7d,0x7d,0x8c,0x9f,0x86,0x6c,0x53,0x39,0x20,0x06,0x00,0x00,0x07,0x20,0x3a,0x53,0x6d,0x86,0xa0,0x8d,0x73,0x5a,0x40,0x27,0x39,0x53,0x6c,0x86,0x9f,0x8d,0x74,0x5a,0x41,0x27,0x0e,0x00,0x00,0x00,0x00,0x06,0x20,0x39,0x53,0x6c,0x86,0x9f,0x8c,0x72,
    0x59,0x3f,0x26,0x0c,0x00,0x00,0x00,0x00,0x14,0x2d,0x44,0x59,0x64,0x64,0x78,0x91,0x95,0x7c,0x64,0x75,0x8e,0x98,0x7f,0x65,0x64,0x5e,0x4b,0x34,0x1b,0x03,0x00,0x00,0x00,0x09,0x1e,0x2f,0x40,0x56,0x6a,0x7c,0x88,0x8d,0x8e,0x8b,0x81,0x72,0x60,0x64,0x68,0x6b,
    0x6f,0x72,0x76,0x79,0x6f,0x56,0x3c,0x23,0x09,0x00,0x00,0x00,0x01,0x19,0x30,0x48,0x5e,0x73,0x85,0x96,0x98,0x90,0x8e,0x8e,0x8e,0x8e,0x8e,0x8e,0x8e,0x89,0x6f,0x56,0x3c,0x23,0x09,0x00,0x00,0x00,0x0e,0x28,0x41,0x5b,0x74,0x8e,0x9d,0x84,0x6a,0x64,0x79,0x8e,
    0x97,0x82,0x96,0x95,0x7b,0x62,0x48,0x2f,0x15,0x00,0x00,0x00,0x00,0x00,0x00,0x00,0x06,0x12,0x2c,0x45,0x5f,0x78,0x92,0x99,0x7f,0x66,0x4c,0x33,0x19,0x00,0x00,0x00,0x00,0x00,0x00,0x00,0x00,0x00,0x00,0x00,0x00,0x00,0x10,0x25,0x3b,0x51,0x6a,0x83,0x9c,0x90,
    0x77,0x5d,0x44,0x2b,0x11,0x00,0x00,0x00,0x00,0x00,0x0f,0x28,0x40,0x58,0x6a,0x6c,0x6c,0x6c,0x6e,0x7b,0x8f,0x9d,0x86,0x6e,0x55,0x3d,0x24,0x0b,0x00,0x00,0x00,0x00,0x00,0x0d,0x25,0x3e,0x57,0x70,0x89,0xa2,0x89,0x70,0x69,0x83,0x9c,0x8f,0x75,0x5c,0x42,0x29,
    0x0f,0x00,0x00,0x00,0x00,0x00,0x00,0x09,0x23,0x3c,0x56,0x6f,0x89,0xa2,0x88,0x80,0x7f,0x7d,0x77,0x6d,0x60,0x4f,0x3d,0x28,0x12,0x00,0x00,0x00,0x00,0x00,0x00,0x00,0x00,0x00,0x00,0x00,0x00,0x00,0x00,0x00,0x00,0x00,0x00,0x01,0x1b,0x34,0x4e,0x67,0x81,0x9a,
    0x90,0x77,0x5d,0x44,0x2a,0x11,0x00,0x00,0x00,0x00,0x00,0x00,0x00,0x00,0x00,0x00,0x0a,0x23,0x3d,0x56,0x70,0x89,0xa2,0x88,0x6f,0x55,0x3c,0x22,0x09,0x00,0x00,0x06,0x1f,0x39,0x52,0x6c,0x85,0x9f,0x88,0x6f,0x55,0x3c,0x22,0x09,0x00,0x00,0x00,0x00,0x00,0x00,
    0x00,0x00,0x00,0x00,0x00,0x02,0x1b,0x35,0x4e,0x68,0x81,0x9b,0x8c,0x73,0x59,0x40,0x26,0x0d,0x00,0x00,0x00,0x00,0x00,0x06,0x15,0x27,0x40,0x5a,0x73,0x8d,0x98,0x7f,0x65,0x4c,0x32,0x19,0x00,0x00,0x00,0x00,0x00,0x00,0x00,0x00,0x00,0x00,0x12,0x2c,0x45,0x5f,
    0x78,0x92,0x93,0x7a,0x60,0x47,0x2d,0x18,0x0a,0x00,0x00,0x00,0x00,0x00,0x00,0x00,0x00,0x00,0x00,0x00,0x00,0x15,0x2d,0x45,0x5d,0x75,0x8c,0x9b,0x83,0x6b,0x53,0x3c,0x24,0x0c,0x00,0x00,0x00,0x00,0x00,0x00,0x00,0x00,0x00,0x00,0x05,0x1d,0x35,0x4d,0x65,0x7c,
    0x94,0x93,0x7b,0x63,0x4c,0x34,0x1c,0x04,0x00,0x00,0x00,0x00,0x00,0x00,0x00,0x00,0x00,0x04,0x1d,0x37,0x50,0x6a,0x83,0x9d,0x8a,0x71,0x57,0x3e,0x24,0x0b,0x00,0x00,0x03,0x1d,0x36,0x50,0x69,0x83,0x9c,0x90,0x76,0x5d,0x45,0x44,0x42,0x3c,0x34,0x28,0x1a,0x0a,
    0x00,0x00,0x00,0x00,0x00,0x00,0x02,0x1a,0x33,0x49,0x5d,0x63,0x63,0x63,0x63,0x72,0x8c,0x9f,0x86,0x6c,0x53,0x39,0x20,0x06,0x00,0x00,0x07,0x20,0x3a,0x53,0x6d,0x86,0xa0,0x8d,0x73,0x5a,0x40,0x27,0x39,0x53,0x6c,0x86,0x9f,0x8d,0x74,0x5a,0x41,0x27,0x0e,0x00,
    0x00,0x00,0x00,0x06,0x20,0x39,0x53,0x6c,0x86,0x9f,0x8c,0x72,0x59,0x3f,0x26,0x0c,0x00,0x00,0x00,0x00,0x0b,0x21,0x35,0x44,0x4b,0x5e,0x78,0x91,0x95,0x7c,0x62,0x75,0x8e,0x98,0x7f,0x65,0x4c,0x47,0x3a,0x27,0x12,0x00,0x00,0x00,0x00,0x15,0x2c,0x42,0x53,0x59,
    0x5d,0x66,0x6f,0x74,0x75,0x72,0x72,0x76,0x7a,0x7d,0x81,0x84,0x88,0x8c,0x8f,0x89,0x6f,0x56,0x3c,0x23,0x09,0x00,0x00,0x00,0x07,0x1f,0x37,0x4d,0x63,0x77,0x88,0x97,0x9a,0x95,0x94,0x94,0x94,0x9c,0x9e,0x94,0x94,0x89,0x6f,0x56,0x3c,0x23,0x09,0x00,0x00,0x00,
    0x0e,0x28,0x41,0x5b,0x74,0x8e,0x9d,0x84,0x6a,0x72,0x87,0x9c,0x89,0x7d,0x96,0x95,0x7b,0x62,0x48,0x2f,0x15,0x00,0x00,0x00,0x00,0x00,0x00,0x00,0x00,0x12,0x2c,0x45,0x5f,0x78,0x92,0x99,0x7f,0x66,0x4c,0x33,0x19,0x00,0x00,0x00,0x00,0x00,0x00,0x00,0x00,0x00,
    0x00,0x00,0x00,0x09,0x1e,0x33,0x49,0x5e,0x74,0x8a,0xa2,0x8a,0x71,0x59,0x40,0x27,0x0e,0x00,0x00,0x00,0x00,0x00,0x10,0x2a,0x43,0x5d,0x76,0x86,0x86,0x86,0x87,0x8f,0x9d,0x8d,0x79,0x64,0x4d,0x35,0x1d,0x05,0x00,0x00,0x00,0x00,0x00,0x12,0x2b,0x44,0x5d,0x76,
    0x8f,0x9c,0x83,0x6a,0x69,0x83,0x9c,0x8f,0x75,0x5c,0x42,0x29,0x0f,0x00,0x00,0x00,0x00,0x00,0x00,0x09,0x23,0x3c,0x56,0x6f,0x89,0xa2,0x9b,0x99,0x99,0x96,0x8f,0x83,0x73,0x60,0x4b,0x35,0x1e,0x06,0x00,0x00,0x00,0x00,0x00,0x00,0x00,0x00,0x00,0x00,0x00,0x00,
    0x00,0x00,0x00,0x00,0x00,0x02,0x1b,0x35,0x4e,0x68,0x81,0x9b,0x90,0x77,0x5d,0x44,0x2a,0x11,0x00,0x00,0x00,0x00,0x00,0x00,0x00,0x00,0x00,0x00,0x0a,0x23,0x3d,0x56,0x70,0x89,0xa2,0x88,0x6f,0x55,0x3c,0x22,0x09,0x00,0x00,0x06,0x1f,0x39,0x52,0x6c,0x85,0x9f,
    0x88,0x6f,0x55,0x3c,0x22,0x09,0x00,0x00,0x00,0x00,0x00,0x00,0x00,0x00,0x00,0x00,0x00,0x02,0x1b,0x35,0x4e,0x68,0x81,0x9b,0x8c,0x73,0x59,0x40,0x26,0x0d,0x00,0x00,0x00,0x00,0x02,0x17,0x2a,0x38,0x40,0x5a,0x73,0x8d,0x98,0x7f,0x65,0x4c,0x32,0x19,0x00,0x00,
    0x00,0x00,0x00,0x00,0x00,0x00,0x00,0x00,0x12,0x2c,0x45,0x5f,0x78,0x92,0x93,0x7a,0x60,0x47,0x3a,0x2e,0x1c,0x08,0x00,0x00,0x00,0x00,0x00,0x00,0x00,0x00,0x00,0x00,0x07,0x1f,0x36,0x4e,0x66,0x7e,0x96,0x92,0x7a,0x62,0x4a,0x32,0x1b,0x03,0x00,0x00,0x00,0x00,
    0x00,0x00,0x00,0x00,0x00,0x00,0x00,0x14,0x2c,0x44,0x5b,0x73,0x8b,0x9c,0x84,0x6d,0x55,0x3d,0x25,0x0e,0x00,0x00,0x00,0x00,0x00,0x00,0x00,0x00,0x00,0x04,0x1d,0x37,0x50,0x6a,0x83,0x9d,0x8a,0x71,0x57,0x3e,0x24,0x0b,0x00,0x00,0x01,0x1b,0x34,0x4d,0x66,0x7f,
    0x98,0x94,0x7c,0x67,0x5e,0x5e,0x5b,0x55,0x4b,0x3e,0x2e,0x1c,0x09,0x00,0x00,0x00,0x00,0x00,0x00,0x11,0x26,0x39,0x46,0x4a,0x4a,0x4a,0x59,0x72,0x8c,0x9f,0x86,0x6c,0x53,0x39,0x20,0x06,0x00,0x00,0x07,0x20,0x3a,0x53,0x6d,0x86,0xa0,0x8d,0x73,0x5a,0x40,0x27,
    0x39,0x53,0x6c,0x86,0x9f,0x8d,0x74,0x5a,0x41,0x27,0x0e,0x00,0x00,0x00,0x00,0x06,0x20,0x39,0x53,0x6c,0x86,0x9f,0x8c,0x72,0x59,0x3f,0x26,0x0c,0x00,0x00,0x00,0x00,0x00,0x11,0x21,0x2d,0x45,0x5e,0x78,0x91,0x95,0x7c,0x62,0x75,0x8e,0x98,0x7f,0x65,0x4c,0x32,
    0x25,0x16,0x03,0x00,0x00,0x00,0x02,0x1c,0x35,0x4e,0x65,0x73,0x76,0x7a,0x7d,0x81,0x85,0x88,0x8c,0x8f,0x93,0x96,0x97,0x93,0x90,0x8c,0x89,0x85,0x6f,0x56,0x3c,0x23,0x09,0x00,0x00,0x00,0x0f,0x27,0x40,0x58,0x70,0x86,0x9b,0x92,0x82,0x7b,0x7b,0x7b,0x7b,0x93,
    0x95,0x7c,0x7b,0x7b,0x6f,0x56,0x3c,0x23,0x09,0x00,0x00,0x00,0x0e,0x28,0x41,0x5b,0x74,0x8e,0x9d,0x84,0x6c,0x81,0x96,0x8f,0x7a,0x7d,0x96,0x95,0x7b,0x62,0x48,0x2f,0x15,0x00,0x00,0x00,0x00,0x00,0x00,0x00,0x00,0x12,0x2c,0x45,0x5f,0x78,0x92,0x99,0x7f,0x66,
    0x4c,0x33,0x19,0x00,0x00,0x00,0x00,0x00,0x00,0x00,0x00,0x00,0x00,0x00,0x03,0x18,0x2d,0x42,0x57,0x6c,0x81,0x97,0x97,0x80,0x69,0x51,0x39,0x21,0x08,0x00,0x00,0x00,0x00,0x00,0x10,0x2a,0x43,0x5d,0x76,0x90,0x9d,0x9d,0x9d,0xa2,0x95,0x81,0x72,0x5f,0x4a,0x34,
    0x1d,0x06,0x00,0x00,0x00,0x00,0x00,0x18,0x31,0x4a,0x63,0x7b,0x94,0x97,0x7e,0x65,0x69,0x83,0x9c,0x8f,0x75,0x5c,0x42,0x29,0x0f,0x00,0x00,0x00,0x00,0x00,0x00,0x09,0x23,0x3c,0x56,0x6f,0x89,0x8a,0x8a,0x8a,0x8a,0x8f,0x9c,0x98,0x84,0x6e,0x57,0x3f,0x27,0x0e,
    0x00,0x00,0x00,0x00,0x00,0x00,0x00,0x00,0x00,0x00,0x00,0x00,0x00,0x00,0x00,0x00,0x00,0x02,0x1b,0x35,0x4e,0x68,0x81,0x9b,0x90,0x77,0x5d,0x44,0x2a,0x11,0x00,0x00,0x00,0x00,0x00,0x00,0x00,0x00,0x00,0x00,0x0a,0x23,0x3d,0x56,0x70,0x89,0xa2,0x88,0x6f,0x55,
    0x3c,0x22,0x09,0x00,0x00,0x06,0x1f,0x39,0x52,0x6c,0x85,0x9f,0x88,0x6f,0x55,0x3c,0x22,0x09,0x00,0x00,0x00,0x00,0x00,0x00,0x00,0x00,0x00,0x00,0x00,0x02,0x1b,0x35,0x4e,0x68,0x81,0x9b,0x8c,0x73,0x59,0x40,0x26,0x0d,0x00,0x00,0x00,0x00,0x0d,0x25,0x3b,0x4e,
    0x58,0x5b,0x74,0x8d,0x98,0x7e,0x65,0x4b,0x32,0x18,0x00,0x00,0x00,0x00,0x00,0x00,0x00,0x00,0x00,0x00,0x12,0x2c,0x45,0x5f,0x78,0x91,0x94,0x7a,0x61,0x58,0x51,0x40,0x2b,0x13,0x00,0x00,0x00,0x00,0x00,0x00,0x00,0x00,0x00,0x00,0x10,0x28,0x40,0x57,0x6f,0x87,
    0x9f,0x88,0x71,0x59,0x41,0x29,0x11,0x00,0x00,0x00,0x00,0x00,0x00,0x00,0x00,0x00,0x00,0x00,0x00,0x0b,0x23,0x3a,0x52,0x6a,0x82,0x9a,0x8e,0x76,0x5e,0x46,0x2e,0x17,0x00,0x00,0x00,0x00,0x00,0x00,0x00,0x00,0x00,0x04,0x1d,0x37,0x50,0x6a,0x83,0x9d,0x8a,0x71,
    0x57,0x3e,0x24,0x0b,0x00,0x00,0x00,0x16,0x2f,0x48,0x60,0x78,0x90,0x9f,0x8b,0x7c,0x78,0x77,0x74,0x6d,0x61,0x52,0x40,0x2c,0x18,0x02,0x00,0x00,0x00,0x00,0x00,0x02,0x15,0x24,0x2e,0x30,0x30,0x3f,0x59,0x72,0x8c,0x9f,0x86,0x6c,0x53,0x39,0x20,0x06,0x00,0x00,
    0x07,0x20,0x3a,0x53,0x6d,0x86,0xa0,0x8d,0x73,0x5a,0x40,0x27,0x39,0x53,0x6c,0x86,0x9f,0x8d,0x74,0x5a,0x41,0x27,0x0e,0x00,0x00,0x00,0x00,0x06,0x20,0x39,0x53,0x6c,0x86,0x9f,0x8c,0x72,0x59,0x3f,0x26,0x0c,0x00,0x00,0x00,0x00,0x08,0x1d,0x30,0x3e,0x45,0x5e,
    0x78,0x91,0x95,0x7c,0x62,0x75,0x8e,0x98,0x7f,0x65,0x4c,0x41,0x35,0x23,0x0e,0x00,0x00,0x00,0x03,0x1c,0x36,0x4f,0x69,0x82,0x90,0x93,0x97,0x97,0x93,0x90,0x8c,0x89,0x85,0x81,0x7e,0x7a,0x77,0x73,0x6f,0x6c,0x65,0x51,0x39,0x20,0x07,0x00,0x00,0x00,0x13,0x2c,
    0x46,0x5f,0x78,0x90,0x9c,0x84,0x6e,0x62,0x61,0x61,0x79,0x93,0x95,0x7c,0x62,0x61,0x5d,0x4c,0x36,0x1e,0x06,0x00,0x00,0x00,0x0e,0x28,0x41,0x5b,0x74,0x8e,0x9d,0x84,0x7a,0x8f,0x96,0x81,0x6c,0x7d,0x96,0x95,0x7b,0x62,0x48,0x2f,0x15,0x00,0x00,0x00,0x00,0x00,
    0x00,0x00,0x00,0x12,0x2c,0x45,0x5f,0x78,0x92,0x99,0x7f,0x66,0x4c,0x33,0x19,0x00,0x00,0x00,0x00,0x00,0x00,0x00,0x00,0x00,0x00,0x00,0x12,0x27,0x3c,0x50,0x65,0x7a,0x8f,0x9f,0x89,0x74,0x5e,0x47,0x30,0x19,0x01,0x00,0x00,0x00,0x00,0x00,0x10,0x2a,0x43,0x5d,
    0x76,0x84,0x84,0x84,0x84,0x8a,0x97,0x96,0x83,0x6d,0x56,0x3f,0x26,0x0e,0x00,0x00,0x00,0x00,0x05,0x1e,0x37,0x50,0x68,0x81,0x9a,0x92,0x79,0x60,0x69,0x83,0x9c,0x8f,0x75,0x5c,0x42,0x2b,0x20,0x10,0x00,0x00,0x00,0x00,0x00,0x08,0x22,0x3b,0x53,0x69,0x70,0x70,
    0x70,0x70,0x70,0x78,0x89,0x9f,0x90,0x77,0x5f,0x46,0x2d,0x14,0x00,0x00,0x00,0x00,0x00,0x00,0x00,0x00,0x00,0x00,0x00,0x00,0x00,0x00,0x00,0x00,0x00,0x02,0x1b,0x35,0x4e,0x68,0x81,0x9b,0x90,0x77,0x5d,0x44,0x2a,0x11,0x00,0x00,0x00,0x00,0x00,0x00,0x00,0x00,
    0x00,0x00,0x0a,0x23,0x3d,0x56,0x70,0x89,0xa2,0x88,0x6f,0x55,0x3c,0x22,0x09,0x00,0x00,0x06,0x1f,0x39,0x52,0x6c,0x85,0x9f,0x88,0x6f,0x55,0x3c,0x22,0x09,0x00,0x00,0x00,0x00,0x00,0x00,0x00,0x00,0x00,0x00,0x00,0x02,0x1b,0x35,0x4e,0x68,0x81,0x9b,0x8c,0x73,
    0x59,0x40,0x26,0x0d,0x00,0x00,0x00,0x00,0x13,0x2d,0x46,0x5e,0x71,0x73,0x7d,0x93,0x92,0x7a,0x61,0x48,0x2f,0x16,0x00,0x00,0x00,0x00,0x00,0x00,0x00,0x00,0x00,0x00,0x10,0x29,0x42,0x5b,0x74,0x8c,0x99,0x82,0x74,0x72,0x64,0x4c,0x33,0x1a,0x00,0x00,0x00,0x00,
    0x00,0x00,0x00,0x00,0x00,0x01,0x19,0x31,0x49,0x61,0x78,0x90,0x97,0x7f,0x67,0x50,0x38,0x20,0x08,0x00,0x00,0x00,0x00,0x00,0x00,0x00,0x00,0x00,0x00,0x00,0x00,0x02,0x19,0x31,0x49,0x61,0x79,0x90,0x97,0x7f,0x67,0x4f,0x38,0x20,0x08,0x00,0x00,0x00,0x00,0x00,
    0x00,0x00,0x00,0x04,0x1d,0x37,0x50,0x6a,0x83,0x9d,0x8a,0x71,0x57,0x3e,0x24,0x0b,0x00,0x00,0x00,0x10,0x28,0x40,0x57,0x6d,0x83,0x95,0x9f,0x94,0x91,0x91,0x8d,0x84,0x76,0x64,0x50,0x3b,0x24,0x0d,0x00,0x00,0x00,0x00,0x00,0x00,0x01,0x0d,0x15,0x17,0x26,0x3f,
    0x59,0x72,0x8c,0x9f,0x86,0x6c,0x53,0x39,0x20,0x06,0x00,0x00,0x07,0x20,0x3a,0x53,0x6d,0x86,0xa0,0x8d,0x73,0x5a,0x40,0x27,0x39,0x53,0x6c,0x86,0x9f,0x8d,0x74,0x5a,0x41,0x27,0x0e,0x00,0x00,0x00,0x00,0x06,0x20,0x39,0x53,0x6c,0x86,0x9f,0x8c,0x72,0x59,0x3f,
    0x26,0x0c,0x00,0x00,0x00,0x00,0x12,0x2a,0x41,0x54,0x5d,0x5e,0x78,0x91,0x95,0x7c,0x62,0x75,0x8e,0x98,0x7f,0x65,0x5d,0x58,0x47,0x31,0x19,0x01,0x00,0x00,0x03,0x1c,0x36,0x4f,0x69,0x82,0x88,0x85,0x81,0x7e,0x7a,0x76,0x73,0x6f,0x72,0x7b,0x7f,0x7e,0x7a,0x70,
    0x62,0x53,0x4e,0x41,0x2e,0x18,0x00,0x00,0x00,0x00,0x15,0x2f,0x48,0x62,0x7b,0x95,0x98,0x7e,0x65,0x4b,0x48,0x60,0x79,0x93,0x95,0x7c,0x62,0x49,0x46,0x3a,0x28,0x14,0x00,0x00,0x00,0x00,0x0e,0x28,0x41,0x5b,0x74,0x8e,0x9d,0x84,0x88,0x9c,0x87,0x72,0x63,0x7d,
    0x96,0x95,0x7b,0x62,0x48,0x2f,0x15,0x00,0x00,0x00,0x00,0x00,0x00,0x00,0x00,0x12,0x2c,0x45,0x5f,0x78,0x92,0x99,0x7f,0x66,0x4c,0x33,0x19,0x00,0x00,0x00,0x00,0x00,0x00,0x00,0x00,0x00,0x00,0x0c,0x21,0x35,0x4a,0x5f,0x74,0x89,0x9e,0x90,0x7b,0x66,0x51,0x3b,
    0x25,0x0e,0x00,0x00,0x00,0x00,0x00,0x00,0x0e,0x27,0x40,0x57,0x68,0x6a,0x6a,0x6a,0x6a,0x74,0x86,0x9d,0x8f,0x77,0x5e,0x46,0x2d,0x14,0x00,0x00,0x00,0x00,0x0b,0x24,0x3d,0x55,0x6e,0x87,0xa0,0x8c,0x73,0x5a,0x69,0x83,0x9c,0x8f,0x75,0x5c,0x48,0x42,0x34,0x21,
    0x0b,0x00,0x00,0x00,0x00,0x03,0x1a,0x31,0x45,0x54,0x57,0x57,0x57,0x57,0x57,0x66,0x7e,0x97,0x96,0x7d,0x63,0x4a,0x30,0x17,0x00,0x00,0x00,0x00,0x00,0x00,0x00,0x00,0x00,0x00,0x00,0x00,0x00,0x00,0x00,0x00,0x00,0x02,0x1b,0x35,0x4e,0x68,0x81,0x9b,0x90,0x77,
    0x5d,0x44,0x2a,0x11,0x00,0x00,0x00,0x00,0x00,0x00,0x00,0x00,0x00,0x00,0x0a,0x23,0x3d,0x56,0x70,0x89,0xa2,0x88,0x6f,0x55,0x3c,0x22,0x09,0x00,0x00,0x06,0x1f,0x39,0x52,0x6c,0x85,0x9f,0x88,0x6f,0x55,0x3c,0x22,0x09,0x00,0x00,0x00,0x00,0x00,0x00,0x00,0x00,
    0x00,0x00,0x00,0x02,0x1b,0x35,0x4e,0x68,0x81,0x9b,0x8c,0x73,0x59,0x40,0x26,0x0d,0x00,0x00,0x00,0x00,0x14,0x2e,0x47,0x61,0x7a,0x8c,0x93,0x97,0x85,0x70,0x59,0x41,0x29,0x10,0x00,0x00,0x00,0x00,0x00,0x00,0x00,0x00,0x00,0x00,0x0b,0x23,0x3b,0x53,0x6a,0x80,
    0x94,0x95,0x8d,0x81,0x67,0x4e,0x34,0x1b,0x01,0x00,0x00,0x00,0x00,0x00,0x00,0x00,0x00,0x0b,0x22,0x3a,0x52,0x6a,0x82,0x99,0x8e,0x76,0x5e,0x46,0x2f,0x17,0x00,0x00,0x00,0x00,0x00,0x00,0x00,0x00,0x00,0x00,0x00,0x00,0x00,0x00,0x10,0x28,0x40,0x58,0x6f,0x87,
    0x9f,0x88,0x70,0x59,0x41,0x29,0x11,0x00,0x00,0x00,0x00,0x00,0x00,0x00,0x00,0x04,0x1d,0x37,0x50,0x6a,0x83,0x9d,0x8a,0x71,0x57,0x3e,0x24,0x0b,0x00,0x00,0x00,0x07,0x1e,0x34,0x4a,0x5f,0x71,0x81,0x8d,0x93,0x95,0x95,0x9c,0x9a,0x88,0x74,0x5d,0x46,0x2e,0x16,
    0x00,0x00,0x00,0x00,0x00,0x00,0x00,0x00,0x00,0x0c,0x26,0x3f,0x59,0x72,0x8c,0x9f,0x86,0x6c,0x53,0x39,0x20,0x06,0x00,0x00,0x07,0x20,0x3a,0x53,0x6d,0x86,0xa0,0x8d,0x73,0x5a,0x40,0x27,0x39,0x53,0x6c,0x86,0x9f,0x8d,0x74,0x5a,0x41,0x27,0x0e,0x00,0x00,0x00,
    0x00,0x06,0x20,0x39,0x53,0x6c,0x86,0x9f,0x8c,0x72,0x59,0x3f,0x26,0x0c,0x00,0x00,0x00,0x00,0x18,0x31,0x4a,0x63,0x77,0x77,0x78,0x91,0x95,0x7c,0x77,0x77,0x8e,0x98,0x7f,0x77,0x77,0x6a,0x51,0x38,0x1f,0x05,0x00,0x00,0x02,0x1c,0x35,0x4e,0x66,0x73,0x6f,0x6c,
    0x68,0x64,0x61,0x5d,0x61,0x76,0x88,0x93,0x98,0x98,0x92,0x86,0x74,0x5f,0x48,0x31,0x1d,0x0a,0x00,0x00,0x00,0x00,0x16,0x2f,0x49,0x62,0x7c,0x95,0x97,0x7e,0x64,0x4b,0x46,0x60,0x79,0x93,0x95,0x7c,0x62,0x49,0x2f,0x24,0x16,0x04,0x00,0x00,0x00,0x00,0x0e,0x28,
    0x41,0x5b,0x74,0x8e,0x9f,0x8a,0x97,0x8e,0x79,0x64,0x63,0x7d,0x96,0x95,0x7b,0x62,0x48,0x2f,0x15,0x00,0x00,0x00,0x00,0x00,0x00,0x00,0x00,0x12,0x2c,0x45,0x5f,0x78,0x92,0x99,0x7f,0x66,0x4c,0x33,0x19,0x00,0x00,0x00,0x00,0x00,0x00,0x00,0x00,0x00,0x05,0x1a,
    0x2f,0x44,0x59,0x6e,0x83,0x98,0x96,0x82,0x6d,0x58,0x43,0x2e,0x18,0x02,0x00,0x00,0x00,0x00,0x00,0x00,0x07,0x1e,0x33,0x45,0x50,0x51,0x51,0x51,0x51,0x64,0x7d,0x97,0x95,0x7c,0x63,0x49,0x30,0x17,0x00,0x00,0x00,0x00,0x11,0x2a,0x42,0x5b,0x74,0x8d,0xa0,0x87,
    0x6e,0x62,0x69,0x83,0x9c,0x8f,0x75,0x62,0x62,0x58,0x44,0x2d,0x15,0x00,0x00,0x00,0x00,0x00,0x0e,0x21,0x31,0x3b,0x3d,0x3d,0x3d,0x3d,0x49,0x62,0x7c,0x95,0x97,0x7e,0x64,0x4b,0x31,0x18,0x00,0x00,0x00,0x00,0x00,0x00,0x00,0x00,0x00,0x00,0x00,0x00,0x00,0x00,
    0x00,0x00,0x00,0x02,0x1b,0x35,0x4e,0x68,0x81,0x9b,0x90,0x77,0x5d,0x44,0x2a,0x11,0x00,0x00,0x00,0x00,0x00,0x00,0x00,0x00,0x00,0x00,0x0a,0x23,0x3d,0x56,0x70,0x89,0xa2,0x88,0x6f,0x55,0x3c,0x22,0x09,0x00,0x00,0x06,0x1f,0x39,0x52,0x6c,0x85,0x9f,0x88,0x6f,
    0x55,0x3c,0x22,0x09,0x00,0x00,0x00,0x00,0x00,0x00,0x00,0x00,0x00,0x00,0x00,0x02,0x1b,0x35,0x4e,0x68,0x81,0x9b,0x8c,0x73,0x59,0x40,0x26,0x0d,0x00,0x00,0x00,0x00,0x14,0x2e,0x47,0x61,0x7a,0x94,0x8a,0x82,0x73,0x61,0x4c,0x37,0x20,0x08,0x00,0x00,0x00,0x00,
    0x00,0x00,0x00,0x00,0x00,0x00,0x03,0x1a,0x31,0x48,0x5d,0x6f,0x7f,0x88,0x9a,0x81,0x67,0x4e,0x34,0x1b,0x01,0x00,0x00,0x00,0x00,0x00,0x00,0x00,0x00,0x14,0x2c,0x43,0x5b,0x73,0x8b,0x9c,0x85,0x6d,0x55,0x3d,0x25,0x0e,0x00,0x00,0x00,0x00,0x00,0x00,0x00,0x00,
    0x00,0x00,0x00,0x00,0x00,0x00,0x07,0x1f,0x37,0x4e,0x66,0x7e,0x96,0x91,0x7a,0x62,0x4a,0x32,0x1b,0x03,0x00,0x00,0x00,0x00,0x00,0x00,0x00,0x04,0x1d,0x37,0x50,0x6a,0x83,0x9d,0x8a,0x71,0x57,0x3e,0x24,0x0b,0x00,0x00,0x00,0x00,0x12,0x27,0x3b,0x4d,0x5e,0x6b,
    0x74,0x7a,0x7b,0x7c,0x86,0x99,0x96,0x7f,0x67,0x4e,0x36,0x1d,0x04,0x00,0x00,0x00,0x00,0x00,0x00,0x00,0x00,0x0c,0x26,0x3f,0x59,0x72,0x8c,0x9f,0x86,0x6c,0x53,0x39,0x20,0x06,0x00,0x00,0x07,0x20,0x3a,0x53,0x6d,0x86,0xa0,0x8d,0x73,0x5a,0x40,0x27,0x39,0x53,
    0x6c,0x86,0x9f,0x8d,0x74,0x5a,0x41,0x27,0x0e,0x00,0x00,0x00,0x00,0x06,0x20,0x39,0x53,0x6c,0x86,0x95,0x8c,0x72,0x59,0x3f,0x26,0x0c,0x00,0x00,0x00,0x00,0x18,0x31,0x4b,0x64,0x7e,0x90,0x90,0x98,0x9b,0x90,0x90,0x90,0x96,0x9e,0x90,0x90,0x85,0x6c,0x52,0x39,
    0x1f,0x06,0x00,0x00,0x00,0x15,0x2d,0x42,0x53,0x59,0x56,0x52,0x4f,0x4b,0x48,0x54,0x6d,0x84,0x9a,0x89,0x7f,0x7f,0x8b,0x97,0x81,0x6a,0x51,0x39,0x20,0x07,0x00,0x00,0x00,0x00,0x16,0x2f,0x49,0x62,0x7c,0x95,0x97,0x7e,0x64,0x4b,0x46,0x60,0x79,0x93,0x95,0x7c,
    0x62,0x49,0x2f,0x16,0x02,0x00,0x00,0x00,0x00,0x00,0x0e,0x28,0x41,0x5b,0x74,0x8e,0xa7,0xa3,0x95,0x80,0x6b,0x56,0x63,0x7d,0x96,0x95,0x7b,0x62,0x48,0x2f,0x15,0x00,0x00,0x00,0x00,0x00,0x00,0x00,0x00,0x12,0x2c,0x45,0x5f,0x78,0x92,0x99,0x7f,0x66,0x4c,0x33,
    0x19,0x00,0x00,0x00,0x00,0x00,0x00,0x00,0x00,0x00,0x14,0x29,0x3e,0x53,0x68,0x7c,0x91,0x9c,0x88,0x73,0x5e,0x49,0x34,0x1f,0x0a,0x00,0x00,0x00,0x00,0x00,0x00,0x00,0x00,0x0f,0x21,0x2f,0x37,0x37,0x37,0x37,0x49,0x63,0x7c,0x96,0x97,0x7d,0x64,0x4a,0x31,0x17,
    0x00,0x00,0x00,0x00,0x12,0x2c,0x45,0x5f,0x78,0x92,0x9a,0x81,0x7b,0x7b,0x7b,0x83,0x9c,0x8f,0x7b,0x7b,0x7b,0x66,0x4c,0x33,0x19,0x00,0x00,0x00,0x00,0x00,0x00,0x0e,0x1b,0x22,0x24,0x24,0x24,0x2f,0x49,0x62,0x7c,0x95,0x97,0x7e,0x64,0x4b,0x31,0x18,0x00,0x00,
    0x00,0x00,0x00,0x00,0x00,0x00,0x00,0x00,0x00,0x00,0x00,0x00,0x00,0x00,0x00,0x02,0x1b,0x35,0x4e,0x68,0x81,0x9b,0x90,0x77,0x5d,0x44,0x2a,0x11,0x00,0x00,0x00,0x00,0x00,0x00,0x00,0x00,0x00,0x00,0x0a,0x23,0x3d,0x56,0x70,0x89,0xa2,0x88,0x6f,0x55,0x3c,0x22,
    0x09,0x00,0x00,0x06,0x1f,0x39,0x52,0x6c,0x85,0x9f,0x88,0x6f,0x55,0x3c,0x22,0x09,0x00,0x00,0x00,0x00,0x00,0x00,0x00,0x00,0x00,0x00,0x00,0x02,0x1b,0x35,0x4e,0x68,0x81,0x9b,0x8c,0x73,0x59,0x40,0x26,0x0d,0x00,0x00,0x00,0x00,0x14,0x2e,0x47,0x61,0x7a,0x94,
    0x92,0x8a,0x7b,0x67,0x52,0x3b,0x24,0x0c,0x00,0x00,0x00,0x00,0x00,0x00,0x00,0x00,0x00,0x00,0x06,0x1e,0x36,0x4d,0x63,0x77,0x87,0x90,0x9a,0x81,0x67,0x4e,0x34,0x1b,0x01,0x00,0x00,0x00,0x00,0x00,0x00,0x00,0x05,0x1d,0x35,0x4d,0x64,0x7c,0x94,0x93,0x7b,0x64,
    0x4c,0x34,0x1c,0x04,0x00,0x00,0x00,0x00,0x00,0x00,0x00,0x00,0x00,0x00,0x00,0x00,0x00,0x00,0x00,0x16,0x2d,0x45,0x5d,0x75,0x8c,0x9b,0x83,0x6b,0x53,0x3c,0x24,0x0c,0x00,0x00,0x00,0x00,0x00,0x00,0x00,0x04,0x1d,0x37,0x50,0x6a,0x83,0x9d,0x8a,0x71,0x57,0x3e,
    0x24,0x0b,0x00,0x00,0x00,0x00,0x03,0x17,0x29,0x3a,0x48,0x54,0x5c,0x60,0x62,0x63,0x75,0x8d,0x9f,0x86,0x6d,0x54,0x3a,0x21,0x08,0x00,0x00,0x00,0x00,0x00,0x00,0x00,0x00,0x0c,0x26,0x3f,0x59,0x72,0x8c,0x9f,0x86,0x6c,0x53,0x39,0x20,0x06,0x00,0x00,0x07,0x20,
    0x3a,0x53,0x6d,0x86,0xa0,0x8d,0x73,0x5a,0x40,0x27,0x39,0x53,0x6c,0x86,0x9f,0x8d,0x74,0x5a,0x41,0x27,0x0e,0x00,0x00,0x00,0x00,0x06,0x1f,0x39,0x52,0x6c,0x7c,0x7c,0x7c,0x72,0x59,0x3f,0x26,0x0c,0x00,0x00,0x00,0x00,0x18,0x31,0x4b,0x64,0x7e,0x92,0x92,0x99,
    0x9c,0x92,0x92,0x92,0x97,0x9f,0x92,0x92,0x85,0x6c,0x52,0x39,0x1f,0x06,0x00,0x00,0x00,0x0a,0x1e,0x30,0x3c,0x40,0x3d,0x39,0x35,0x32,0x41,0x5a,0x73,0x8c,0x92,0x7a,0x66,0x67,0x7d,0x95,0x89,0x70,0x57,0x3d,0x24,0x0b,0x00,0x00,0x00,0x00,0x16,0x2f,0x49,0x62,
    0x7c,0x95,0x97,0x7e,0x64,0x4b,0x46,0x60,0x79,0x93,0x95,0x7c,0x62,0x49,0x2f,0x16,0x00,0x00,0x00,0x00,0x00,0x00,0x0e,0x28,0x41,0x5b,0x74,0x8e,0xa7,0x9b,0x86,0x71,0x5c,0x4a,0x63,0x7d,0x96,0x95,0x7b,0x62,0x48,0x2f,0x15,0x00,0x00,0x00,0x00,0x00,0x00,0x0a,
    0x13,0x17,0x2c,0x45,0x5f,0x78,0x92,0x99,0x7f,0x66,0x4c,0x33,0x19,0x10,0x05,0x00,0x00,0x00,0x00,0x00,0x00,0x0e,0x23,0x38,0x4c,0x61,0x76,0x8b,0xa0,0x8e,0x79,0x64,0x4f,0x3b,0x26,0x17,0x10,0x05,0x00,0x00,0x00,0x00,0x00,0x00,0x00,0x07,0x11,0x18,0x1d,0x1e,
    0x1e,0x30,0x49,0x63,0x7c,0x96,0x97,0x7d,0x64,0x4a,0x31,0x17,0x00,0x00,0x00,0x00,0x12,0x2c,0x45,0x5f,0x78,0x92,0xa1,0x95,0x95,0x95,0x95,0x95,0xa3,0x9a,0x95,0x95,0x7f,0x66,0x4c,0x33,0x19,0x00,0x00,0x00,0x00,0x00,0x00,0x08,0x12,0x17,0x17,0x17,0x17,0x2f,
    0x49,0x62,0x7c,0x95,0x97,0x7e,0x64,0x4b,0x31,0x18,0x00,0x00,0x00,0x00,0x00,0x00,0x00,0x00,0x00,0x00,0x00,0x00,0x00,0x00,0x00,0x00,0x00,0x02,0x1b,0x35,0x4e,0x68,0x81,0x9b,0x90,0x77,0x5d,0x44,0x2a,0x11,0x00,0x00,0x00,0x00,0x00,0x00,0x00,0x00,0x00,0x00,
    0x0a,0x23,0x3d,0x56,0x70,0x89,0xa2,0x88,0x6f,0x55,0x3c,0x22,0x09,0x00,0x00,0x06,0x1f,0x39,0x52,0x6c,0x85,0x9f,0x88,0x6f,0x55,0x3c,0x22,0x09,0x00,0x00,0x00,0x00,0x00,0x00,0x00,0x00,0x00,0x00,0x00,0x02,0x1b,0x35,0x4e,0x68,0x81,0x9b,0x8c,0x73,0x59,0x40,
    0x26,0x0d,0x00,0x00,0x00,0x00,0x14,0x2e,0x47,0x61,0x7a,0x82,0x8a,0x9b,0x8b,0x74,0x5d,0x44,0x2c,0x13,0x00,0x00,0x00,0x00,0x00,0x00,0x00,0x00,0x00,0x00,0x0d,0x26,0x3e,0x57,0x6f,0x86,0x9b,0x8d,0x83,0x81,0x67,0x4e,0x34,0x1b,0x01,0x00,0x00,0x00,0x00,0x00,
    0x00,0x00,0x0f,0x26,0x3e,0x56,0x6e,0x85,0x9d,0x8a,0x72,0x5a,0x43,0x2b,0x13,0x00,0x00,0x00,0x00,0x00,0x00,0x00,0x00,0x00,0x00,0x00,0x00,0x00,0x00,0x00,0x00,0x0c,0x24,0x3c,0x54,0x6c,0x83,0x9b,0x8c,0x74,0x5d,0x45,0x2d,0x15,0x00,0x00,0x00,0x00,0x00,0x00,
    0x00,0x04,0x1d,0x37,0x50,0x6a,0x83,0x9d,0x8a,0x71,0x57,0x3e,0x24,0x0b,0x00,0x00,0x00,0x00,0x00,0x05,0x16,0x25,0x32,0x3c,0x43,0x47,0x48,0x57,0x70,0x8a,0xa2,0x89,0x6f,0x56,0x3d,0x23,0x0a,0x00,0x00,0x00,0x00,0x00,0x00,0x00,0x00,0x0c,0x26,0x3f,0x59,0x72,
    0x8c,0x9f,0x86,0x6c,0x53,0x39,0x20,0x06,0x00,0x00,0x07,0x20,0x3a,0x53,0x6d,0x86,0xa0,0x8d,0x73,0x5a,0x40,0x31,0x39,0x53,0x6c,0x86,0x9f,0x8d,0x74,0x5a,0x41,0x27,0x0e,0x00,0x00,0x00,0x00,0x02,0x1b,0x33,0x4a,0x5c,0x62,0x62,0x62,0x5f,0x4f,0x39,0x21,0x09,
    0x00,0x00,0x00,0x00,0x18,0x31,0x4b,0x64,0x79,0x79,0x79,0x91,0x95,0x7c,0x79,0x79,0x8e,0x98,0x7f,0x79,0x79,0x6b,0x52,0x38,0x1f,0x05,0x00,0x00,0x00,0x00,0x0c,0x1a,0x24,0x26,0x23,0x20,0x1c,0x29,0x42,0x5c,0x75,0x8f,0x90,0x76,0x5d,0x60,0x7a,0x93,0x8b,0x72,
    0x58,0x3f,0x25,0x0c,0x00,0x00,0x00,0x00,0x16,0x2f,0x49,0x62,0x7c,0x95,0x97,0x7e,0x64,0x4b,0x46,0x60,0x79,0x93,0x95,0x7c,0x62,0x49,0x2f,0x16,0x00,0x00,0x00,0x00,0x00,0x00,0x0e,0x28,0x41,0x5b,0x74,0x8e,0xa2,0x8d,0x78,0x63,0x4e,0x4a,0x63,0x7d,0x96,0x95,
    0x7b,0x62,0x48,0x2f,0x15,0x00,0x00,0x00,0x00,0x00,0x10,0x20,0x2c,0x30,0x30,0x45,0x5f,0x78,0x92,0x99,0x7f,0x66,0x4c,0x33,0x2f,0x28,0x1a,0x08,0x00,0x00,0x00,0x00,0x08,0x1c,0x31,0x46,0x5b,0x70,0x85,0x9a,0x94,0x7f,0x6a,0x55,0x41,0x31,0x31,0x30,0x28,0x19,
    0x07,0x00,0x00,0x00,0x00,0x00,0x0b,0x1c,0x29,0x30,0x30,0x30,0x30,0x30,0x49,0x63,0x7c,0x96,0x97,0x7d,0x64,0x4a,0x31,0x17,0x00,0x00,0x00,0x00,0x12,0x2c,0x45,0x5f,0x78,0x8c,0x8c,0x8c,0x8c,0x8c,0x8c,0x8d,0x9f,0x93,0x8c,0x8c,0x7f,0x66,0x4c,0x33,0x19,0x00,
    0x00,0x00,0x00,0x00,0x0c,0x1d,0x2a,0x30,0x30,0x30,0x30,0x30,0x49,0x62,0x7c,0x95,0x97,0x7e,0x64,0x4b,0x31,0x18,0x00,0x00,0x00,0x00,0x00,0x00,0x00,0x00,0x00,0x00,0x00,0x00,0x00,0x00,0x00,0x00,0x00,0x02,0x1b,0x35,0x4e,0x68,0x81,0x9b,0x90,0x77,0x5d,0x44,
    0x2a,0x11,0x00,0x00,0x00,0x00,0x00,0x00,0x00,0x00,0x00,0x00,0x0a,0x23,0x3d,0x56,0x70,0x89,0xa2,0x88,0x6f,0x55,0x3c,0x22,0x09,0x00,0x00,0x06,0x1f,0x39,0x52,0x6c,0x85,0x9f,0x88,0x6f,0x55,0x3c,0x22,0x09,0x00,0x00,0x00,0x00,0x00,0x00,0x00,0x00,0x00,0x00,
    0x00,0x02,0x1b,0x35,0x4e,0x68,0x81,0x9b,0x8c,0x73,0x59,0x40,0x26,0x0d,0x00,0x00,0x00,0x00,0x12,0x2a,0x42,0x59,0x67,0x69,0x78,0x90,0x95,0x7c,0x63,0x4a,0x31,0x17,0x00,0x00,0x00,0x00,0x00,0x00,0x00,0x00,0x00,0x00,0x11,0x2a,0x44,0x5d,0x76,0x8f,0x96,0x7d,
    0x6b,0x68,0x5d,0x48,0x30,0x18,0x00,0x00,0x00,0x00,0x00,0x00,0x00,0x00,0x18,0x2f,0x47,0x5f,0x77,0x8f,0x99,0x81,0x69,0x51,0x39,0x22,0x0a,0x00,0x00,0x00,0x00,0x00,0x00,0x00,0x00,0x00,0x00,0x00,0x00,0x00,0x00,0x00,0x00,0x03,0x1b,0x33,0x4b,0x62,0x7a,0x92,
    0x95,0x7d,0x66,0x4e,0x36,0x1e,0x07,0x00,0x00,0x00,0x00,0x00,0x00,0x04,0x1d,0x37,0x50,0x6a,0x83,0x9d,0x8a,0x71,0x57,0x3e,0x24,0x0b,0x00,0x00,0x00,0x00,0x00,0x07,0x12,0x17,0x1b,0x24,0x2a,0x2e,0x3d,0x57,0x70,0x8a,0xa3,0x89,0x70,0x56,0x3d,0x23,0x0a,0x00,
    0x00,0x00,0x00,0x00,0x00,0x00,0x00,0x0c,0x26,0x3f,0x59,0x72,0x8c,0x9f,0x86,0x6c,0x53,0x39,0x20,0x06,0x00,0x00,0x06,0x1f,0x39,0x52,0x6c,0x85,0x9e,0x8d,0x74,0x5b,0x4b,0x4b,0x4b,0x55,0x6d,0x86,0xa0,0x8c,0x73,0x59,0x40,0x26,0x0d,0x00,0x00,0x00,0x00,0x07,
    0x1f,0x37,0x4c,0x5c,0x5e,0x5e,0x5e,0x5e,0x51,0x3d,0x26,0x0e,0x00,0x00,0x00,0x00,0x13,0x2b,0x42,0x56,0x5f,0x5f,0x78,0x91,0x95,0x7c,0x62,0x75,0x8e,0x98,0x7f,0x65,0x5f,0x5a,0x48,0x32,0x1a,0x01,0x00,0x00,0x00,0x00,0x00,0x03,0x0b,0x0d,0x0a,0x07,0x0f,0x29,
    0x42,0x5c,0x75,0x8f,0x90,0x76,0x5d,0x60,0x7a,0x93,0x8b,0x72,0x58,0x3f,0x25,0x0c,0x00,0x00,0x00,0x00,0x15,0x2f,0x48,0x62,0x7b,0x95,0x98,0x7e,0x65,0x4b,0x4a,0x60,0x79,0x93,0x95,0x7c,0x62,0x49,0x2f,0x16,0x00,0x00,0x00,0x00,0x00,0x00,0x0d,0x27,0x40,0x5a,
    0x73,0x8c,0x9e,0x84,0x6b,0x54,0x4a,0x4e,0x64,0x7d,0x96,0x93,0x7a,0x61,0x47,0x2e,0x14,0x00,0x00,0x00,0x00,0x0a,0x20,0x34,0x43,0x4a,0x4a,0x4a,0x5f,0x78,0x92,0x99,0x7f,0x66,0x4c,0x4a,0x48,0x3d,0x2c,0x17,0x01,0x00,0x00,0x00,0x14,0x2b,0x40,0x55,0x6a,0x7f,
    0x94,0x9a,0x85,0x70,0x5b,0x4b,0x4b,0x4b,0x4b,0x49,0x3d,0x2b,0x16,0x00,0x00,0x00,0x00,0x04,0x1a,0x2f,0x40,0x49,0x4a,0x4a,0x4a,0x4a,0x4a,0x63,0x7c,0x96,0x96,0x7d,0x63,0x4a,0x30,0x17,0x00,0x00,0x00,0x00,0x12,0x2b,0x44,0x5c,0x71,0x73,0x73,0x73,0x73,0x73,
    0x73,0x83,0x9c,0x8f,0x75,0x73,0x73,0x63,0x4b,0x32,0x19,0x00,0x00,0x00,0x00,0x05,0x1c,0x30,0x40,0x49,0x4a,0x4a,0x4a,0x4a,0x4a,0x62,0x7c,0x95,0x97,0x7e,0x64,0x4b,0x31,0x18,0x00,0x00,0x00,0x00,0x00,0x00,0x00,0x00,0x00,0x00,0x00,0x00,0x00,0x00,0x00,0x00,
    0x00,0x02,0x1b,0x35,0x4e,0x68,0x81,0x9b,0x90,0x77,0x5d,0x44,0x2a,0x11,0x00,0x00,0x00,0x00,0x00,0x00,0x00,0x00,0x00,0x00,0x0a,0x23,0x3d,0x56,0x70,0x89,0xa2,0x88,0x6f,0x55,0x3c,0x22,0x09,0x00,0x00,0x06,0x1f,0x39,0x52,0x6c,0x85,0x9f,0x88,0x6f,0x55,0x3c,
    0x22,0x09,0x00,0x00,0x00,0x00,0x00,0x00,0x00,0x00,0x00,0x00,0x00,0x02,0x1b,0x35,0x4e,0x68,0x81,0x9b,0x8c,0x73,0x59,0x40,0x26,0x0d,0x00,0x00,0x00,0x00,0x09,0x20,0x35,0x45,0x4e,0x5a,0x73,0x8d,0x98,0x7f,0x65,0x4c,0x32,0x19,0x00,0x00,0x00,0x00,0x00,0x00,
    0x00,0x00,0x00,0x00,0x12,0x2c,0x45,0x5f,0x78,0x92,0x93,0x7a,0x60,0x4e,0x48,0x39,0x25,0x0f,0x00,0x00,0x00,0x00,0x00,0x00,0x00,0x09,0x21,0x39,0x50,0x68,0x80,0x98,0x8f,0x78,0x60,0x48,0x30,0x18,0x01,0x00,0x00,0x00,0x00,0x00,0x00,0x00,0x00,0x00,0x00,0x00,
    0x00,0x00,0x00,0x00,0x00,0x00,0x12,0x2a,0x41,0x59,0x71,0x89,0x9e,0x87,0x6f,0x57,0x3f,0x28,0x10,0x00,0x00,0x00,0x00,0x00,0x00,0x04,0x1d,0x37,0x50,0x6a,0x83,0x9d,0x8a,0x71,0x57,0x3e,0x24,0x0b,0x00,0x00,0x00,0x00,0x0b,0x1c,0x29,0x31,0x31,0x31,0x31,0x31,
    0x3d,0x57,0x70,0x8a,0xa3,0x89,0x70,0x56,0x3d,0x23,0x0a,0x00,0x00,0x00,0x00,0x00,0x00,0x00,0x00,0x0c,0x26,0x3f,0x59,0x72,0x8c,0x9f,0x86,0x6c,0x53,0x39,0x20,0x06,0x00,0x00,0x03,0x1c,0x35,0x4f,0x67,0x80,0x99,0x94,0x7e,0x6c,0x64,0x64,0x64,0x69,0x79,0x8e,
    0x9f,0x87,0x6e,0x55,0x3c,0x23,0x0c,0x00,0x00,0x00,0x00,0x0b,0x25,0x3e,0x57,0x70,0x78,0x78,0x78,0x75,0x5e,0x45,0x2c,0x13,0x00,0x00,0x00,0x00,0x09,0x1e,0x32,0x40,0x46,0x5e,0x78,0x91,0x95,0x7c,0x62,0x75,0x8e,0x98,0x7f,0x65,0x4c,0x43,0x36,0x24,0x0f,0x00,
    0x00,0x00,0x00,0x00,0x00,0x00,0x00,0x00,0x00,0x00,0x0f,0x28,0x42,0x5b,0x75,0x8e,0x90,0x77,0x5d,0x61,0x7a,0x93,0x8b,0x71,0x58,0x3e,0x25,0x0c,0x00,0x00,0x00,0x00,0x13,0x2d,0x46,0x5f,0x78,0x91,0x9b,0x83,0x6d,0x64,0x63,0x63,0x79,0x93,0x95,0x7c,0x62,0x49,
    0x2f,0x16,0x00,0x00,0x00,0x00,0x00,0x00,0x0b,0x24,0x3d,0x56,0x6f,0x87,0xa0,0x8c,0x77,0x67,0x63,0x65,0x72,0x86,0x9d,0x8e,0x76,0x5d,0x44,0x2b,0x12,0x00,0x00,0x00,0x00,0x14,0x2c,0x43,0x58,0x63,0x63,0x63,0x63,0x78,0x92,0x99,0x7f,0x66,0x63,0x63,0x61,0x50,
    0x39,0x22,0x09,0x00,0x00,0x02,0x1c,0x35,0x4d,0x64,0x78,0x8d,0xa0,0x8b,0x76,0x64,0x64,0x64,0x64,0x64,0x64,0x61,0x4f,0x38,0x20,0x08,0x00,0x00,0x00,0x0d,0x25,0x3d,0x53,0x62,0x63,0x63,0x63,0x63,0x64,0x6c,0x82,0x9a,0x93,0x7a,0x61,0x48,0x2e,0x15,0x00,0x00,
    0x00,0x00,0x0c,0x24,0x3a,0x4d,0x59,0x59,0x59,0x59,0x59,0x59,0x69,0x83,0x9c,0x8f,0x75,0x5c,0x59,0x52,0x40,0x2a,0x13,0x00,0x00,0x00,0x00,0x0e,0x27,0x3e,0x54,0x62,0x63,0x63,0x63,0x63,0x64,0x6b,0x81,0x99,0x94,0x7b,0x62,0x48,0x2f,0x16,0x00,0x00,0x00,0x00,
    0x00,0x00,0x00,0x00,0x00,0x00,0x00,0x00,0x00,0x00,0x00,0x00,0x00,0x02,0x1b,0x35,0x4e,0x68,0x81,0x9b,0x90,0x77,0x5d,0x44,0x2a,0x11,0x00,0x00,0x00,0x00,0x00,0x00,0x00,0x00,0x00,0x00,0x0a,0x23,0x3d,0x56,0x70,0x89,0xa2,0x88,0x6f,0x55,0x3c,0x22,0x09,0x00,
    0x00,0x06,0x1f,0x39,0x52,0x6c,0x85,0x9f,0x88,0x6f,0x55,0x3c,0x22,0x09,0x00,0x00,0x00,0x00,0x00,0x00,0x00,0x00,0x00,0x00,0x00,0x02,0x1b,0x35,0x4e,0x68,0x81,0x9b,0x8c,0x73,0x59,0x40,0x26,0x0d,0x00,0x00,0x00,0x00,0x00,0x11,0x22,0x2e,0x40,0x5a,0x73,0x8d,
    0x98,0x7f,0x65,0x4c,0x32,0x19,0x00,0x00,0x00,0x00,0x00,0x00,0x00,0x00,0x00,0x00,0x12,0x2c,0x45,0x5f,0x78,0x92,0x93,0x7a,0x60,0x47,0x31,0x25,0x15,0x02,0x00,0x00,0x00,0x00,0x00,0x00,0x00,0x12,0x2a,0x42,0x5a,0x71,0x89,0x9e,0x86,0x6e,0x57,0x3f,0x27,0x0f,
    0x00,0x00,0x00,0x00,0x00,0x00,0x00,0x00,0x00,0x00,0x00,0x00,0x00,0x00,0x00,0x00,0x00,0x00,0x09,0x20,0x38,0x50,0x68,0x7f,0x97,0x90,0x78,0x60,0x49,0x31,0x19,0x01,0x00,0x00,0x00,0x00,0x00,0x04,0x1d,0x37,0x50,0x6a,0x83,0x9d,0x8a,0x71,0x57,0x3e,0x24,0x0b,
    0x00,0x00,0x00,0x03,0x1a,0x2f,0x40,0x4a,0x4b,0x4b,0x4b,0x4b,0x4b,0x58,0x71,0x8a,0xa1,0x88,0x6f,0x55,0x3c,0x22,0x09,0x00,0x00,0x00,0x00,0x00,0x00,0x00,0x00,0x0c,0x26,0x3f,0x59,0x72,0x8c,0x9f,0x86,0x6c,0x53,0x39,0x20,0x06,0x00,0x00,0x00,0x17,0x30,0x48,
    0x60,0x78,0x8e,0xa2,0x90,0x83,0x7e,0x7e,0x7e,0x81,0x8c,0x9d,0x95,0x7e,0x67,0x54,0x42,0x30,0x1e,0x09,0x00,0x00,0x00,0x0c,0x25,0x3f,0x58,0x72,0x8b,0x91,0x91,0x79,0x5f,0x46,0x2c,0x13,0x00,0x00,0x00,0x00,0x00,0x0d,0x1d,0x2b,0x45,0x5e,0x78,0x91,0x95,0x7c,
    0x62,0x75,0x8e,0x98,0x7f,0x65,0x4c,0x32,0x21,0x12,0x00,0x00,0x00,0x00,0x00,0x00,0x00,0x00,0x00,0x00,0x00,0x00,0x0c,0x26,0x3f,0x58,0x71,0x89,0x96,0x80,0x71,0x72,0x82,0x99,0x86,0x6d,0x55,0x3c,0x22,0x09,0x00,0x00,0x00,0x00,0x0f,0x28,0x41,0x5a,0x72,0x8a,
    0xa0,0x91,0x83,0x7d,0x7d,0x7d,0x7d,0x93,0x95,0x7c,0x62,0x49,0x2f,0x16,0x00,0x00,0x00,0x00,0x00,0x00,0x06,0x1e,0x37,0x4f,0x67,0x7e,0x94,0x9b,0x8a,0x80,0x7d,0x7e,0x87,0x96,0x9a,0x84,0x6d,0x56,0x3d,0x25,0x0c,0x00,0x00,0x00,0x00,0x17,0x31,0x4a,0x64,0x7c,
    0x7d,0x7d,0x7d,0x7d,0x92,0x99,0x7f,0x7d,0x7d,0x7d,0x72,0x59,0x3f,0x26,0x0c,0x00,0x00,0x04,0x1d,0x37,0x50,0x6a,0x83,0x9c,0x94,0x7e,0x7e,0x7e,0x7e,0x7e,0x7e,0x7e,0x7e,0x71,0x57,0x3e,0x24,0x0b,0x00,0x00,0x00,0x10,0x29,0x43,0x5c,0x76,0x7d,0x7d,0x7d,0x7d,
    0x7d,0x82,0x90,0xa2,0x8b,0x73,0x5b,0x43,0x2a,0x11,0x00,0x00,0x00,0x00,0x01,0x16,0x29,0x38,0x40,0x40,0x40,0x40,0x40,0x50,0x69,0x83,0x9c,0x8f,0x75,0x5c,0x42,0x3b,0x2e,0x1c,0x07,0x00,0x00,0x00,0x00,0x12,0x2b,0x45,0x5e,0x77,0x7d,0x7d,0x7d,0x7d,0x7d,0x82,
    0x8f,0xa2,0x8c,0x74,0x5c,0x43,0x2b,0x12,0x00,0x00,0x00,0x00,0x00,0x00,0x00,0x00,0x00,0x00,0x00,0x00,0x00,0x00,0x00,0x00,0x00,0x01,0x1b,0x34,0x4e,0x67,0x81,0x9a,0x90,0x77,0x5d,0x44,0x2b,0x11,0x00,0x00,0x00,0x00,0x00,0x00,0x00,0x00,0x00,0x00,0x0a,0x23,
    0x3d,0x56,0x70,0x89,0xa1,0x88,0x6e,0x55,0x3b,0x22,0x08,0x00,0x00,0x06,0x1f,0x39,0x52,0x6c,0x85,0x9f,0x88,0x6f,0x55,0x3c,0x22,0x09,0x00,0x00,0x00,0x00,0x00,0x00,0x00,0x00,0x00,0x00,0x00,0x02,0x1b,0x35,0x4e,0x68,0x81,0x9b,0x8c,0x73,0x59,0x40,0x26,0x0d,
    0x00,0x00,0x00,0x00,0x00,0x00,0x0d,0x27,0x40,0x5a,0x73,0x8d,0x98,0x7f,0x65,0x4c,0x32,0x19,0x00,0x00,0x00,0x00,0x00,0x00,0x00,0x00,0x00,0x00,0x12,0x2c,0x45,0x5f,0x78,0x92,0x93,0x7a,0x60,0x47,0x2d,0x14,0x02,0x00,0x00,0x00,0x00,0x00,0x00,0x00,0x04,0x1c,
    0x33,0x4b,0x63,0x7b,0x92,0x95,0x7d,0x65,0x4d,0x36,0x1e,0x06,0x00,0x00,0x00,0x00,0x00,0x00,0x00,0x00,0x00,0x00,0x00,0x00,0x00,0x00,0x00,0x00,0x00,0x00,0x00,0x17,0x2f,0x47,0x5e,0x76,0x8e,0x99,0x81,0x6a,0x52,0x3a,0x22,0x0a,0x00,0x00,0x00,0x00,0x00,0x04,
    0x1d,0x37,0x50,0x6a,0x83,0x9d,0x8a,0x71,0x57,0x3e,0x24,0x0b,0x00,0x00,0x00,0x0c,0x25,0x3c,0x53,0x62,0x64,0x64,0x64,0x64,0x64,0x6b,0x7c,0x91,0x9b,0x83,0x6a,0x52,0x39,0x1f,0x06,0x00,0x00,0x00,0x00,0x00,0x02,0x0a,0x0c,0x0c,0x26,0x3f,0x59,0x72,0x8c,0x9f,
    0x86,0x6c,0x53,0x39,0x20,0x06,0x00,0x00,0x00,0x0f,0x27,0x3f,0x55,0x6b,0x7f,0x8f,0x9b,0x9b,0x97,0x97,0x97,0x9a,0x9e,0x97,0x9c,0x8a,0x78,0x66,0x54,0x42,0x2c,0x15,0x00,0x00,0x00,0x0c,0x25,0x3f,0x58,0x72,0x8b,0xa5,0x92,0x79,0x5f,0x46,0x2c,0x13,0x00,0x00,
    0x00,0x00,0x00,0x00,0x12,0x2b,0x45,0x5e,0x78,0x91,0x95,0x7c,0x62,0x75,0x8e,0x98,0x7f,0x65,0x4c,0x32,0x19,0x00,0x00,0x00,0x00,0x00,0x00,0x00,0x00,0x00,0x00,0x00,0x00,0x00,0x07,0x20,0x39,0x51,0x68,0x7e,0x92,0x93,0x8b,0x8b,0x94,0x90,0x7c,0x65,0x4e,0x35,
    0x1d,0x04,0x00,0x00,0x00,0x00,0x09,0x21,0x39,0x51,0x67,0x7d,0x8f,0x9c,0x9b,0x97,0x96,0x96,0x96,0x9d,0x95,0x7c,0x62,0x49,0x2f,0x16,0x00,0x00,0x00,0x00,0x00,0x00,0x00,0x16,0x2e,0x45,0x5b,0x71,0x84,0x94,0x9f,0x98,0x96,0x97,0x9e,0x97,0x88,0x76,0x61,0x4b,
    0x34,0x1d,0x05,0x00,0x00,0x00,0x00,0x17,0x31,0x4a,0x64,0x7d,0x96,0x96,0x96,0x96,0x9d,0xa2,0x96,0x96,0x96,0x8c,0x72,0x59,0x3f,0x26,0x0c,0x00,0x00,0x04,0x1d,0x37,0x50,0x6a,0x83,0x9d,0x9f,0x97,0x97,0x97,0x97,0x97,0x97,0x97,0x8a,0x71,0x57,0x3e,0x24,0x0b,
    0x00,0x00,0x00,0x10,0x2a,0x43,0x5d,0x76,0x90,0x96,0x96,0x96,0x97,0x9a,0x9c,0x90,0x7e,0x69,0x52,0x3b,0x23,0x0b,0x00,0x00,0x00,0x00,0x00,0x05,0x15,0x21,0x26,0x26,0x26,0x26,0x36,0x50,0x69,0x83,0x9c,0x8f,0x75,0x5c,0x42,0x29,0x19,0x0a,0x00,0x00,0x00,0x00,
    0x00,0x12,0x2b,0x45,0x5e,0x78,0x91,0x96,0x96,0x96,0x97,0x9a,0x9d,0x90,0x7f,0x69,0x53,0x3b,0x24,0x0b,0x00,0x00,0x00,0x00,0x00,0x00,0x00,0x00,0x00,0x00,0x00,0x00,0x00,0x00,0x00,0x00,0x00,0x00,0x1a,0x33,0x4d,0x66,0x80,0x99,0x91,0x78,0x5e,0x45,0x2c,0x12,
    0x00,0x00,0x00,0x00,0x00,0x00,0x00,0x00,0x00,0x00,0x0b,0x25,0x3e,0x57,0x71,0x8a,0xa0,0x87,0x6d,0x54,0x3a,0x21,0x07,0x00,0x00,0x06,0x1f,0x39,0x52,0x6c,0x85,0x9f,0x88,0x6f,0x55,0x3c,0x22,0x09,0x00,0x00,0x00,0x00,0x00,0x00,0x00,0x00,0x00,0x00,0x00,0x02,
    0x1b,0x35,0x4e,0x68,0x81,0x9b,0x8c,0x73,0x59,0x40,0x26,0x0d,0x00,0x00,0x00,0x00,0x00,0x00,0x0d,0x27,0x40,0x5a,0x73,0x8d,0x98,0x7f,0x65,0x4c,0x32,0x19,0x00,0x00,0x00,0x00,0x00,0x00,0x00,0x00,0x00,0x00,0x12,0x2c,0x45,0x5f,0x78,0x92,0x93,0x7a,0x60,0x47,
    0x2d,0x14,0x00,0x00,0x00,0x00,0x00,0x00,0x00,0x00,0x0d,0x25,0x3d,0x54,0x6c,0x84,0x9c,0x8b,0x74,0x5c,0x44,0x2c,0x15,0x00,0x00,0x00,0x00,0x00,0x00,0x00,0x00,0x00,0x00,0x00,0x00,0x00,0x00,0x00,0x00,0x00,0x00,0x00,0x00,0x0e,0x26,0x3d,0x55,0x6d,0x85,0x9d,
    0x8b,0x73,0x5b,0x43,0x2b,0x14,0x00,0x00,0x00,0x00,0x00,0x04,0x1d,0x37,0x50,0x6a,0x83,0x9d,0x8a,0x71,0x57,0x3e,0x24,0x0b,0x00,0x00,0x00,0x0f,0x29,0x42,0x5c,0x75,0x7e,0x7e,0x7e,0x7e,0x7e,0x82,0x8e,0xa0,0x90,0x7a,0x63,0x4b,0x33,0x1a,0x01,0x00,0x00,0x00,
    0x00,0x0b,0x19,0x22,0x25,0x25,0x26,0x3f,0x59,0x72,0x8c,0x9f,0x86,0x6c,0x53,0x39,0x20,0x06,0x00,0x00,0x00,0x06,0x1c,0x32,0x47,0x5a,0x6b,0x79,0x83,0x89,0x8c,0x8c,0x8c,0x8a,0x85,0x81,0x93,0x9c,0x8a,0x78,0x65,0x4e,0x35,0x1c,0x03,0x00,0x00,0x0c,0x25,0x3f,
    0x58,0x72,0x8b,0x8c,0x8c,0x79,0x5f,0x46,0x2c,0x13,0x00,0x00,0x00,0x00,0x00,0x00,0x12,0x2b,0x45,0x5e,0x78,0x8c,0x8c,0x7c,0x62,0x75,0x8c,0x8c,0x7f,0x65,0x4c,0x32,0x19,0x00,0x00,0x00,0x00,0x00,0x00,0x00,0x00,0x00,0x00,0x00,0x00,0x00,0x00,0x18,0x2f,0x46,
    0x5b,0x6e,0x7e,0x88,0x8c,0x8c,0x87,0x7c,0x6c,0x58,0x43,0x2c,0x15,0x00,0x00,0x00,0x00,0x00,0x00,0x18,0x2e,0x44,0x59,0x6b,0x7a,0x84,0x89,0x8c,0x8c,0x8c,0x8c,0x8c,0x8c,0x7c,0x62,0x49,0x2f,0x16,0x00,0x00,0x00,0x00,0x00,0x00,0x00,0x0c,0x23,0x38,0x4d,0x60,
    0x70,0x7d,0x86,0x8b,0x8c,0x8c,0x88,0x80,0x74,0x64,0x52,0x3e,0x28,0x12,0x00,0x00,0x00,0x00,0x00,0x17,0x31,0x4a,0x64,0x7d,0x8c,0x8c,0x8c,0x8c,0x8c,0x8c,0x8c,0x8c,0x8c,0x8c,0x72,0x59,0x3f,0x26,0x0c,0x00,0x00,0x04,0x1d,0x37,0x50,0x6a,0x83,0x8c,0x8c,0x8c,
    0x8c,0x8c,0x8c,0x8c,0x8c,0x8c,0x8a,0x71,0x57,0x3e,0x24,0x0b,0x00,0x00,0x00,0x10,0x2a,0x43,0x5d,0x76,0x8c,0x8c,0x8c,0x8c,0x8c,0x8a,0x84,0x7a,0x6c,0x5a,0x46,0x30,0x19,0x02,0x00,0x00,0x00,0x00,0x00,0x00,0x00,0x08,0x0d,0x0d,0x0d,0x1d,0x36,0x50,0x69,0x83,
    0x8c,0x8c,0x75,0x5c,0x42,0x29,0x0f,0x00,0x00,0x00,0x00,0x00,0x00,0x12,0x2b,0x45,0x5e,0x78,0x8c,0x8c,0x8c,0x8c,0x8c,0x8a,0x84,0x7b,0x6d,0x5b,0x46,0x30,0x1a,0x03,0x00,0x00,0x00,0x00,0x00,0x00,0x00,0x00,0x00,0x00,0x00,0x00,0x00,0x00,0x00,0x00,0x00,0x00,
    0x18,0x31,0x4b,0x64,0x7d,0x97,0x93,0x7a,0x60,0x47,0x2e,0x15,0x00,0x00,0x00,0x00,0x00,0x00,0x00,0x00,0x00,0x00,0x0e,0x27,0x40,0x5a,0x73,0x8c,0x9e,0x84,0x6b,0x52,0x38,0x1f,0x05,0x00,0x00,0x06,0x1f,0x39,0x52,0x6c,0x85,0x9f,0x88,0x6f,0x55,0x3c,0x22,0x09,
    0x00,0x00,0x00,0x00,0x00,0x00,0x00,0x00,0x00,0x00,0x00,0x02,0x1b,0x35,0x4e,0x68,0x81,0x9b,0x8c,0x73,0x59,0x40,0x26,0x0d,0x00,0x00,0x00,0x00,0x00,0x00,0x0d,0x27,0x40,0x5a,0x73,0x8d,0x98,0x7f,0x65,0x4c,0x32,0x19,0x00,0x00,0x00,0x00,0x00,0x00,0x00,0x00,
    0x00,0x00,0x12,0x2c,0x45,0x5f,0x78,0x92,0x93,0x7a,0x60,0x47,0x2d,0x14,0x00,0x00,0x00,0x00,0x00,0x00,0x00,0x00,0x16,0x2e,0x46,0x5e,0x75,0x8d,0x9a,0x82,0x6b,0x53,0x3b,0x23,0x0b,0x00,0x00,0x00,0x00,0x00,0x00,0x00,0x00,0x00,0x00,0x00,0x00,0x00,0x00,0x00,
    0x00,0x00,0x00,0x00,0x00,0x05,0x1d,0x34,0x4c,0x64,0x7c,0x93,0x94,0x7c,0x64,0x4c,0x35,0x1d,0x05,0x00,0x00,0x00,0x00,0x04,0x1d,0x37,0x50,0x6a,0x83,0x9d,0x8a,0x71,0x57,0x3e,0x24,0x0b,0x00,0x00,0x00,0x0f,0x29,0x42,0x5c,0x75,0x8f,0x97,0x97,0x97,0x97,0x9a,
    0x9d,0x91,0x80,0x6d,0x57,0x41,0x2a,0x12,0x00,0x00,0x00,0x00,0x09,0x1e,0x2f,0x3b,0x3f,0x3f,0x3f,0x3f,0x59,0x72,0x8c,0x9f,0x86,0x6c,0x53,0x39,0x20,0x06,0x00,0x00,0x00,0x00,0x0f,0x23,0x36,0x48,0x56,0x62,0x6b,0x70,0x72,0x73,0x73,0x71,0x6d,0x6f,0x81,0x93,
    0x8c,0x7a,0x67,0x4f,0x36,0x1c,0x03,0x00,0x00,0x0b,0x24,0x3d,0x56,0x6d,0x73,0x73,0x73,0x71,0x5d,0x44,0x2b,0x12,0x00,0x00,0x00,0x00,0x00,0x00,0x11,0x2a,0x43,0x5c,0x71,0x73,0x73,0x72,0x60,0x6f,0x73,0x73,0x73,0x63,0x4a,0x31,0x18,0x00,0x00,0x00,0x00,0x00,
    0x00,0x00,0x00,0x00,0x00,0x00,0x00,0x00,0x00,0x0d,0x23,0x37,0x4a,0x5b,0x67,0x6f,0x73,0x72,0x6f,0x66,0x59,0x48,0x35,0x20,0x0a,0x00,0x00,0x00,0x00,0x00,0x00,0x0b,0x21,0x35,0x47,0x57,0x63,0x6b,0x70,0x72,0x73,0x73,0x73,0x73,0x73,0x72,0x5f,0x47,0x2e,0x15,
    0x00,0x00,0x00,0x00,0x00,0x00,0x00,0x00,0x15,0x29,0x3c,0x4c,0x5b,0x66,0x6e,0x72,0x73,0x72,0x6f,0x68,0x5e,0x50,0x40,0x2e,0x1a,0x05,0x00,0x00,0x00,0x00,0x00,0x17,0x30,0x49,0x61,0x73,0x73,0x73,0x73,0x73,0x73,0x73,0x73,0x73,0x73,0x73,0x6d,0x57,0x3e,0x25,
    0x0c,0x00,0x00,0x03,0x1c,0x35,0x4e,0x66,0x73,0x73,0x73,0x73,0x73,0x73,0x73,0x73,0x73,0x73,0x73,0x6c,0x55,0x3c,0x23,0x0a,0x00,0x00,0x00,0x0f,0x29,0x42,0x5a,0x70,0x73,0x73,0x73,0x73,0x72,0x70,0x6c,0x63,0x58,0x48,0x36,0x22,0x0d,0x00,0x00,0x00,0x00,0x00,
    0x00,0x00,0x00,0x00,0x00,0x00,0x03,0x1c,0x35,0x4e,0x66,0x73,0x73,0x73,0x6f,0x59,0x41,0x28,0x0e,0x00,0x00,0x00,0x00,0x00,0x00,0x11,0x2a,0x43,0x5c,0x71,0x73,0x73,0x73,0x73,0x73,0x70,0x6c,0x64,0x58,0x49,0x37,0x23,0x0e,0x00,0x00,0x00,0x00,0x00,0x00,0x00,
    0x00,0x00,0x00,0x00,0x00,0x00,0x00,0x00,0x00,0x00,0x00,0x00,0x15,0x2e,0x47,0x60,0x7a,0x93,0x96,0x7d,0x64,0x4b,0x32,0x1a,0x01,0x00,0x00,0x00,0x00,0x00,0x00,0x00,0x00,0x00,0x13,0x2c,0x45,0x5e,0x77,0x90,0x99,0x80,0x67,0x4e,0x35,0x1c,0x02,0x00,0x00,0x06,
    0x1f,0x39,0x52,0x6c,0x85,0x9f,0x88,0x6f,0x55,0x3c,0x22,0x1a,0x14,0x09,0x00,0x00,0x00,0x00,0x00,0x00,0x00,0x05,0x11,0x19,0x1b,0x35,0x4e,0x68,0x81,0x9b,0x8c,0x73,0x59,0x40,0x26,0x0d,0x00,0x00,0x00,0x00,0x00,0x00,0x0d,0x27,0x40,0x5a,0x73,0x8d,0x98,0x7f,
    0x65,0x4c,0x32,0x19,0x0c,0x00,0x00,0x00,0x00,0x00,0x00,0x00,0x00,0x09,0x13,0x2c,0x45,0x5f,0x78,0x92,0x93,0x7a,0x60,0x47,0x2d,0x14,0x00,0x00,0x00,0x00,0x00,0x00,0x00,0x08,0x1f,0x37,0x4f,0x67,0x7e,0x96,0x91,0x79,0x61,0x4a,0x32,0x1a,0x02,0x00,0x00,0x00,
    0x00,0x00,0x00,0x00,0x00,0x00,0x00,0x00,0x00,0x00,0x00,0x00,0x00,0x00,0x00,0x00,0x00,0x00,0x13,0x2b,0x43,0x5b,0x72,0x8a,0x9d,0x85,0x6d,0x56,0x3e,0x26,0x0e,0x00,0x00,0x00,0x00,0x04,0x1d,0x37,0x50,0x6a,0x83,0x9d,0x8a,0x71,0x57,0x3e,0x24,0x0b,0x00,0x00,
    0x00,0x0f,0x29,0x42,0x5c,0x75,0x8c,0x8c,0x8c,0x8e,0xa1,0x8f,0x84,0x7b,0x6d,0x5c,0x49,0x34,0x1e,0x08,0x00,0x00,0x00,0x00,0x15,0x2c,0x41,0x52,0x58,0x58,0x58,0x58,0x59,0x72,0x8c,0x9f,0x86,0x6c,0x53,0x39,0x20,0x06,0x00,0x00,0x00,0x00,0x00,0x12,0x24,0x33,
    0x40,0x4b,0x52,0x57,0x59,0x59,0x59,0x58,0x54,0x5d,0x6f,0x81,0x7a,0x68,0x56,0x44,0x2e,0x16,0x00,0x00,0x00,0x06,0x1d,0x34,0x49,0x57,0x59,0x59,0x59,0x59,0x4e,0x3a,0x24,0x0c,0x00,0x00,0x00,0x00,0x00,0x00,0x0b,0x23,0x39,0x4d,0x58,0x59,0x59,0x59,0x4f,0x58,
    0x59,0x59,0x59,0x51,0x3f,0x2a,0x12,0x00,0x00,0x00,0x00,0x00,0x00,0x00,0x00,0x00,0x00,0x00,0x00,0x00,0x00,0x00,0x13,0x26,0x37,0x45,0x50,0x56,0x59,0x59,0x56,0x4f,0x43,0x35,0x24,0x11,0x00,0x00,0x00,0x00,0x00,0x00,0x00,0x00,0x11,0x23,0x33,0x41,0x4b,0x52,
    0x57,0x59,0x59,0x59,0x59,0x59,0x59,0x59,0x4f,0x3d,0x26,0x0f,0x00,0x00,0x00,0x00,0x00,0x00,0x00,0x00,0x05,0x18,0x29,0x38,0x44,0x4e,0x55,0x58,0x59,0x59,0x56,0x50,0x47,0x3b,0x2d,0x1c,0x0a,0x00,0x00,0x00,0x00,0x00,0x00,0x11,0x28,0x3e,0x50,0x59,0x59,0x59,
    0x59,0x59,0x59,0x59,0x59,0x59,0x59,0x59,0x57,0x49,0x35,0x1e,0x06,0x00,0x00,0x00,0x16,0x2d,0x43,0x53,0x59,0x59,0x59,0x59,0x59,0x59,0x59,0x59,0x59,0x59,0x59,0x56,0x48,0x33,0x1d,0x05,0x00,0x00,0x00,0x0a,0x21,0x38,0x4c,0x58,0x59,0x59,0x59,0x59,0x59,0x57,
    0x53,0x4c,0x41,0x34,0x24,0x12,0x00,0x00,0x00,0x00,0x00,0x00,0x00,0x00,0x00,0x00,0x00,0x00,0x00,0x16,0x2d,0x42,0x53,0x59,0x59,0x59,0x58,0x4b,0x37,0x21,0x09,0x00,0x00,0x00,0x00,0x00,0x00,0x0b,0x23,0x39,0x4d,0x58,0x59,0x59,0x59,0x59,0x59,0x57,0x53,0x4c,
    0x42,0x35,0x25,0x13,0x00,0x00,0x00,0x00,0x00,0x00,0x00,0x00,0x00,0x00,0x00,0x00,0x00,0x00,0x00,0x00,0x00,0x00,0x00,0x00,0x11,0x2a,0x43,0x5c,0x74,0x8d,0x9b,0x83,0x6a,0x52,0x3a,0x23,0x0c,0x00,0x00,0x00,0x00,0x00,0x00,0x00,0x00,0x06,0x1c,0x34,0x4c,0x64,
    0x7c,0x95,0x93,0x7b,0x62,0x49,0x30,0x17,0x00,0x00,0x00,0x06,0x1f,0x39,0x52,0x6c,0x85,0x9f,0x88,0x6f,0x55,0x3c,0x35,0x33,0x2b,0x1d,0x0b,0x00,0x00,0x00,0x00,0x00,0x05,0x18,0x28,0x32,0x35,0x35,0x4e,0x68,0x81,0x9b,0x8c,0x73,0x59,0x40,0x26,0x0d,0x00,0x00,
    0x00,0x00,0x00,0x00,0x0d,0x27,0x40,0x5a,0x73,0x8d,0x98,0x7f,0x65,0x4c,0x32,0x2d,0x22,0x12,0x00,0x00,0x00,0x00,0x00,0x00,0x0e,0x1f,0x2b,0x30,0x45,0x5f,0x78,0x92,0x93,0x7a,0x60,0x47,0x2d,0x14,0x00,0x00,0x00,0x00,0x00,0x00,0x00,0x11,0x29,0x40,0x58,0x70,
    0x88,0x9f,0x88,0x70,0x58,0x40,0x29,0x11,0x00,0x00,0x00,0x00,0x00,0x00,0x00,0x00,0x00,0x00,0x00,0x00,0x00,0x00,0x00,0x00,0x00,0x00,0x00,0x00,0x00,0x00,0x0a,0x22,0x3a,0x51,0x69,0x81,0x99,0x8e,0x77,0x5f,0x47,0x2f,0x17,0x00,0x00,0x00,0x00,0x04,0x1d,0x37,
    0x50,0x6a,0x83,0x9d,0x8a,0x71,0x57,0x3e,0x24,0x0b,0x00,0x00,0x00,0x0e,0x28,0x41,0x59,0x6f,0x73,0x73,0x73,0x86,0x9f,0x8c,0x72,0x64,0x58,0x49,0x38,0x25,0x11,0x00,0x00,0x00,0x00,0x02,0x1c,0x35,0x4e,0x65,0x72,0x72,0x72,0x72,0x72,0x77,0x8d,0x9e,0x85,0x6b,
    0x52,0x38,0x1f,0x06,0x00,0x00,0x00,0x00,0x00,0x00,0x10,0x1e,0x29,0x33,0x39,0x3e,0x40,0x40,0x40,0x3e,0x3b,0x4b,0x5d,0x6e,0x68,0x56,0x44,0x32,0x20,0x0b,0x00,0x00,0x00,0x00,0x11,0x25,0x35,0x3e,0x40,0x40,0x40,0x3f,0x38,0x2a,0x17,0x02,0x00,0x00,0x00,0x00,
    0x00,0x00,0x01,0x16,0x29,0x38,0x3f,0x40,0x40,0x40,0x39,0x3f,0x40,0x40,0x40,0x3b,0x2e,0x1c,0x07,0x00,0x00,0x00,0x00,0x00,0x00,0x00,0x00,0x00,0x00,0x00,0x00,0x00,0x00,0x00,0x02,0x13,0x22,0x2e,0x37,0x3d,0x40,0x3f,0x3d,0x36,0x2d,0x20,0x11,0x00,0x00,0x00,
    0x00,0x00,0x00,0x00,0x00,0x00,0x00,0x0f,0x1e,0x2a,0x33,0x3a,0x3e,0x3f,0x40,0x40,0x40,0x40,0x40,0x40,0x39,0x2b,0x19,0x04,0x00,0x00,0x00,0x00,0x00,0x00,0x00,0x00,0x00,0x05,0x14,0x22,0x2d,0x36,0x3c,0x3f,0x40,0x3f,0x3d,0x38,0x30,0x25,0x18,0x09,0x00,0x00,
    0x00,0x00,0x00,0x00,0x00,0x05,0x1a,0x2d,0x3a,0x40,0x40,0x40,0x40,0x40,0x40,0x40,0x40,0x40,0x40,0x40,0x3e,0x35,0x25,0x11,0x00,0x00,0x00,0x00,0x0a,0x1f,0x30,0x3c,0x40,0x40,0x40,0x40,0x40,0x40,0x40,0x40,0x40,0x40,0x40,0x3e,0x34,0x24,0x10,0x00,0x00,0x00,
    0x00,0x00,0x14,0x28,0x37,0x3f,0x40,0x40,0x40,0x40,0x40,0x3e,0x3a,0x33,0x2a,0x1f,0x10,0x00,0x00,0x00,0x00,0x00,0x00,0x00,0x00,0x00,0x00,0x00,0x00,0x00,0x00,0x0a,0x1e,0x30,0x3c,0x40,0x40,0x40,0x3f,0x36,0x27,0x14,0x00,0x00,0x00,0x00,0x00,0x00,0x00,0x00,
    0x16,0x29,0x38,0x3f,0x40,0x40,0x40,0x40,0x40,0x3e,0x3a,0x34,0x2b,0x1f,0x11,0x01,0x00,0x00,0x00,0x00,0x00,0x00,0x00,0x00,0x00,0x00,0x00,0x00,0x00,0x00,0x00,0x00,0x00,0x00,0x00,0x00,0x0b,0x24,0x3c,0x55,0x6d,0x85,0x9d,0x8b,0x73,0x5c,0x45,0x2f,0x1a,0x06,
    0x00,0x00,0x00,0x00,0x00,0x00,0x00,0x14,0x29,0x3f,0x55,0x6d,0x84,0x9c,0x8b,0x73,0x5b,0x43,0x2a,0x12,0x00,0x00,0x00,0x06,0x1f,0x39,0x52,0x6c,0x85,0x9f,0x88,0x6f,0x55,0x4e,0x4e,0x4c,0x41,0x2f,0x19,0x03,0x00,0x00,0x00,0x00,0x13,0x29,0x3c,0x4a,0x4e,0x4e,
    0x4e,0x68,0x81,0x9b,0x8c,0x73,0x59,0x40,0x26,0x0d,0x00,0x00,0x00,0x00,0x00,0x00,0x0d,0x27,0x40,0x5a,0x73,0x8d,0x98,0x7f,0x65,0x4c,0x4a,0x45,0x36,0x23,0x0d,0x00,0x00,0x00,0x00,0x08,0x1e,0x32,0x42,0x4a,0x4a,0x5f,0x78,0x92,0x93,0x7a,0x60,0x47,0x2d,0x14,
    0x00,0x00,0x00,0x00,0x00,0x00,0x02,0x1a,0x32,0x4a,0x61,0x79,0x91,0x96,0x7e,0x67,0x4f,0x37,0x1f,0x08,0x00,0x00,0x00,0x00,0x00,0x00,0x00,0x00,0x00,0x00,0x00,0x00,0x00,0x00,0x00,0x00,0x00,0x00,0x00,0x00,0x00,0x00,0x01,0x19,0x30,0x48,0x60,0x78,0x90,0x98,
    0x80,0x68,0x50,0x38,0x21,0x09,0x00,0x00,0x00,0x04,0x1d,0x37,0x50,0x6a,0x83,0x9d,0x8a,0x71,0x57,0x3e,0x24,0x0b,0x00,0x00,0x00,0x09,0x21,0x37,0x4b,0x58,0x59,0x59,0x6c,0x86,0x9f,0x8c,0x72,0x59,0x42,0x35,0x25,0x14,0x01,0x00,0x00,0x00,0x00,0x03,0x1c,0x36,
    0x4f,0x69,0x82,0x8b,0x8b,0x8b,0x8b,0x8d,0x9b,0x96,0x7f,0x66,0x4e,0x35,0x1c,0x03,0x00,0x00,0x00,0x00,0x00,0x00,0x00,0x07,0x12,0x1a,0x20,0x24,0x26,0x26,0x26,0x25,0x27,0x39,0x4a,0x56,0x53,0x44,0x32,0x20,0x0e,0x00,0x00,0x00,0x00,0x00,0x01,0x11,0x1e,0x25,
    0x26,0x26,0x26,0x26,0x21,0x15,0x06,0x00,0x00,0x00,0x00,0x00,0x00,0x00,0x00,0x05,0x15,0x20,0x26,0x26,0x26,0x26,0x22,0x26,0x26,0x26,0x26,0x23,0x18,0x0a,0x00,0x00,0x00,0x00,0x00,0x00,0x00,0x00,0x00,0x00,0x00,0x00,0x00,0x00,0x00,0x00,0x00,0x00,0x0c,0x17,
    0x1f,0x24,0x26,0x26,0x24,0x1e,0x16,0x0a,0x00,0x00,0x00,0x00,0x00,0x00,0x00,0x00,0x00,0x00,0x00,0x00,0x08,0x12,0x1b,0x21,0x24,0x26,0x26,0x26,0x26,0x26,0x26,0x26,0x22,0x17,0x07,0x00,0x00,0x00,0x00,0x00,0x00,0x00,0x00,0x00,0x00,0x00,0x00,0x0b,0x15,0x1d,
    0x23,0x26,0x26,0x26,0x24,0x1f,0x18,0x0e,0x02,0x00,0x00,0x00,0x00,0x00,0x00,0x00,0x00,0x00,0x09,0x18,0x22,0x26,0x26,0x26,0x26,0x26,0x26,0x26,0x26,0x26,0x26,0x26,0x25,0x1e,0x12,0x01,0x00,0x00,0x00,0x00,0x00,0x0c,0x1a,0x24,0x26,0x26,0x26,0x26,0x26,0x26,
    0x26,0x26,0x26,0x26,0x26,0x25,0x1e,0x11,0x00,0x00,0x00,0x00,0x00,0x00,0x04,0x14,0x20,0x26,0x26,0x26,0x26,0x26,0x26,0x24,0x21,0x1b,0x13,0x08,0x00,0x00,0x00,0x00,0x00,0x00,0x00,0x00,0x00,0x00,0x00,0x00,0x00,0x00,0x00,0x00,0x0c,0x1a,0x23,0x26,0x26,0x26,
    0x26,0x1f,0x13,0x03,0x00,0x00,0x00,0x00,0x00,0x00,0x00,0x00,0x05,0x15,0x20,0x26,0x26,0x26,0x26,0x26,0x26,0x24,0x21,0x1b,0x13,0x09,0x00,0x00,0x00,0x00,0x00,0x00,0x00,0x00,0x00,0x00,0x00,0x00,0x00,0x00,0x00,0x00,0x00,0x00,0x00,0x00,0x00,0x00,0x04,0x1d,
    0x35,0x4c,0x64,0x7b,0x92,0x95,0x7e,0x68,0x53,0x3e,0x29,0x15,0x01,0x00,0x00,0x00,0x00,0x00,0x10,0x24,0x38,0x4d,0x62,0x78,0x8e,0x98,0x81,0x6a,0x52,0x3b,0x23,0x0b,0x00,0x00,0x00,0x06,0x1f,0x39,0x52,0x6c,0x85,0x9f,0x88,0x6f,0x68,0x68,0x68,0x64,0x52,0x3b,
    0x23,0x0a,0x00,0x00,0x00,0x03,0x1c,0x35,0x4c,0x60,0x68,0x68,0x68,0x68,0x81,0x9b,0x8c,0x73,0x59,0x40,0x26,0x0d,0x00,0x00,0x00,0x00,0x00,0x00,0x0d,0x27,0x40,0x5a,0x73,0x8c,0x98,0x7f,0x65,0x63,0x63,0x5a,0x46,0x2f,0x17,0x00,0x00,0x00,0x00,0x11,0x29,0x41,
    0x56,0x63,0x63,0x64,0x78,0x92,0x93,0x79,0x60,0x46,0x2d,0x13,0x00,0x00,0x00,0x00,0x00,0x00,0x0b,0x23,0x3b,0x53,0x6b,0x82,0x9a,0x8d,0x75,0x5d,0x46,0x2e,0x16,0x00,0x00,0x00,0x00,0x00,0x00,0x00,0x00,0x00,0x00,0x00,0x00,0x00,0x00,0x00,0x00,0x00,0x00,0x00,
    0x00,0x00,0x00,0x00,0x00,0x0f,0x27,0x3f,0x57,0x6f,0x86,0x9e,0x89,0x71,0x59,0x42,0x2a,0x12,0x00,0x00,0x00,0x04,0x1d,0x37,0x50,0x6a,0x83,0x9d,0x8a,0x71,0x57,0x3e,0x24,0x0b,0x00,0x00,0x00,0x00,0x14,0x27,0x36,0x3f,0x40,0x53,0x6c,0x86,0x9a,0x8c,0x72,0x59,
    0x3f,0x26,0x11,0x01,0x00,0x00,0x00,0x00,0x00,0x03,0x1c,0x36,0x4f,0x69,0x82,0x97,0x97,0x97,0x97,0x97,0x93,0x85,0x72,0x5d,0x46,0x2e,0x16,0x00,0x00,0x00,0x00,0x00,0x00,0x00,0x00,0x00,0x00,0x02,0x07,0x0b,0x0d,0x0d,0x0d,0x0c,0x15,0x26,0x35,0x3c,0x3b,0x30,
    0x20,0x0e,0x00,0x00,0x00,0x00,0x00,0x00,0x00,0x00,0x06,0x0c,0x0d,0x0d,0x0d,0x0d,0x08,0x00,0x00,0x00,0x00,0x00,0x00,0x00,0x00,0x00,0x00,0x00,0x00,0x08,0x0c,0x0d,0x0d,0x0d,0x09,0x0c,0x0d,0x0d,0x0d,0x0a,0x02,0x00,0x00,0x00,0x00,0x00,0x00,0x00,0x00,0x00,
    0x00,0x00,0x00,0x00,0x00,0x00,0x00,0x00,0x00,0x00,0x00,0x00,0x06,0x0b,0x0d,0x0d,0x0a,0x05,0x00,0x00,0x00,0x00,0x00,0x00,0x00,0x00,0x00,0x00,0x00,0x00,0x00,0x00,0x00,0x00,0x02,0x07,0x0b,0x0c,0x0d,0x0d,0x0d,0x0d,0x0d,0x0d,0x09,0x00,0x00,0x00,0x00,0x00,
    0x00,0x00,0x00,0x00,0x00,0x00,0x00,0x00,0x00,0x00,0x00,0x05,0x09,0x0c,0x0d,0x0c,0x0a,0x06,0x00,0x00,0x00,0x00,0x00,0x00,0x00,0x00,0x00,0x00,0x00,0x00,0x00,0x01,0x09,0x0d,0x0d,0x0d,0x0d,0x0d,0x0d,0x0d,0x0d,0x0d,0x0d,0x0d,0x0c,0x06,0x00,0x00,0x00,0x00,
    0x00,0x00,0x00,0x00,0x03,0x0b,0x0d,0x0d,0x0d,0x0d,0x0d,0x0d,0x0d,0x0d,0x0d,0x0d,0x0d,0x0c,0x06,0x00,0x00,0x00,0x00,0x00,0x00,0x00,0x00,0x00,0x08,0x0c,0x0d,0x0d,0x0d,0x0d,0x0d,0x0b,0x08,0x02,0x00,0x00,0x00,0x00,0x00,0x00,0x00,0x00,0x00,0x00,0x00,0x00,
    0x00,0x00,0x00,0x00,0x00,0x00,0x00,0x03,0x0b,0x0d,0x0d,0x0d,0x0c,0x07,0x00,0x00,0x00,0x00,0x00,0x00,0x00,0x00,0x00,0x00,0x00,0x00,0x08,0x0c,0x0d,0x0d,0x0d,0x0d,0x0d,0x0b,0x08,0x03,0x00,0x00,0x00,0x00,0x00,0x00,0x00,0x00,0x00,0x00,0x00,0x00,0x00,0x00,
    0x00,0x00,0x00,0x00,0x00,0x00,0x00,0x00,0x00,0x00,0x00,0x14,0x2b,0x42,0x59,0x6f,0x85,0x9b,0x8b,0x76,0x61,0x4d,0x39,0x25,0x11,0x00,0x00,0x00,0x00,0x0b,0x20,0x33,0x47,0x5c,0x70,0x85,0x9b,0x8b,0x75,0x5f,0x48,0x31,0x19,0x02,0x00,0x00,0x00,0x06,0x1f,0x39,
    0x52,0x6c,0x85,0x9f,0x88,0x81,0x81,0x81,0x81,0x73,0x59,0x40,0x26,0x0d,0x00,0x00,0x00,0x06,0x1f,0x39,0x52,0x6c,0x81,0x81,0x81,0x81,0x82,0x9b,0x8c,0x73,0x59,0x40,0x26,0x0d,0x00,0x00,0x00,0x00,0x00,0x00,0x0b,0x25,0x3e,0x57,0x70,0x89,0x9d,0x87,0x7d,0x7d,
    0x7d,0x67,0x4e,0x34,0x1b,0x01,0x00,0x00,0x00,0x14,0x2e,0x47,0x61,0x7a,0x7d,0x7d,0x83,0x97,0x8f,0x76,0x5d,0x44,0x2b,0x11,0x00,0x00,0x00,0x00,0x00,0x00,0x14,0x2c,0x44,0x5c,0x74,0x8c,0x9a,0x84,0x6c,0x54,0x3c,0x25,0x0d,0x00,0x00,0x00,0x00,0x00,0x00,0x00,
    0x00,0x00,0x00,0x00,0x00,0x00,0x00,0x00,0x00,0x00,0x00,0x00,0x00,0x00,0x00,0x00,0x00,0x06,0x1e,0x36,0x4e,0x65,0x7d,0x95,0x92,0x7a,0x63,0x4b,0x33,0x1b,0x02,0x00,0x00,0x04,0x1d,0x37,0x50,0x6a,0x83,0x9a,0x8a,0x71,0x57,0x3e,0x24,0x0b,0x00,0x00,0x00,0x00,
    0x03,0x13,0x1f,0x26,0x39,0x53,0x6c,0x80,0x80,0x80,0x72,0x59,0x3f,0x26,0x0c,0x00,0x00,0x00,0x00,0x00,0x00,0x03,0x1c,0x36,0x4f,0x69,0x7e,0x7e,0x7e,0x7e,0x7e,0x7e,0x7a,0x70,0x61,0x4e,0x3a,0x24,0x0d,0x00,0x00,0x00,0x00,0x00,0x00,0x00,0x00,0x00,0x00,0x00,
    0x00,0x00,0x00,0x00,0x00,0x00,0x02,0x12,0x1d,0x23,0x22,0x1a,0x0d,0x00,0x00,0x00,0x00,0x00,0x00,0x00,0x00,0x00,0x00,0x00,0x00,0x00,0x00,0x00,0x00,0x00,0x00,0x00,0x00,0x00,0x00,0x00,0x00,0x00,0x00,0x00,0x00,0x00,0x00,0x00,0x00,0x00,0x00,0x00,0x00,0x00,
    0x00,0x00,0x00,0x00,0x00,0x00,0x00,0x00,0x00,0x00,0x00,0x00,0x00,0x00,0x00,0x00,0x00,0x00,0x00,0x00,0x00,0x00,0x00,0x00,0x00,0x00,0x00,0x00,0x00,0x00,0x00,0x00,0x00,0x00,0x00,0x00,0x00,0x00,0x00,0x00,0x00,0x00,0x00,0x00,0x00,0x00,0x00,0x00,0x00,0x00,
    0x00,0x00,0x00,0x00,0x00,0x00,0x00,0x00,0x00,0x00,0x00,0x00,0x00,0x00,0x00,0x00,0x00,0x00,0x00,0x00,0x00,0x00,0x00,0x00,0x00,0x00,0x00,0x00,0x00,0x00,0x00,0x00,0x00,0x00,0x00,0x00,0x00,0x00,0x00,0x00,0x00,0x00,0x00,0x00,0x00,0x00,0x00,0x00,0x00,0x00,
    0x00,0x00,0x00,0x00,0x00,0x00,0x00,0x00,0x00,0x00,0x00,0x00,0x00,0x00,0x00,0x00,0x00,0x00,0x00,0x00,0x00,0x00,0x00,0x00,0x00,0x00,0x00,0x00,0x00,0x00,0x00,0x00,0x00,0x00,0x00,0x00,0x00,0x00,0x00,0x00,0x00,0x00,0x00,0x00,0x00,0x00,0x00,0x00,0x00,0x00,
    0x00,0x00,0x00,0x00,0x00,0x00,0x00,0x00,0x00,0x00,0x00,0x00,0x00,0x00,0x00,0x00,0x00,0x00,0x00,0x00,0x00,0x00,0x00,0x00,0x00,0x00,0x00,0x00,0x00,0x00,0x00,0x00,0x00,0x00,0x00,0x00,0x00,0x00,0x00,0x00,0x00,0x00,0x00,0x00,0x00,0x00,0x00,0x00,0x00,0x00,
    0x00,0x00,0x00,0x00,0x00,0x00,0x00,0x00,0x00,0x00,0x00,0x00,0x00,0x00,0x00,0x00,0x00,0x00,0x00,0x00,0x00,0x00,0x00,0x09,0x20,0x36,0x4c,0x62,0x77,0x8c,0x9a,0x85,0x71,0x5d,0x49,0x34,0x1c,0x04,0x00,0x00,0x00,0x15,0x2d,0x43,0x57,0x6b,0x7f,0x94,0x91,0x7d,
    0x68,0x52,0x3c,0x26,0x0f,0x00,0x00,0x00,0x00,0x06,0x1f,0x39,0x52,0x6c,0x85,0x9f,0x9c,0x9b,0x9b,0x9b,0x8c,0x73,0x59,0x40,0x26,0x0d,0x00,0x00,0x00,0x06,0x1f,0x39,0x52,0x6c,0x85,0x9b,0x9b,0x9b,0x9b,0xa2,0x8c,0x73,0x59,0x40,0x26,0x0d,0x00,0x00,0x00,0x00,
    0x00,0x00,0x07,0x20,0x39,0x51,0x69,0x81,0x95,0x9c,0x97,0x96,0x81,0x67,0x4e,0x34,0x1b,0x01,0x00,0x00,0x00,0x14,0x2e,0x47,0x61,0x7a,0x94,0x97,0x9a,0x99,0x86,0x6f,0x57,0x3f,0x26,0x0d,0x00,0x00,0x00,0x00,0x00,0x00,0x17,0x30,0x4a,0x63,0x7d,0x80,0x80,0x7b,
    0x63,0x4b,0x33,0x1c,0x04,0x00,0x00,0x00,0x00,0x00,0x00,0x00,0x00,0x00,0x00,0x00,0x00,0x00,0x00,0x00,0x00,0x00,0x00,0x00,0x00,0x00,0x00,0x00,0x00,0x00,0x15,0x2d,0x44,0x5c,0x74,0x80,0x80,0x80,0x6b,0x51,0x38,0x1e,0x05,0x00,0x00,0x04,0x1d,0x37,0x50,0x6a,
    0x80,0x80,0x80,0x71,0x57,0x3e,0x24,0x0b,0x00,0x00,0x00,0x00,0x00,0x00,0x07,0x1c,0x35,0x4c,0x60,0x67,0x67,0x67,0x63,0x51,0x3b,0x22,0x0a,0x00,0x00,0x00,0x00,0x00,0x00,0x00,0x19,0x31,0x48,0x5c,0x64,0x64,0x64,0x64,0x64,0x64,0x62,0x5a,0x4d,0x3d,0x2b,0x16,
    0x01,0x00,0x00,0x00,0x00,0x00,0x00,0x00,0x00,0x00,0x00,0x00,0x00,0x00,0x00,0x00,0x00,0x00,0x00,0x00,0x05,0x0a,0x09,0x02,0x00,0x00,0x00,0x00,0x00,0x00,0x00,0x00,0x00,0x00,0x00,0x00,0x00,0x00,0x00,0x00,0x00,0x00,0x00,0x00,0x00,0x00,0x00,0x00,0x00,0x00,
    0x00,0x00,0x00,0x00,0x00,0x00,0x00,0x00,0x00,0x00,0x00,0x00,0x00,0x00,0x00,0x00,0x00,0x00,0x00,0x00,0x00,0x00,0x00,0x00,0x00,0x00,0x00,0x00,0x00,0x00,0x00,0x00,0x00,0x00,0x00,0x00,0x00,0x00,0x00,0x00,0x00,0x00,0x00,0x00,0x00,0x00,0x00,0x00,0x00,0x00,
    0x00,0x00,0x00,0x00,0x00,0x00,0x00,0x00,0x00,0x00,0x00,0x00,0x00,0x00,0x00,0x00,0x00,0x00,0x00,0x00,0x00,0x00,0x00,0x00,0x00,0x00,0x00,0x00,0x00,0x00,0x00,0x00,0x00,0x00,0x00,0x00,0x00,0x00,0x00,0x00,0x00,0x00,0x00,0x00,0x00,0x00,0x00,0x00,0x00,0x00,
    0x00,0x00,0x00,0x00,0x00,0x00,0x00,0x00,0x00,0x00,0x00,0x00,0x00,0x00,0x00,0x00,0x00,0x00,0x00,0x00,0x00,0x00,0x00,0x00,0x00,0x00,0x00,0x00,0x00,0x00,0x00,0x00,0x00,0x00,0x00,0x00,0x00,0x00,0x00,0x00,0x00,0x00,0x00,0x00,0x00,0x00,0x00,0x00,0x00,0x00,
    0x00,0x00,0x00,0x00,0x00,0x00,0x00,0x00,0x00,0x00,0x00,0x00,0x00,0x00,0x00,0x00,0x00,0x00,0x00,0x00,0x00,0x00,0x00,0x00,0x00,0x00,0x00,0x00,0x00,0x00,0x00,0x00,0x00,0x00,0x00,0x00,0x00,0x00,0x00,0x00,0x00,0x00,0x00,0x00,0x00,0x00,0x00,0x00,0x00,0x00,
    0x00,0x00,0x00,0x00,0x00,0x00,0x00,0x00,0x00,0x00,0x00,0x00,0x00,0x00,0x00,0x00,0x00,0x00,0x00,0x00,0x00,0x00,0x00,0x00,0x00,0x00,0x00,0x00,0x00,0x00,0x00,0x00,0x00,0x00,0x00,0x00,0x14,0x29,0x3f,0x54,0x68,0x7c,0x88,0x88,0x81,0x6d,0x54,0x3b,0x22,0x08,
    0x00,0x00,0x01,0x1b,0x34,0x4d,0x66,0x7b,0x88,0x88,0x81,0x6e,0x59,0x45,0x2f,0x19,0x03,0x00,0x00,0x00,0x00,0x06,0x1f,0x39,0x52,0x6c,0x85,0x88,0x88,0x88,0x88,0x88,0x88,0x73,0x59,0x40,0x26,0x0d,0x00,0x00,0x00,0x06,0x1f,0x39,0x52,0x6c,0x85,0x88,0x88,0x88,
    0x88,0x88,0x88,0x73,0x59,0x40,0x26,0x0d,0x00,0x00,0x00,0x00,0x00,0x00,0x01,0x19,0x30,0x48,0x5e,0x71,0x7f,0x86,0x88,0x88,0x81,0x67,0x4e,0x34,0x1b,0x01,0x00,0x00,0x00,0x14,0x2e,0x47,0x61,0x7a,0x88,0x88,0x87,0x82,0x75,0x63,0x4d,0x36,0x1f,0x07,0x00,0x00,
    0x00,0x00,0x00,0x00,0x14,0x2d,0x44,0x5a,0x66,0x67,0x67,0x66,0x58,0x42,0x2a,0x12,0x00,0x00,0x00,0x00,0x00,0x00,0x00,0x00,0x00,0x00,0x00,0x00,0x00,0x00,0x00,0x00,0x00,0x00,0x00,0x00,0x00,0x00,0x00,0x00,0x00,0x00,0x0c,0x23,0x3b,0x52,0x64,0x67,0x67,0x67,
    0x5f,0x4b,0x33,0x1b,0x02,0x00,0x00,0x01,0x1a,0x32,0x4a,0x5e,0x67,0x67,0x67,0x62,0x50,0x39,0x21,0x08,0x00,0x00,0x00,0x00,0x00,0x00,0x00,0x13,0x29,0x3c,0x49,0x4d,0x4d,0x4d,0x4b,0x40,0x2e,0x19,0x02,0x00,0x00,0x00,0x00,0x00,0x00,0x00,0x0f,0x25,0x38,0x46,
    0x4b,0x4b,0x4b,0x4b,0x4b,0x4b,0x49,0x42,0x37,0x29,0x19,0x07,0x00,0x00,0x00,0x00,0x00,0x00,0x00,0x00,0x00,0x00,0x00,0x00,0x00,0x00,0x00,0x00,0x00,0x00,0x00,0x00,0x00,0x00,0x00,0x00,0x00,0x00,0x00,0x00,0x00,0x00,0x00,0x00,0x00,0x00,0x00,0x00,0x00,0x00,
    0x00,0x00,0x00,0x00,0x00,0x00,0x00,0x00,0x00,0x00,0x00,0x00,0x00,0x00,0x00,0x00,0x00,0x00,0x00,0x00,0x00,0x00,0x00,0x00,0x00,0x00,0x00,0x00,0x00,0x00,0x00,0x00,0x00,0x00,0x00,0x00,0x00,0x00,0x00,0x00,0x00,0x00,0x00,0x00,0x00,0x00,0x00,0x00,0x00,0x00,
    0x00,0x00,0x00,0x00,0x00,0x00,0x00,0x00,0x00,0x00,0x00,0x00,0x00,0x00,0x00,0x00,0x00,0x00,0x00,0x00,0x00,0x00,0x00,0x00,0x00,0x00,0x00,0x00,0x00,0x00,0x00,0x00,0x00,0x00,0x00,0x00,0x00,0x00,0x00,0x00,0x00,0x00,0x00,0x00,0x00,0x00,0x00,0x00,0x00,0x00,
    0x00,0x00,0x00,0x00,0x00,0x00,0x00,0x00,0x00,0x00,0x00,0x00,0x00,0x00,0x00,0x00,0x00,0x00,0x00,0x00,0x00,0x00,0x00,0x00,0x00,0x00,0x00,0x00,0x00,0x00,0x00,0x00,0x00,0x00,0x00,0x00,0x00,0x00,0x00,0x00,0x00,0x00,0x00,0x00,0x00,0x00,0x00,0x00,0x00,0x00,
    0x00,0x00,0x00,0x00,0x00,0x00,0x00,0x00,0x00,0x00,0x00,0x00,0x00,0x00,0x00,0x00,0x00,0x00,0x00,0x00,0x00,0x00,0x00,0x00,0x00,0x00,0x00,0x00,0x00,0x00,0x00,0x00,0x00,0x00,0x00,0x00,0x00,0x00,0x00,0x00,0x00,0x00,0x00,0x00,0x00,0x00,0x00,0x00,0x00,0x00,
    0x00,0x00,0x00,0x00,0x00,0x00,0x00,0x00,0x00,0x00,0x00,0x00,0x00,0x00,0x00,0x00,0x00,0x00,0x00,0x00,0x00,0x00,0x00,0x00,0x00,0x00,0x00,0x00,0x00,0x00,0x00,0x00,0x00,0x00,0x00,0x00,0x00,0x00,0x00,0x00,0x00,0x00,0x00,0x00,0x00,0x00,0x00,0x00,0x06,0x1b,
    0x30,0x44,0x58,0x6a,0x6f,0x6f,0x6f,0x68,0x52,0x3a,0x21,0x07,0x00,0x00,0x00,0x1a,0x33,0x4b,0x62,0x6f,0x6f,0x6f,0x6e,0x5d,0x4a,0x36,0x21,0x0c,0x00,0x00,0x00,0x00,0x00,0x04,0x1e,0x37,0x4f,0x65,0x6f,0x6f,0x6f,0x6f,0x6f,0x6f,0x6f,0x6a,0x56,0x3e,0x25,0x0c,
    0x00,0x00,0x00,0x04,0x1e,0x37,0x4f,0x65,0x6f,0x6f,0x6f,0x6f,0x6f,0x6f,0x6f,0x6a,0x56,0x3e,0x25,0x0c,0x00,0x00,0x00,0x00,0x00,0x00,0x00,0x0f,0x25,0x3a,0x4d,0x5d,0x68,0x6d,0x6f,0x6f,0x6f,0x62,0x4b,0x32,0x19,0x00,0x00,0x00,0x00,0x13,0x2c,0x45,0x5c,0x6e,
    0x6f,0x6f,0x6e,0x69,0x60,0x51,0x3f,0x2a,0x14,0x00,0x00,0x00,0x00,0x00,0x00,0x00,0x0b,0x22,0x36,0x46,0x4d,0x4d,0x4d,0x4d,0x44,0x34,0x1f,0x09,0x00,0x00,0x00,0x00,0x00,0x00,0x00,0x00,0x00,0x00,0x00,0x00,0x00,0x00,0x00,0x00,0x00,0x00,0x00,0x00,0x00,0x00,
    0x00,0x00,0x00,0x00,0x02,0x19,0x2e,0x40,0x4b,0x4d,0x4d,0x4d,0x49,0x3b,0x28,0x12,0x00,0x00,0x00,0x00,0x11,0x27,0x3a,0x48,0x4d,0x4d,0x4d,0x4b,0x3f,0x2d,0x17,0x00,0x00,0x00,0x00,0x00,0x00,0x00,0x00,0x05,0x18,0x27,0x31,0x34,0x34,0x34,0x32,0x2a,0x1c,0x0a,
    0x00,0x00,0x00,0x00,0x00,0x00,0x00,0x00,0x01,0x14,0x24,0x2e,0x31,0x31,0x31,0x31,0x31,0x31,0x2f,0x2a,0x21,0x14,0x06,0x00,0x00,0x00,0x00,0x00,0x00,0x00,0x00,0x00,0x00,0x00,0x00,0x00,0x00,0x00,0x00,0x00,0x00,0x00,0x00,0x00,0x00,0x00,0x00,0x00,0x00,0x00,
    0x00,0x00,0x00,0x00,0x00,0x00,0x00,0x00,0x00,0x00,0x00,0x00,0x00,0x00,0x00,0x00,0x00,0x00,0x00,0x00,0x00,0x00,0x00,0x00,0x00,0x00,0x00,0x00,0x00,0x00,0x00,0x00,0x00,0x00,0x00,0x00,0x00,0x00,0x00,0x00,0x00,0x00,0x00,0x00,0x00,0x00,0x00,0x00,0x00,0x00,
    0x00,0x00,0x00,0x00,0x00,0x00,0x00,0x00,0x00,0x00,0x00,0x00,0x00,0x00,0x00,0x00,0x00,0x00,0x00,0x00,0x00,0x00,0x00,0x00,0x00,0x00,0x00,0x00,0x00,0x00,0x00,0x00,0x00,0x00,0x00,0x00,0x00,0x00,0x00,0x00,0x00,0x00,0x00,0x00,0x00,0x00,0x00,0x00,0x00,0x00,
    0x00,0x00,0x00,0x00,0x00,0x00,0x00,0x00,0x00,0x00,0x00,0x00,0x00,0x00,0x00,0x00,0x00,0x00,0x00,0x00,0x00,0x00,0x00,0x00,0x00,0x00,0x00,0x00,0x00,0x00,0x00,0x00,0x00,0x00,0x00,0x00,0x00,0x00,0x00,0x00,0x00,0x00,0x00,0x00,0x00,0x00,0x00,0x00,0x00,0x00,
    0x00,0x00,0x00,0x00,0x00,0x00,0x00,0x00,0x00,0x00,0x00,0x00,0x00,0x00,0x00,0x00,0x00,0x00,0x00,0x00,0x00,0x00,0x00,0x00,0x00,0x00,0x00,0x00,0x00,0x00,0x00,0x00,0x00,0x00,0x00,0x00,0x00,0x00,0x00,0x00,0x00,0x00,0x00,0x00,0x00,0x00,0x00,0x00,0x00,0x00,
    0x00,0x00,0x00,0x00,0x00,0x00,0x00,0x00,0x00,0x00,0x00,0x00,0x00,0x00,0x00,0x00,0x00,0x00,0x00,0x00,0x00,0x00,0x00,0x00,0x00,0x00,0x00,0x00,0x00,0x00,0x00,0x00,0x00,0x00,0x00,0x00,0x00,0x00,0x00,0x00,0x00,0x00,0x00,0x00,0x00,0x00,0x00,0x00,0x00,0x00,
    0x00,0x00,0x00,0x00,0x00,0x00,0x00,0x00,0x00,0x00,0x00,0x0c,0x20,0x34,0x46,0x53,0x55,0x55,0x55,0x52,0x44,0x30,0x19,0x01,0x00,0x00,0x00,0x12,0x29,0x3e,0x4f,0x55,0x55,0x55,0x55,0x4b,0x39,0x26,0x12,0x00,0x00,0x00,0x00,0x00,0x00,0x00,0x16,0x2d,0x41,0x51,
    0x55,0x55,0x55,0x55,0x55,0x55,0x55,0x53,0x46,0x33,0x1d,0x05,0x00,0x00,0x00,0x00,0x16,0x2d,0x41,0x51,0x55,0x55,0x55,0x55,0x55,0x55,0x55,0x53,0x46,0x33,0x1d,0x05,0x00,0x00,0x00,0x00,0x00,0x00,0x00,0x02,0x16,0x29,0x39,0x46,0x4f,0x54,0x55,0x55,0x55,0x4f,
    0x3e,0x29,0x12,0x00,0x00,0x00,0x00,0x0c,0x23,0x39,0x4b,0x55,0x55,0x55,0x54,0x51,0x49,0x3d,0x2d,0x1b,0x07,0x00,0x00,0x00,0x00,0x00,0x00,0x00,0x00,0x12,0x23,0x2e,0x33,0x34,0x34,0x33,0x2d,0x21,0x10,0x00,0x00,0x00,0x00,0x00,0x00,0x00,0x00,0x00,0x00,0x00,
    0x00,0x00,0x00,0x00,0x00,0x00,0x00,0x00,0x00,0x00,0x00,0x00,0x00,0x00,0x00,0x00,0x00,0x0a,0x1c,0x2b,0x32,0x34,0x34,0x34,0x31,0x26,0x17,0x04,0x00,0x00,0x00,0x00,0x03,0x16,0x26,0x30,0x34,0x34,0x34,0x32,0x29,0x1b,0x09,0x00,0x00,0x00,0x00,0x00,0x00,0x00,
    0x00,0x00,0x04,0x10,0x18,0x1a,0x1a,0x1a,0x19,0x13,0x07,0x00,0x00,0x00,0x00,0x00,0x00,0x00,0x00,0x00,0x00,0x01,0x0d,0x16,0x18,0x18,0x18,0x18,0x18,0x18,0x16,0x11,0x09,0x00,0x00,0x00,0x00,0x00,0x00,0x00,0x00,0x00,0x00,0x00,0x00,0x00,0x00,0x00,0x00,0x00,
    0x00,0x00,0x00,0x00,0x00,0x00,0x00,0x00,0x00,0x00,0x00,0x00,0x00,0x00,0x00,0x00,0x00,0x00,0x00,0x00,0x00,0x00,0x00,0x00,0x00,0x00,0x00,0x00,0x00,0x00,0x00,0x00,0x00,0x00,0x00,0x00,0x00,0x00,0x00,0x00,0x00,0x00,0x00,0x00,0x00,0x00,0x00,0x00,0x00,0x00,
    0x00,0x00,0x00,0x00,0x00,0x00,0x00,0x00,0x00,0x00,0x00,0x00,0x00,0x00,0x00,0x00,0x00,0x00,0x00,0x00,0x00,0x00,0x00,0x00,0x00,0x00,0x00,0x00,0x00,0x00,0x00,0x00,0x00,0x00,0x00,0x00,0x00,0x00,0x00,0x00,0x00,0x00,0x00,0x00,0x00,0x00,0x00,0x00,0x00,0x00,
    0x00,0x00,0x00,0x00,0x00,0x00,0x00,0x00,0x00,0x00,0x00,0x00,0x00,0x00,0x00,0x00,0x00,0x00,0x00,0x00,0x00,0x00,0x00,0x00,0x00,0x00,0x00,0x00,0x00,0x00,0x00,0x00,0x00,0x00,0x00,0x00,0x00,0x00,0x00,0x00,0x00,0x00,0x00,0x00,0x00,0x00,0x00,0x00,0x00,0x00,
    0x00,0x00,0x00,0x00,0x00,0x00,0x00,0x00,0x00,0x00,0x00,0x00,0x00,0x00,0x00,0x00,0x00,0x00,0x00,0x00,0x00,0x00,0x00,0x00,0x00,0x00,0x00,0x00,0x00,0x00,0x00,0x00,0x00,0x00,0x00,0x00,0x00,0x00,0x00,0x00,0x00,0x00,0x00,0x00,0x00,0x00,0x00,0x00,0x00,0x00,
    0x00,0x00,0x00,0x00,0x00,0x00,0x00,0x00,0x00,0x00,0x00,0x00,0x00,0x00,0x00,0x00,0x00,0x00,0x00,0x00,0x00,0x00,0x00,0x00,0x00,0x00,0x00,0x00,0x00,0x00,0x00,0x00,0x00,0x00,0x00,0x00,0x00,0x00,0x00,0x00,0x00,0x00,0x00,0x00,0x00,0x00,0x00,0x00,0x00,0x00,
    0x00,0x00,0x00,0x00,0x00,0x00,0x00,0x00,0x00,0x00,0x00,0x00,0x00,0x00,0x00,0x00,0x00,0x00,0x00,0x00,0x00,0x00,0x00,0x00,0x10,0x22,0x31,0x3a,0x3c,0x3c,0x3c,0x3a,0x30,0x20,0x0c,0x00,0x00,0x00,0x00,0x06,0x1a,0x2c,0x38,0x3c,0x3c,0x3c,0x3b,0x35,0x27,0x15,
    0x02,0x00,0x00,0x00,0x00,0x00,0x00,0x00,0x0a,0x1d,0x2e,0x39,0x3c,0x3c,0x3c,0x3c,0x3c,0x3c,0x3c,0x3a,0x32,0x22,0x0f,0x00,0x00,0x00,0x00,0x00,0x0a,0x1d,0x2e,0x39,0x3c,0x3c,0x3c,0x3c,0x3c,0x3c,0x3c,0x3a,0x32,0x22,0x0f,0x00,0x00,0x00,0x00,0x00,0x00,0x00,
    0x00,0x00,0x05,0x16,0x24,0x2f,0x36,0x3a,0x3c,0x3c,0x3c,0x37,0x2b,0x1a,0x06,0x00,0x00,0x00,0x00,0x01,0x15,0x27,0x35,0x3b,0x3c,0x3c,0x3b,0x38,0x31,0x27,0x19,0x09,0x00,0x00,0x00,0x00,0x00,0x00,0x00,0x00,0x00,0x00,0x0d,0x16,0x1a,0x1a,0x1a,0x1a,0x15,0x0b,
    0x00,0x00,0x00,0x00,0x00,0x00,0x00,0x00,0x00,0x00,0x00,0x00,0x00,0x00,0x00,0x00,0x00,0x00,0x00,0x00,0x00,0x00,0x00,0x00,0x00,0x00,0x00,0x00,0x00,0x00,0x08,0x13,0x19,0x1a,0x1a,0x1a,0x18,0x10,0x03,0x00,0x00,0x00,0x00,0x00,0x00,0x03,0x0f,0x18,0x1a,0x1a,
    0x1a,0x19,0x12,0x07,0x00,0x00,0x00,0x00,0x00,0x00,0x00,0x00,0x00,0x00,0x00,0x00,0x00,0x01,0x01,0x01,0x00,0x00,0x00,0x00,0x00,0x00,0x00,0x00,0x00,0x00,0x00,0x00,0x00,0x00,0x00,0x00,0x00,0x00,0x00,0x00,0x00,0x00,0x00,0x00,0x00,0x00,0x00,0x00,0x00,0x00,
    0x00,0x00,0x00,0x00,0x00,0x00,0x00,0x00,0x00,0x00,0x00,0x00,0x00,0x00,0x00,0x00,0x00,0x00,0x00,0x00,0x00,0x00,0x00,0x00,0x00,0x00,0x00,0x00,0x00,0x00,0x00,0x00,0x00,0x00,0x00,0x00,0x00,0x00,0x00,0x00,0x00,0x00,0x00,0x00,0x00,0x00,0x00,0x00,0x00,0x00,
    0x00,0x00,0x00,0x00,0x00,0x00,0x00,0x00,0x00,0x00,0x00,0x00,0x00,0x00,0x00,0x00,0x00,0x00,0x00,0x00,0x00,0x00,0x00,0x00,0x00,0x00,0x00,0x00,0x00,0x00,0x00,0x00,0x00,0x00,0x00,0x00,0x00,0x00,0x00,0x00,0x00,0x00,0x00,0x00,0x00,0x00,0x00,0x00,0x00,0x00,
    0x00,0x00,0x00,0x00,0x00,0x00,0x00,0x00,0x00,0x00,0x00,0x00,0x00,0x00,0x00,0x00,0x00,0x00,0x00,0x00,0x00,0x00,0x00,0x00,0x00,0x00,0x00,0x00,0x00,0x00,0x00,0x00,0x00,0x00,0x00,0x00,0x00,0x00,0x00,0x00,0x00,0x00,0x00,0x00,0x00,0x00,0x00,0x00,0x00,0x00,
    0x00,0x00,0x00,0x00,0x00,0x00,0x00,0x00,0x00,0x00,0x00,0x00,0x00,0x00,0x00,0x00,0x00,0x00,0x00,0x00,0x00,0x00,0x00,0x00,0x00,0x00,0x00,0x00,0x00,0x00,0x00,0x00,0x00,0x00,0x00,0x00,0x00,0x00,0x00,0x00,0x00,0x00,0x00,0x00,0x00,0x00,0x00,0x00,0x00,0x00,
    0x00,0x00,0x00,0x00,0x00,0x00,0x00,0x00,0x00,0x00,0x00,0x00,0x00,0x00,0x00,0x00,0x00,0x00,0x00,0x00,0x00,0x00,0x00,0x00,0x00,0x00,0x00,0x00,0x00,0x00,0x00,0x00,0x00,0x00,0x00,0x00,0x00,0x00,0x00,0x00,0x00,0x00,0x00,0x00,0x00,0x00,0x00,0x00,0x00,0x00,
    0x00,0x00,0x00,0x00,0x00,0x00,0x00,0x00,0x00,0x00,0x00,0x00,0x00,0x00,0x00,0x00,0x00,0x00,0x00,0x00,0x00,0x00,0x00,0x00,0x00,0x00,0x00,0x00,0x00,0x00,0x00,0x00,0x00,0x00,0x00,0x00,0x00,0x0e,0x1a,0x21,0x22,0x22,0x22,0x21,0x19,0x0c,0x00,0x00,0x00,0x00,
    0x00,0x00,0x08,0x16,0x1f,0x22,0x22,0x22,0x22,0x1d,0x12,0x03,0x00,0x00,0x00,0x00,0x00,0x00,0x00,0x00,0x00,0x0a,0x18,0x20,0x22,0x22,0x22,0x22,0x22,0x22,0x22,0x21,0x1b,0x0e,0x00,0x00,0x00,0x00,0x00,0x00,0x00,0x0a,0x18,0x20,0x22,0x22,0x22,0x22,0x22,0x22,
    0x22,0x21,0x1b,0x0e,0x00,0x00,0x00,0x00,0x00,0x00,0x00,0x00,0x00,0x00,0x00,0x01,0x0d,0x17,0x1d,0x21,0x22,0x22,0x22,0x1f,0x16,0x08,0x00,0x00,0x00,0x00,0x00,0x00,0x03,0x13,0x1d,0x22,0x22,0x22,0x22,0x1f,0x19,0x10,0x04,0x00,0x00,0x00,0x00,0x00,0x00,0x00,
    0x00,0x00,0x00,0x00,0x00,0x00,0x00,0x01,0x01,0x00,0x00,0x00,0x00,0x00,0x00,0x00,0x00,0x00,0x00,0x00,0x00,0x00,0x00,0x00,0x00,0x00,0x00,0x00,0x00,0x00,0x00,0x00,0x00,0x00,0x00,0x00,0x00,0x00,0x00,0x00,0x00,0x00,0x00,0x00,0x00,0x01,0x01,0x01,0x00,0x00,
    0x00,0x00,0x00,0x00,0x00,0x00,0x00,0x00,0x00,0x00,0x01,0x01,0x01,0x00,0x00,0x00,0x00,0x00,0x00,0x00,0x00,0x00,0x00,0x00,0x00,0x00,0x00,0x00,0x00,0x00,0x00,0x00,0x00,0x00,0x00,0x00,0x00,0x00,0x00,0x00,0x00,0x00,0x00,0x00,0x00,0x00,0x00,0x00,0x00,0x00,
    0x00,0x00,0x00,0x00,0x00,0x00,0x00,0x00,0x00,0x00,0x00,0x00,0x00,0x00,0x00,0x00,0x00,0x00,0x00,0x00,0x00,0x00,0x00,0x00,0x00,0x00,0x00,0x00,0x00,0x00,0x00,0x00,0x00,0x00,0x00,0x00,0x00,0x00,0x00,0x00,0x00,0x00,0x00,0x00,0x00,0x00,0x00,0x00,0x00,0x00,
    0x00,0x00,0x00,0x00,0x00,0x00,0x00,0x00,0x00,0x00,0x00,0x00,0x00,0x00,0x00,0x00,0x00,0x00,0x00,0x00,0x00,0x00,0x00,0x00,0x00,0x00,0x00,0x00,0x00,0x00,0x00,0x00,0x00,0x00,0x00,0x00,0x00,0x00,0x00,0x00,0x00,0x00,0x00,0x00,0x00,0x00,0x00,0x00,0x00,0x00,
    0x00,0x00,0x00,0x00,0x00,0x00,0x00,0x00,0x00,0x00,0x00,0x00,0x00,0x00,0x00,0x00,0x00,0x00,0x00,0x00,0x00,0x00,0x00,0x00,0x00,0x00,0x00,0x00,0x00,0x00,0x00,0x00,0x00,0x00,0x00,0x00,0x00,0x00,0x00,0x00,0x00,0x00,0x00,0x00,0x00,0x00,0x00,0x00,0x00,0x00,
    0x00,0x00,0x00,0x00,0x00,0x00,0x00,0x00,0x00,0x00,0x00,0x00,0x00,0x00,0x00,0x00,0x00,0x00,0x00,0x00,0x00,0x00,0x00,0x00,0x00,0x00,0x00,0x00,0x00,0x00,0x00,0x00,0x00,0x00,0x00,0x00,0x00,0x00,0x00,0x00,0x00,0x00,0x00,0x00,0x00,0x00,0x00,0x00,0x00,0x00,
    0x00,0x00,0x00,0x00,0x00,0x00,0x00,0x00,0x00,0x00,0x00,0x00,0x00,0x00,0x00,0x00,0x00,0x00,0x00,0x00,0x00,0x00,0x00,0x00,0x00,0x00,0x00,0x00,0x00,0x00,0x00,0x00,0x00,0x00,0x00,0x00,0x00,0x00,0x00,0x00,0x00,0x00,0x00,0x00,0x00,0x00,0x00,0x00,0x00,0x00,
    0x00,0x00,0x00,0x00,0x00,0x00,0x00,0x00,0x00,0x00,0x00,0x00,0x00,0x00,0x00,0x00,0x00,0x00,0x00,0x00,0x00,0x00,0x00,0x00,0x00,0x00,0x00,0x00,0x00,0x00,0x00,0x00,0x00,0x00,0x00,0x00,0x00,0x00,0x00,0x00,0x00,0x00,0x00,0x00,0x00,0x00,0x00,0x00,0x00,0x00,
    0x02,0x08,0x09,0x09,0x09,0x07,0x01,0x00,0x00,0x00,0x00,0x00,0x00,0x00,0x00,0x00,0x06,0x09,0x09,0x09,0x09,0x05,0x00,0x00,0x00,0x00,0x00,0x00,0x00,0x00,0x00,0x00,0x00,0x00,0x00,0x07,0x09,0x09,0x09,0x09,0x09,0x09,0x09,0x08,0x03,0x00,0x00,0x00,0x00,0x00,
    0x00,0x00,0x00,0x00,0x00,0x07,0x09,0x09,0x09,0x09,0x09,0x09,0x09,0x08,0x03,0x00,0x00,0x00,0x00,0x00,0x00,0x00,0x00,0x00,0x00,0x00,0x00,0x00,0x00,0x00,0x04,0x08,0x09,0x09,0x09,0x06,0x00,0x00,0x00,0x00,0x00,0x00,0x00,0x00,0x00,0x00,0x05,0x09,0x09,0x09,
    0x08,0x05,0x00,0x00,0x00,0x00,0x00,0x00,0x00,0x00,0x00,0x00,0x00,0x00,0x00,0x00,0x00,0x00,0x00,0x00,0x00,0x00,0x00,0x00,0x00,0x00,0x00,0x00,0x00,0x00,0x00,0x00,0x00,0x00,0x00,0x00,0x00,0x00,0x00,0x00,0x00,0x00,0x00,0x00,0x00,0x00,0x00,0x00,0x00,0x00,
    0x00,0x00,0x00,0x00,0x00,0x00,0x00,0x00,0x00,0x00,0x00,0x00,0x00,0x00,0x00,0x00,0x00,0x00,0x00,0x00,0x00,0x00,0x00,0x00,0x00,0x00,0x00,0x00,0x00,0x00,0x00,0x00,0x00,0x00,0x00,0x00,0x00,0x00,0x00,0x00,0x00,0x00,0x00,0x00,0x00,0x00,0x00,0x00,0x00,0x00,
    0x00,0x00,0x00,0x00,0x00,0x00,0x00,0x00,0x00,0x00,0x00,0x00,0x00,0x00,0x00,0x00,0x00,0x00,0x00,0x00,0x00,0x00,0x00,0x00,0x00,0x00,0x00,0x00,0x00,0x00,0x00,0x00,0x00,0x00,0x00,0x00,0x00,0x00,0x00,0x00,0x00,0x00,0x00,0x00,0x00,0x00,0x00,0x00,0x00,0x00,
    0x00,0x00,0x00,0x00,0x00,0x00,0x00,0x00,0x00,0x00,0x00,0x00,0x00,0x00,0x00,0x00,0x00,0x00,0x00,0x00,0x00,0x00,0x00,0x00,0x00,0x00,0x00,0x00,0x00,0x00,0x00,0x00,0x00,0x00,0x00,0x00,0x00,0x00,0x00,0x00,0x00,0x00,0x00,0x00,0x00,0x00,0x00,0x00,0x00,0x00,
    0x00,0x00,0x00,0x00,0x00,0x00,0x00,0x00,0x00,0x00,0x00,0x00,0x00,0x00,0x00,0x00,0x00,0x00,0x00,0x00,0x00,0x00,0x00,0x00,0x00,0x00,0x00,0x00,0x00,0x00,0x00,0x00,0x00,0x00,0x00,0x00,0x00,0x00,0x00,0x00,0x00,0x00,0x00,0x00,0x00,0x00,0x00,0x00,0x00,0x00,
    0x00,0x00,0x00,0x00,0x00,0x00,0x00,0x00,0x00,0x00,0x00,0x00,0x00,0x00,0x00,0x00,0x00,0x00,0x00,0x00,0x00,0x00,0x00,0x00,0x00,0x00,0x00,0x00,0x00,0x00,0x00,0x00,0x00,0x00,0x00,0x00,0x00,0x00,0x00,0x00,0x00,0x00,0x00,0x00,0x00,0x00,0x00,0x00,0x00,0x00,
    0x00,0x00,0x00,0x00,0x00,0x00,0x00,0x00,0x00,0x00,0x00,0x00,0x00,0x00,0x00,0x00,0x00,0x00,0x00,0x00,0x00,0x00,0x00,0x00,0x00,0x00,0x00,0x00,0x00,0x00,0x00,0x00,0x00,0x00,0x00,0x00,0x00,0x00,0x00,0x00,0x00,0x00,0x00,0x00,0x00,0x00,0x00,0x00,0x00,0x00,
    0x00,0x00,0x00,0x00,0x00,0x00,0x00,0x00,0x00,0x00,0x00,0x00,0x00,0x00,0x00,0x00,0x00,0x00,0x00,0x00,0x00,0x00,0x00,0x00,0x00,0x00,0x00,0x00,0x00,0x00,0x00,0x00,0x00,0x00,0x00,0x00,0x00,0x00,0x00,0x00,0x00,0x00,0x00,0x00,0x00,0x00,0x00,0x00,0x00,0x00,
    0x00,0x00,0x00,0x00,0x00,0x00,0x00,0x00,0x00,0x00,0x00,0x00,0x00,0x00,0x00,0x00,0x00,0x00,0x00,0x00,0x00,0x00,0x00,0x00,0x00,0x00,0x00,0x00,0x00,0x00,0x00,0x00,0x00,0x00,0x00,0x00,0x00,0x00,0x00,0x00,0x00,0x00,0x00,0x00,0x00,0x00,0x00,0x00,0x00,0x00,
    0x00,0x00,0x00,0x00,0x00,0x00,0x00,0x00,0x00,0x00,0x00,0x00,0x00,0x00,0x00,0x00,0x00,0x00,0x00,0x00,0x00,0x00,0x00,0x00,0x00,0x00,0x00,0x00,0x00,0x00,0x00,0x00,0x00,0x00,0x00,0x00,0x00,0x00,0x00,0x00,0x00,0x00,0x00,0x00,0x00,0x00,0x00,0x00,0x00,0x00,
    0x00,0x00,0x00,0x00,0x00,0x00,0x00,0x00,0x00,0x00,0x00,0x00,0x00,0x00,0x00,0x00,0x00,0x00,0x00,0x00,0x00,0x00,0x00,0x00,0x00,0x00,0x00,0x00,0x00,0x00,0x00,0x00,0x00,0x00,0x00,0x00,0x00,0x00,0x00,0x00,0x00,0x00,0x00,0x00,0x00,0x00,0x00,0x00,0x00,0x00,
    0x00,0x00,0x00,0x00,0x00,0x00,0x00,0x00,0x00,0x00,0x00,0x00,0x00,0x00,0x00,0x00,0x00,0x00,0x00,0x00,0x00,0x00,0x00,0x00,0x00,0x00,0x00,0x00,0x00,0x00,0x00,0x00,0x00,0x00,0x00,0x00,0x00,0x00,0x00,0x00,0x00,0x00,0x00,0x00,0x00,0x00,0x00,0x00,0x00,0x00,
    0x00,0x00,0x00,0x00,0x00,0x00,0x00,0x00,0x00,0x00,0x00,0x00,0x00,0x00,0x00,0x00,0x00,0x00,0x00,0x00,0x00,0x00,0x00,0x00,0x00,0x00,0x00,0x00,0x00,0x00,0x00,0x00,0x00,0x00,0x00,0x00,0x00,0x00,0x00,0x00,0x00,0x00,0x00,0x00,0x00,0x00,0x00,0x00,0x00,0x00,
    0x00,0x00,0x00,0x00,0x00,0x00,0x00,0x00,0x00,0x00,0x00,0x00,0x00,0x00,0x00,0x00,0x00,0x00,0x00,0x00,0x00,0x00,0x00,0x00,0x00,0x00,0x00,0x00,0x00,0x00,0x00,0x00,0x00,0x00,0x00,0x00,0x00,0x00,0x00,0x00,0x00,0x00,0x00,0x00,0x00,0x00,0x00,0x00,0x00,0x00,
    0x00,0x00,0x00,0x00,0x00,0x00,0x00,0x00,0x00,0x00,0x00,0x00,0x00,0x00,0x00,0x00,0x00,0x00,0x00,0x00,0x00,0x00,0x00,0x00,0x00,0x00,0x00,0x00,0x00,0x00,0x00,0x00,0x00,0x00,0x00,0x00,0x00,0x00,0x00,0x00,0x00,0x00,0x00,0x00,0x00,0x00,0x00,0x00,0x00,0x00,
    0x00,0x00,0x00,0x00,0x00,0x00,0x00,0x00,0x00,0x00,0x00,0x00,0x00,0x00,0x00,0x00,0x00,0x00,0x00,0x00,0x00,0x00,0x00,0x00,0x00,0x00,0x00,0x00,0x00,0x00,0x00,0x00,0x00,0x00,0x00,0x00,0x00,0x00,0x00,0x00,0x00,0x00,0x00,0x00,0x00,0x00,0x00,0x00,0x00,0x00,
    0x00,0x00,0x00,0x00,0x00,0x00,0x00,0x00,0x00,0x00,0x00,0x00,0x00,0x00,0x00,0x00,0x00,0x00,0x00,0x00,0x00,0x00,0x00,0x00,0x00,0x00,0x00,0x00,0x00,0x00,0x00,0x00,0x00,0x00,0x00,0x00,0x00,0x00,0x00,0x00,0x00,0x00,0x00,0x00,0x00,0x00,0x00,0x00,0x00,0x00,
    0x00,0x00,0x00,0x00,0x00,0x00,0x00,0x00,0x00,0x00,0x00,0x00,0x00,0x00,0x00,0x00,0x00,0x00,0x00,0x00,0x00,0x00,0x00,0x00,0x00,0x00,0x00,0x00,0x00,0x00,0x00,0x00,0x00,0x00,0x00,0x00,0x00,0x00,0x00,0x00,0x00,0x00,0x00,0x00,0x00,0x00,0x00,0x00,0x00,0x00,
    0x00,0x00,0x00,0x00,0x00,0x00,0x00,0x00,0x00,0x00,0x00,0x00,0x00,0x00,0x00,0x00,0x00,0x00,0x00,0x00,0x00,0x00,0x00,0x00,0x00,0x00,0x00,0x00,0x00,0x00,0x00,0x00,0x00,0x00,0x00,0x00,0x00,0x00,0x00,0x00,0x00,0x00,0x00,0x00,0x00,0x00,0x00,0x00,0x00,0x00,
    0x00,0x00,0x00,0x00,0x00,0x00,0x00,0x00,0x00,0x00,0x00,0x00,0x00,0x00,0x00,0x00,0x00,0x00,0x00,0x00,0x00,0x00,0x00,0x00,0x00,0x00,0x00,0x00,0x00,0x00,0x00,0x00,0x00,0x00,0x00,0x00,0x00,0x00,0x00,0x00,0x00,0x00,0x00,0x00,0x00,0x00,0x00,0x00,0x00,0x00,
    0x00,0x00,0x00,0x00,0x00,0x00,0x00,0x00,0x00,0x00,0x00,0x00,0x00,0x00,0x00,0x00,0x00,0x00,0x00,0x00,0x00,0x00,0x00,0x00,0x00,0x00,0x00,0x00,0x00,0x00,0x00,0x00,0x00,0x00,0x00,0x00,0x00,0x00,0x00,0x00,0x00,0x00,0x00,0x00,0x00,0x00,0x00,0x00,0x00,0x00,
    0x00,0x00,0x00,0x00,0x00,0x00,0x00,0x00,0x00,0x00,0x00,0x00,0x00,0x00,0x00,0x00,0x00,0x00,0x00,0x00,0x00,0x00,0x00,0x00,0x00,0x00,0x00,0x00,0x00,0x00,0x00,0x00,0x00,0x00,0x00,0x00,0x00,0x00,0x00,0x00,0x00,0x00,0x00,0x00,0x00,0x00,0x00,0x00,0x00,0x00,
    0x00,0x00,0x00,0x00,0x00,0x00,0x00,0x00,0x00,0x00,0x00,0x00,0x00,0x00,0x00,0x00,0x00,0x00,0x00,0x00,0x00,0x00,0x00,0x00,0x00,0x00,0x00,0x00,0x00,0x00,0x00,0x00,0x00,0x00,0x00,0x00,0x00,0x00,0x00,0x00,0x00,0x00,0x00,0x00,0x00,0x00,0x00,0x00,0x00,0x00,
    0x00,0x00,0x00,0x00,0x00,0x00,0x00,0x00,0x00,0x00,0x00,0x00,0x00,0x00,0x00,0x00,0x00,0x00,0x00,0x00,0x00,0x00,0x00,0x00,0x00,0x00,0x00,0x00,0x00,0x00,0x00,0x00,0x00,0x00,0x00,0x00,0x00,0x00,0x00,0x00,0x00,0x00,0x00,0x00,0x00,0x00,0x00,0x00,0x00,0x00,
    0x00,0x00,0x00,0x00,0x00,0x00,0x00,0x00,0x00,0x00,0x00,0x00,0x00,0x00,0x00,0x00,0x00,0x00,0x00,0x00,0x00,0x00,0x00,0x00,0x00,0x00,0x00,0x00,0x00,0x00,0x00,0x00,0x00,0x00,0x00,0x00,0x00,0x00,0x00,0x00,0x00,0x00,0x00,0x00,0x00,0x00,0x00,0x00,0x00,0x00,
    0x00,0x00,0x00,0x00,0x00,0x00,0x00,0x00,0x00,0x00,0x00,0x00,0x00,0x00,0x00,0x00,0x00,0x00,0x00,0x00,0x00,0x00,0x00,0x00,0x00,0x00,0x00,0x00,0x00,0x00,0x00,0x00,0x00,0x00,0x00,0x00,0x00,0x00,0x00,0x00,0x00,0x00,0x00,0x00,0x00,0x00,0x00,0x00,0x00,0x00,
    0x00,0x00,0x00,0x00,0x00,0x00,0x00,0x00,0x00,0x00,0x00,0x00,0x00,0x00,0x00,0x00,0x00,0x00,0x00,0x00,0x00,0x00,0x00,0x00,0x00,0x00,0x00,0x00,0x00,0x00,0x00,0x00,0x00,0x00,0x00,0x00,0x00,0x00,0x00,0x00,0x00,0x00,0x00,0x00,0x00,0x00,0x00,0x00,0x00,0x00,
    0x00,0x00,0x00,0x00,0x00,0x00,0x00,0x00,0x00,0x00,0x00,0x00,0x00,0x00,0x00,0x00,0x00,0x00,0x00,0x00,0x00,0x00,0x00,0x00,0x00,0x00,0x00,0x00,0x00,0x00,0x00,0x00,0x00,0x00,0x00,0x00,0x00,0x00,0x00,0x00,0x00,0x00,0x00,0x00,0x00,0x00,0x00,0x00,0x00,0x00,
    0x00,0x00,0x00,0x00,0x00,0x00,0x00,0x00,0x00,0x00,0x00,0x00,0x00,0x00,0x00,0x00,0x00,0x00,0x00,0x00,0x00,0x00,0x00,0x00,0x00,0x00,0x00,0x00,0x00,0x00,0x00,0x00,0x00,0x00,0x00,0x00,0x00,0x00,0x00,0x00,0x00,0x00,0x00,0x00,0x00,0x00,0x00,0x00,0x00,0x00,
    0x00,0x00,0x00,0x00,0x00,0x00,0x00,0x00,0x00,0x00,0x00,0x00,0x00,0x00,0x00,0x00,0x00,0x00,0x00,0x00,0x00,0x00,0x00,0x00,0x00,0x00,0x00,0x00,0x00,0x00,0x00,0x00,0x00,0x00,0x00,0x00,0x00,0x00,0x00,0x00,0x00,0x00,0x00,0x00,0x00,0x00,0x00,0x00,0x00,0x00,
    0x00,0x00,0x00,0x00,0x00,0x00,0x00,0x00,0x00,0x00,0x00,0x00,0x00,0x00,0x00,0x00,0x00,0x00,0x00,0x00,0x00,0x00,0x00,0x00,0x00,0x00,0x00,0x00,0x00,0x00,0x00,0x00,0x00,0x00,0x00,0x00,0x00,0x00,0x00,0x00,0x00,0x00,0x00,0x00,0x00,0x00,0x00,0x00,0x00,0x00,
    0x00,0x00,0x00,0x00,0x00,0x00,0x00,0x00,0x00,0x00,0x00,0x00,0x00,0x00,0x00,0x00,0x00,0x00,0x00,0x00,0x00,0x00,0x00,0x00,0x00,0x00,0x00,0x00,0x00,0x00,0x00,0x00,0x00,0x00,0x00,0x00,0x00,0x00,0x00,0x00,0x00,0x00,0x00,0x00,0x00,0x00,0x00,0x00,0x00,0x00,
    0x00,0x00,0x00,0x00,0x00,0x00,0x00,0x00,0x00,0x00,0x00,0x00,0x00,0x00,0x00,0x00,0x00,0x00,0x00,0x00,0x00,0x00,0x00,0x00,0x00,0x00,0x00,0x00,0x00,0x00,0x00,0x00,0x00,0x00,0x00,0x00,0x00,0x00,0x00,0x00,0x00,0x00,0x00,0x00,0x00,0x00,0x00,0x00,0x00,0x00,
    0x00,0x00,0x00,0x00,0x00,0x00,0x00,0x00,0x00,0x00,0x00,0x00,0x00,0x00,0x00,0x00,0x00,0x00,0x00,0x00,0x00,0x00,0x00,0x00,0x00,0x00,0x00,0x00,0x00,0x00,0x00,0x00,0x00,0x00,0x00,0x00,0x00,0x00,0x00,0x00,0x00,0x00,0x00,0x00,0x00,0x00,0x00,0x00,0x00,0x00,
    0x00,0x00,0x00,0x00,0x00,0x00,0x00,0x00,0x00,0x00,0x00,0x00,0x00,0x00,0x00,0x00,0x00,0x00,0x00,0x00,0x00,0x00,0x00,0x00,0x00,0x00,0x00,0x00,0x00,0x00,0x00,0x00,0x00,0x00,0x00,0x00,0x00,0x00,0x00,0x00,0x00,0x00,0x00,0x00,0x00,0x00,0x00,0x00,0x00,0x00,
    0x00,0x00,0x00,0x00,0x00,0x00,0x00,0x00,0x00,0x00,0x00,0x00,0x00,0x00,0x00,0x00,0x00,0x00,0x00,0x00,0x00,0x00,0x00,0x00,0x00,0x00,0x00,0x00,0x00,0x00,0x00,0x00,0x00,0x00,0x00,0x00,0x00,0x00,0x00,0x00,0x00,0x00,0x00,0x00,0x00,0x00,0x00,0x00,0x00,0x00,
    0x00,0x00,0x00,0x00,0x00,0x00,0x00,0x00,0x00,0x00,0x00,0x00,0x00,0x00,0x00,0x00,0x00,0x00,0x00,0x00,0x00,0x00,0x00,0x00,0x00,0x00,0x00,0x00,0x00,0x00,0x00,0x00,0x00,0x00,0x00,0x00,0x00,0x00,0x00,0x00,0x00,0x00,0x00,0x00,0x00,0x00,0x00,0x00,0x00,0x00,
    0x00,0x00,0x00,0x00,0x00,0x00,0x00,0x00,0x00,0x00,0x00,0x00,0x00,0x00,0x00,0x00,0x00,0x00,0x00,0x00,0x00,0x00,0x00,0x00,0x00,0x00,0x00,0x00,0x00,0x00,0x00,0x00,0x00,0x00,0x00,0x00,0x00,0x00,0x00,0x00,0x00,0x00,0x00,0x00,0x00,0x00,0x00,0x00,0x00,0x00,
    0x00,0x00,0x00,0x00,0x00,0x00,0x00,0x00,0x00,0x00,0x00,0x00,0x00,0x00,0x00,0x00,0x00,0x00,0x00,0x00,0x00,0x00,0x00,0x00,0x00,0x00,0x00,0x00,0x00,0x00,0x00,0x00,0x00,0x00,0x00,0x00,0x00,0x00,0x00,0x00,0x00,0x00,0x00,0x00,0x00,0x00,0x00,0x05,0x0d,0x12,
    0x15,0x17,0x17,0x17,0x17,0x17,0x15,0x0e,0x02,0x00,0x00,0x00,0x00,0x00,0x00,0x00,0x00,0x00,0x0d,0x15,0x17,0x17,0x17,0x17,0x17,0x17,0x17,0x17,0x17,0x17,0x17,0x15,0x0e,0x01,0x00,0x00,0x00,0x00,0x00,0x00,0x00,0x00,0x00,0x00,0x00,0x08,0x0f,0x14,0x16,0x17,
    0x17,0x15,0x11,0x0a,0x01,0x00,0x00,0x00,0x00,0x00,0x00,0x00,0x00,0x00,0x00,0x00,0x00,0x00,0x00,0x07,0x0e,0x14,0x16,0x17,0x17,0x15,0x11,0x0a,0x00,0x00,0x00,0x00,0x00,0x00,0x00,0x00,0x00,0x00,0x00,0x05,0x10,0x16,0x17,0x17,0x17,0x17,0x16,0x14,0x10,0x09,
    0x01,0x00,0x00,0x00,0x00,0x00,0x00,0x00,0x00,0x00,0x00,0x00,0x00,0x00,0x00,0x03,0x0b,0x11,0x15,0x17,0x17,0x17,0x17,0x17,0x17,0x17,0x16,0x13,0x0e,0x07,0x00,0x00,0x00,0x00,0x00,0x00,0x00,0x00,0x00,0x00,0x00,0x00,0x00,0x00,0x00,0x00,0x07,0x11,0x17,0x17,
    0x17,0x17,0x17,0x14,0x0b,0x00,0x00,0x00,0x00,0x00,0x00,0x00,0x00,0x00,0x00,0x00,0x00,0x00,0x09,0x12,0x17,0x17,0x17,0x17,0x17,0x17,0x17,0x17,0x15,0x11,0x0b,0x03,0x00,0x00,0x00,0x00,0x00,0x00,0x00,0x00,0x00,0x00,0x00,0x00,0x00,0x00,0x01,0x0a,0x10,0x14,
    0x16,0x17,0x17,0x17,0x17,0x17,0x15,0x0e,0x02,0x00,0x00,0x00,0x00,0x00,0x00,0x00,0x0a,0x13,0x17,0x17,0x17,0x17,0x17,0x17,0x17,0x17,0x15,0x11,0x0c,0x04,0x00,0x00,0x00,0x00,0x00,0x00,0x00,0x00,0x00,0x00,0x01,0x0d,0x15,0x17,0x17,0x17,0x17,0x17,0x17,0x17,
    0x17,0x17,0x17,0x17,0x16,0x10,0x05,0x00,0x00,0x00,0x00,0x00,0x00,0x00,0x0c,0x15,0x17,0x17,0x17,0x17,0x17,0x17,0x17,0x17,0x17,0x17,0x17,0x16,0x11,0x06,0x00,0x00,0x00,0x00,0x00,0x00,0x00,0x00,0x00,0x00,0x00,0x05,0x0d,0x12,0x16,0x17,0x17,0x17,0x17,0x17,
    0x17,0x12,0x09,0x00,0x00,0x00,0x00,0x00,0x00,0x00,0x00,0x00,0x0a,0x14,0x17,0x17,0x17,0x17,0x13,0x09,0x00,0x06,0x11,0x16,0x17,0x17,0x17,0x15,0x0e,0x01,0x00,0x00,0x00,0x00,0x00,0x00,0x00,0x0d,0x15,0x17,0x17,0x17,0x17,0x17,0x17,0x17,0x17,0x17,0x16,0x0f,
    0x04,0x00,0x00,0x00,0x00,0x00,0x00,0x00,0x03,0x0e,0x16,0x17,0x17,0x17,0x17,0x17,0x17,0x17,0x17,0x17,0x11,0x07,0x00,0x00,0x00,0x00,0x00,0x00,0x00,0x00,0x0a,0x13,0x17,0x17,0x17,0x17,0x13,0x0a,0x00,0x0c,0x14,0x17,0x17,0x17,0x17,0x14,0x0b,0x00,0x00,0x00,
    0x00,0x00,0x00,0x00,0x00,0x09,0x13,0x17,0x17,0x17,0x17,0x14,0x0b,0x00,0x00,0x00,0x00,0x00,0x00,0x00,0x00,0x00,0x00,0x00,0x00,0x00,0x00,0x00,0x09,0x13,0x17,0x17,0x17,0x17,0x17,0x17,0x11,0x07,0x0d,0x15,0x17,0x17,0x17,0x17,0x17,0x15,0x0c,0x00,0x00,0x00,
    0x00,0x00,0x00,0x00,0x00,0x0b,0x14,0x17,0x17,0x17,0x17,0x17,0x16,0x11,0x06,0x0f,0x16,0x17,0x17,0x17,0x15,0x0e,0x01,0x00,0x00,0x00,0x00,0x00,0x00,0x00,0x00,0x00,0x00,0x03,0x0b,0x11,0x15,0x17,0x17,0x17,0x16,0x12,0x0d,0x06,0x00,0x00,0x00,0x00,0x00,0x00,
    0x00,0x00,0x00,0x00,0x00,0x00,0x00,0x05,0x12,0x1d,0x25,0x2b,0x2f,0x30,0x30,0x30,0x30,0x30,0x2e,0x25,0x17,0x04,0x00,0x00,0x00,0x00,0x00,0x00,0x02,0x14,0x24,0x2e,0x30,0x30,0x30,0x30,0x30,0x30,0x30,0x30,0x30,0x30,0x30,0x2e,0x24,0x15,0x03,0x00,0x00,0x00,
    0x00,0x00,0x00,0x00,0x00,0x09,0x16,0x20,0x28,0x2d,0x30,0x30,0x30,0x2e,0x29,0x22,0x19,0x0d,0x00,0x00,0x00,0x00,0x00,0x00,0x00,0x00,0x00,0x00,0x00,0x06,0x13,0x1e,0x27,0x2d,0x30,0x30,0x30,0x2e,0x29,0x22,0x18,0x0b,0x00,0x00,0x00,0x00,0x00,0x00,0x00,0x00,
    0x08,0x19,0x27,0x2f,0x30,0x30,0x30,0x30,0x30,0x2d,0x29,0x22,0x18,0x0c,0x00,0x00,0x00,0x00,0x00,0x00,0x00,0x00,0x00,0x00,0x00,0x01,0x0f,0x1b,0x24,0x2a,0x2e,0x30,0x30,0x30,0x30,0x30,0x30,0x30,0x2f,0x2c,0x27,0x1e,0x14,0x06,0x00,0x00,0x00,0x00,0x00,0x00,
    0x00,0x00,0x00,0x00,0x00,0x00,0x00,0x0b,0x1c,0x29,0x30,0x30,0x30,0x30,0x30,0x2d,0x22,0x12,0x00,0x00,0x00,0x00,0x00,0x00,0x00,0x00,0x00,0x00,0x00,0x0e,0x1e,0x2b,0x30,0x30,0x30,0x30,0x30,0x30,0x30,0x30,0x2e,0x2a,0x23,0x1a,0x0f,0x01,0x00,0x00,0x00,0x00,
    0x00,0x00,0x00,0x00,0x00,0x00,0x00,0x0d,0x18,0x22,0x29,0x2e,0x30,0x30,0x30,0x30,0x30,0x30,0x2e,0x25,0x17,0x04,0x00,0x00,0x00,0x00,0x00,0x0f,0x20,0x2b,0x30,0x30,0x30,0x30,0x30,0x30,0x30,0x30,0x2e,0x2a,0x24,0x1c,0x11,0x04,0x00,0x00,0x00,0x00,0x00,0x00,
    0x00,0x03,0x15,0x24,0x2e,0x30,0x30,0x30,0x30,0x30,0x30,0x30,0x30,0x30,0x30,0x30,0x2f,0x28,0x1a,0x08,0x00,0x00,0x00,0x00,0x01,0x13,0x23,0x2d,0x30,0x30,0x30,0x30,0x30,0x30,0x30,0x30,0x30,0x30,0x30,0x30,0x29,0x1b,0x0a,0x00,0x00,0x00,0x00,0x00,0x00,0x00,
    0x00,0x06,0x13,0x1d,0x26,0x2b,0x2f,0x30,0x30,0x30,0x30,0x30,0x30,0x2b,0x1e,0x0e,0x00,0x00,0x00,0x00,0x00,0x00,0x00,0x10,0x21,0x2c,0x30,0x30,0x30,0x30,0x2b,0x1f,0x0f,0x1b,0x28,0x30,0x30,0x30,0x30,0x2e,0x24,0x15,0x03,0x00,0x00,0x00,0x00,0x01,0x14,0x23,
    0x2e,0x30,0x30,0x30,0x30,0x30,0x30,0x30,0x30,0x30,0x2f,0x26,0x18,0x06,0x00,0x00,0x00,0x00,0x00,0x05,0x17,0x26,0x2f,0x30,0x30,0x30,0x30,0x30,0x30,0x30,0x30,0x30,0x29,0x1c,0x0b,0x00,0x00,0x00,0x00,0x00,0x00,0x10,0x20,0x2c,0x30,0x30,0x30,0x30,0x2b,0x20,
    0x12,0x22,0x2d,0x30,0x30,0x30,0x30,0x2c,0x21,0x11,0x00,0x00,0x00,0x00,0x00,0x00,0x0e,0x1f,0x2b,0x30,0x30,0x30,0x30,0x2c,0x21,0x11,0x00,0x00,0x00,0x00,0x00,0x00,0x00,0x00,0x00,0x00,0x00,0x00,0x00,0x0e,0x1f,0x2b,0x30,0x30,0x30,0x30,0x30,0x30,0x29,0x1c,
    0x24,0x2e,0x30,0x30,0x30,0x30,0x30,0x2d,0x23,0x14,0x01,0x00,0x00,0x00,0x00,0x00,0x11,0x21,0x2c,0x30,0x30,0x30,0x30,0x30,0x30,0x28,0x1b,0x26,0x2f,0x30,0x30,0x30,0x2e,0x24,0x15,0x03,0x00,0x00,0x00,0x00,0x00,0x00,0x00,0x03,0x10,0x1b,0x24,0x2a,0x2e,0x30,
    0x30,0x30,0x2f,0x2c,0x26,0x1e,0x13,0x06,0x00,0x00,0x00,0x00,0x00,0x00,0x00,0x00,0x00,0x00,0x0a,0x1a,0x28,0x34,0x3e,0x44,0x48,0x4a,0x4a,0x4a,0x4a,0x4a,0x47,0x3b,0x28,0x13,0x00,0x00,0x00,0x00,0x00,0x00,0x10,0x26,0x39,0x46,0x4a,0x4a,0x4a,0x4a,0x4a,0x4a,
    0x4a,0x4a,0x4a,0x4a,0x4a,0x46,0x39,0x27,0x11,0x00,0x00,0x00,0x00,0x00,0x00,0x00,0x0e,0x1e,0x2c,0x38,0x40,0x46,0x49,0x4a,0x4a,0x47,0x42,0x3a,0x30,0x22,0x13,0x01,0x00,0x00,0x00,0x00,0x00,0x00,0x00,0x00,0x0a,0x1a,0x29,0x35,0x3f,0x46,0x49,0x4a,0x4a,0x48,
    0x42,0x39,0x2e,0x20,0x10,0x00,0x00,0x00,0x00,0x00,0x00,0x00,0x17,0x2c,0x3d,0x48,0x4a,0x4a,0x4a,0x4a,0x49,0x47,0x42,0x3a,0x2f,0x22,0x12,0x00,0x00,0x00,0x00,0x00,0x00,0x00,0x00,0x00,0x04,0x15,0x25,0x32,0x3c,0x43,0x48,0x4a,0x4a,0x4a,0x4a,0x4a,0x4a,0x4a,
    0x49,0x45,0x3f,0x36,0x2a,0x1b,0x09,0x00,0x00,0x00,0x00,0x00,0x00,0x00,0x00,0x00,0x00,0x00,0x04,0x1b,0x2f,0x40,0x49,0x4a,0x4a,0x4a,0x4a,0x44,0x36,0x23,0x0d,0x00,0x00,0x00,0x00,0x00,0x00,0x00,0x00,0x00,0x07,0x1d,0x32,0x42,0x4a,0x4a,0x4a,0x4a,0x4a,0x4a,
    0x4a,0x49,0x47,0x43,0x3b,0x31,0x25,0x15,0x04,0x00,0x00,0x00,0x00,0x00,0x00,0x00,0x00,0x02,0x13,0x22,0x2f,0x3a,0x42,0x47,0x49,0x4a,0x4a,0x4a,0x4a,0x4a,0x47,0x3a,0x28,0x13,0x00,0x00,0x00,0x00,0x09,0x20,0x33,0x43,0x4a,0x4a,0x4a,0x4a,0x4a,0x4a,0x4a,0x4a,
    0x47,0x43,0x3d,0x33,0x27,0x19,0x09,0x00,0x00,0x00,0x00,0x00,0x00,0x11,0x26,0x39,0x46,0x4a,0x4a,0x4a,0x4a,0x4a,0x4a,0x4a,0x4a,0x4a,0x4a,0x4a,0x48,0x3d,0x2c,0x17,0x01,0x00,0x00,0x00,0x0f,0x24,0x37,0x45,0x4a,0x4a,0x4a,0x4a,0x4a,0x4a,0x4a,0x4a,0x4a,0x4a,
    0x4a,0x49,0x3f,0x2e,0x19,0x03,0x00,0x00,0x00,0x00,0x00,0x00,0x0b,0x1b,0x29,0x35,0x3e,0x44,0x48,0x4a,0x4a,0x4a,0x4a,0x4a,0x4a,0x42,0x32,0x1d,0x07,0x00,0x00,0x00,0x00,0x00,0x0b,0x21,0x34,0x44,0x4a,0x4a,0x4a,0x4a,0x42,0x33,0x1f,0x2d,0x3f,0x49,0x4a,0x4a,
    0x4a,0x46,0x39,0x27,0x11,0x00,0x00,0x00,0x00,0x10,0x25,0x38,0x46,0x4a,0x4a,0x4a,0x4a,0x4a,0x4a,0x4a,0x4a,0x4a,0x48,0x3c,0x2a,0x15,0x00,0x00,0x00,0x00,0x00,0x13,0x29,0x3b,0x47,0x4a,0x4a,0x4a,0x4a,0x4a,0x4a,0x4a,0x4a,0x49,0x3f,0x2f,0x1a,0x04,0x00,0x00,
    0x00,0x00,0x0a,0x20,0x34,0x43,0x4a,0x4a,0x4a,0x4a,0x43,0x33,0x23,0x36,0x45,0x4a,0x4a,0x4a,0x4a,0x44,0x35,0x22,0x0c,0x00,0x00,0x00,0x00,0x08,0x1e,0x32,0x42,0x4a,0x4a,0x4a,0x4a,0x44,0x35,0x21,0x0b,0x00,0x00,0x00,0x00,0x00,0x00,0x00,0x00,0x00,0x00,0x00,
    0x08,0x1e,0x32,0x42,0x4a,0x4a,0x4a,0x4a,0x4a,0x49,0x40,0x2f,0x39,0x46,0x4a,0x4a,0x4a,0x4a,0x4a,0x45,0x38,0x25,0x0f,0x00,0x00,0x00,0x00,0x0c,0x22,0x35,0x44,0x4a,0x4a,0x4a,0x4a,0x4a,0x49,0x3f,0x2e,0x3c,0x48,0x4a,0x4a,0x4a,0x46,0x39,0x27,0x11,0x00,0x00,
    0x00,0x00,0x00,0x00,0x07,0x17,0x26,0x32,0x3c,0x43,0x48,0x4a,0x4a,0x4a,0x48,0x45,0x3e,0x35,0x29,0x1b,0x0b,0x00,0x00,0x00,0x00,0x00,0x00,0x00,0x00,0x09,0x1c,0x2e,0x3e,0x4b,0x56,0x5d,0x62,0x63,0x63,0x63,0x63,0x63,0x5e,0x4c,0x35,0x1d,0x04,0x00,0x00,0x00,
    0x00,0x01,0x1a,0x32,0x49,0x5c,0x63,0x63,0x63,0x63,0x63,0x63,0x63,0x63,0x63,0x63,0x63,0x5d,0x4a,0x33,0x1b,0x03,0x00,0x00,0x00,0x00,0x00,0x0c,0x20,0x32,0x42,0x4f,0x59,0x5f,0x63,0x63,0x63,0x60,0x5b,0x52,0x46,0x36,0x25,0x12,0x00,0x00,0x00,0x00,0x00,0x00,
    0x00,0x08,0x1c,0x2e,0x3e,0x4c,0x57,0x5f,0x63,0x63,0x63,0x61,0x5a,0x51,0x44,0x34,0x23,0x10,0x00,0x00,0x00,0x00,0x00,0x09,0x21,0x39,0x4f,0x60,0x63,0x63,0x63,0x63,0x63,0x60,0x5a,0x51,0x45,0x36,0x24,0x11,0x00,0x00,0x00,0x00,0x00,0x00,0x00,0x00,0x14,0x28,
    0x39,0x48,0x54,0x5c,0x61,0x63,0x63,0x63,0x63,0x63,0x63,0x63,0x62,0x5e,0x57,0x4d,0x3e,0x2d,0x1b,0x06,0x00,0x00,0x00,0x00,0x00,0x00,0x00,0x00,0x00,0x00,0x0d,0x26,0x3d,0x53,0x62,0x63,0x63,0x63,0x63,0x5a,0x46,0x2f,0x16,0x00,0x00,0x00,0x00,0x00,0x00,0x00,
    0x00,0x00,0x10,0x29,0x40,0x56,0x63,0x63,0x63,0x63,0x63,0x63,0x63,0x63,0x60,0x5b,0x53,0x48,0x39,0x28,0x15,0x01,0x00,0x00,0x00,0x00,0x00,0x00,0x00,0x14,0x27,0x37,0x46,0x51,0x5a,0x60,0x63,0x63,0x63,0x63,0x63,0x63,0x5e,0x4c,0x35,0x1d,0x04,0x00,0x00,0x00,
    0x13,0x2b,0x43,0x57,0x63,0x63,0x63,0x63,0x63,0x63,0x63,0x63,0x61,0x5c,0x55,0x4a,0x3d,0x2d,0x1b,0x07,0x00,0x00,0x00,0x00,0x02,0x1b,0x33,0x4a,0x5d,0x63,0x63,0x63,0x63,0x63,0x63,0x63,0x63,0x63,0x63,0x63,0x61,0x50,0x39,0x22,0x09,0x00,0x00,0x00,0x18,0x31,
    0x48,0x5b,0x63,0x63,0x63,0x63,0x63,0x63,0x63,0x63,0x63,0x63,0x63,0x61,0x52,0x3c,0x24,0x0b,0x00,0x00,0x00,0x00,0x00,0x0a,0x1d,0x2f,0x3e,0x4c,0x56,0x5d,0x62,0x63,0x63,0x63,0x63,0x63,0x63,0x56,0x40,0x29,0x10,0x00,0x00,0x00,0x00,0x00,0x14,0x2d,0x44,0x59,
    0x63,0x63,0x63,0x63,0x57,0x42,0x2a,0x3b,0x51,0x61,0x63,0x63,0x63,0x5d,0x4a,0x33,0x1b,0x02,0x00,0x00,0x01,0x19,0x32,0x49,0x5c,0x63,0x63,0x63,0x63,0x63,0x63,0x63,0x63,0x63,0x5f,0x4e,0x37,0x1f,0x07,0x00,0x00,0x00,0x05,0x1d,0x36,0x4c,0x5e,0x63,0x63,0x63,
    0x63,0x63,0x63,0x63,0x63,0x62,0x52,0x3d,0x25,0x0c,0x00,0x00,0x00,0x00,0x13,0x2c,0x43,0x58,0x63,0x63,0x63,0x63,0x57,0x43,0x31,0x46,0x5a,0x63,0x63,0x63,0x63,0x5a,0x45,0x2e,0x16,0x00,0x00,0x00,0x00,0x11,0x2a,0x41,0x56,0x63,0x63,0x63,0x63,0x59,0x44,0x2d,
    0x15,0x00,0x00,0x00,0x00,0x00,0x00,0x00,0x00,0x00,0x00,0x00,0x11,0x29,0x41,0x56,0x63,0x63,0x63,0x63,0x63,0x62,0x53,0x3d,0x4a,0x5d,0x63,0x63,0x63,0x63,0x63,0x5c,0x48,0x31,0x19,0x00,0x00,0x00,0x00,0x15,0x2d,0x45,0x59,0x63,0x63,0x63,0x63,0x63,0x61,0x52,
    0x3c,0x4d,0x5f,0x63,0x63,0x63,0x5d,0x4a,0x33,0x1b,0x02,0x00,0x00,0x00,0x00,0x05,0x19,0x2b,0x3b,0x49,0x54,0x5c,0x61,0x63,0x63,0x63,0x62,0x5e,0x56,0x4c,0x3f,0x2f,0x1e,0x0b,0x00,0x00,0x00,0x00,0x00,0x00,0x02,0x17,0x2c,0x40,0x52,0x61,0x6d,0x76,0x7b,0x7d,
    0x7d,0x7d,0x7d,0x7d,0x6d,0x54,0x3b,0x21,0x08,0x00,0x00,0x00,0x00,0x04,0x1e,0x37,0x51,0x6a,0x7d,0x7d,0x7d,0x7d,0x7d,0x7d,0x7d,0x7d,0x7d,0x7d,0x7d,0x6c,0x52,0x39,0x1f,0x06,0x00,0x00,0x00,0x00,0x05,0x1b,0x30,0x44,0x56,0x65,0x70,0x78,0x7c,0x7d,0x7d,0x7a,
    0x73,0x69,0x5a,0x49,0x36,0x21,0x0b,0x00,0x00,0x00,0x00,0x00,0x02,0x17,0x2c,0x40,0x52,0x62,0x6e,0x77,0x7c,0x7d,0x7d,0x7a,0x72,0x67,0x58,0x47,0x34,0x1f,0x0a,0x00,0x00,0x00,0x00,0x0c,0x25,0x3f,0x58,0x72,0x7d,0x7d,0x7d,0x7d,0x7c,0x79,0x72,0x68,0x5a,0x49,
    0x35,0x20,0x0a,0x00,0x00,0x00,0x00,0x00,0x00,0x0d,0x23,0x38,0x4c,0x5d,0x6b,0x75,0x7a,0x7d,0x7d,0x7d,0x7d,0x7d,0x7d,0x7d,0x7b,0x77,0x6f,0x62,0x52,0x3e,0x2a,0x14,0x00,0x00,0x00,0x00,0x00,0x00,0x00,0x00,0x00,0x00,0x13,0x2c,0x45,0x5d,0x76,0x7d,0x7d,0x7d,
    0x7d,0x67,0x4e,0x35,0x1c,0x04,0x00,0x00,0x00,0x00,0x00,0x00,0x00,0x00,0x14,0x2d,0x47,0x60,0x79,0x7d,0x7d,0x7d,0x7d,0x7d,0x7d,0x7c,0x7a,0x74,0x6a,0x5d,0x4c,0x39,0x24,0x0e,0x00,0x00,0x00,0x00,0x00,0x00,0x0f,0x24,0x38,0x4b,0x5b,0x68,0x72,0x79,0x7c,0x7d,
    0x7d,0x7d,0x7d,0x7d,0x6d,0x54,0x3a,0x21,0x07,0x00,0x00,0x00,0x16,0x30,0x49,0x63,0x7b,0x7d,0x7d,0x7d,0x7d,0x7d,0x7d,0x7d,0x7a,0x75,0x6c,0x60,0x51,0x3f,0x2b,0x16,0x00,0x00,0x00,0x00,0x05,0x1f,0x38,0x52,0x6b,0x7d,0x7d,0x7d,0x7d,0x7d,0x7d,0x7d,0x7d,0x7d,
    0x7d,0x7d,0x72,0x59,0x3f,0x26,0x0c,0x00,0x00,0x03,0x1c,0x36,0x4f,0x69,0x7d,0x7d,0x7d,0x7d,0x7d,0x7d,0x7d,0x7d,0x7d,0x7d,0x7d,0x74,0x5b,0x42,0x28,0x0f,0x00,0x00,0x00,0x00,0x03,0x19,0x2e,0x41,0x53,0x62,0x6e,0x76,0x7b,0x7d,0x7d,0x7d,0x7d,0x7d,0x79,0x60,
    0x47,0x2d,0x14,0x00,0x00,0x00,0x00,0x00,0x18,0x31,0x4b,0x64,0x7d,0x7d,0x7d,0x7b,0x62,0x48,0x2f,0x41,0x5b,0x74,0x7d,0x7d,0x7d,0x6b,0x52,0x39,0x1f,0x06,0x00,0x00,0x04,0x1d,0x37,0x50,0x6a,0x7d,0x7d,0x7d,0x7d,0x7d,0x7d,0x7d,0x7d,0x7d,0x70,0x57,0x3d,0x24,
    0x0a,0x00,0x00,0x00,0x08,0x22,0x3b,0x54,0x6e,0x7d,0x7d,0x7d,0x7d,0x7d,0x7d,0x7d,0x7d,0x75,0x5c,0x43,0x29,0x10,0x00,0x00,0x00,0x00,0x17,0x31,0x4a,0x64,0x7c,0x7d,0x7d,0x7b,0x63,0x49,0x3e,0x54,0x6a,0x7d,0x7d,0x7d,0x7d,0x66,0x4c,0x33,0x19,0x00,0x00,0x00,
    0x00,0x15,0x2e,0x48,0x61,0x7a,0x7d,0x7d,0x7d,0x65,0x4c,0x32,0x19,0x00,0x00,0x00,0x00,0x00,0x00,0x00,0x00,0x00,0x00,0x00,0x14,0x2e,0x47,0x61,0x7a,0x7d,0x7d,0x7d,0x7d,0x76,0x5d,0x44,0x52,0x6b,0x7d,0x7d,0x7d,0x7d,0x7d,0x69,0x4f,0x36,0x1c,0x03,0x00,0x00,
    0x00,0x19,0x32,0x4c,0x65,0x7d,0x7d,0x7d,0x7d,0x7d,0x74,0x5c,0x43,0x56,0x6f,0x7d,0x7d,0x7d,0x6b,0x52,0x39,0x1f,0x06,0x00,0x00,0x00,0x00,0x14,0x29,0x3d,0x4f,0x5f,0x6b,0x74,0x7a,0x7d,0x7d,0x7d,0x7b,0x76,0x6e,0x62,0x53,0x42,0x2e,0x1a,0x04,0x00,0x00,0x00,
    0x00,0x00,0x0d,0x24,0x3b,0x50,0x64,0x76,0x84,0x8e,0x94,0x96,0x96,0x96,0x96,0x87,0x6e,0x54,0x3b,0x21,0x08,0x00,0x00,0x00,0x00,0x04,0x1e,0x37,0x51,0x6a,0x84,0x96,0x96,0x96,0x96,0x96,0x96,0x96,0x96,0x96,0x85,0x6c,0x52,0x39,0x1f,0x06,0x00,0x00,0x00,0x00,
    0x10,0x27,0x3e,0x54,0x68,0x7a,0x88,0x91,0x95,0x96,0x96,0x93,0x8b,0x7e,0x6d,0x5a,0x44,0x2e,0x16,0x00,0x00,0x00,0x00,0x00,0x0d,0x24,0x3b,0x50,0x64,0x76,0x85,0x90,0x96,0x96,0x96,0x93,0x8a,0x7c,0x6b,0x58,0x43,0x2d,0x16,0x00,0x00,0x00,0x00,0x0c,0x25,0x3f,
    0x58,0x72,0x8b,0x96,0x96,0x96,0x96,0x92,0x8a,0x7d,0x6d,0x59,0x43,0x2d,0x16,0x00,0x00,0x00,0x00,0x00,0x00,0x17,0x2f,0x46,0x5c,0x70,0x81,0x8d,0x93,0x96,0x96,0x96,0x96,0x96,0x96,0x96,0x95,0x90,0x85,0x76,0x62,0x4d,0x36,0x1e,0x06,0x00,0x00,0x00,0x00,0x00,
    0x00,0x00,0x00,0x00,0x19,0x32,0x4b,0x63,0x7c,0x95,0x96,0x96,0x85,0x6d,0x54,0x3b,0x22,0x09,0x00,0x00,0x00,0x00,0x00,0x00,0x00,0x00,0x14,0x2d,0x47,0x60,0x7a,0x93,0x96,0x96,0x96,0x96,0x96,0x96,0x93,0x8c,0x81,0x70,0x5d,0x47,0x31,0x1a,0x02,0x00,0x00,0x00,
    0x00,0x04,0x1b,0x32,0x48,0x5c,0x6f,0x7e,0x8a,0x92,0x96,0x96,0x96,0x96,0x96,0x87,0x6d,0x54,0x3a,0x21,0x07,0x00,0x00,0x00,0x16,0x30,0x49,0x63,0x7c,0x96,0x96,0x96,0x96,0x96,0x96,0x96,0x93,0x8d,0x83,0x75,0x63,0x4f,0x39,0x22,0x0b,0x00,0x00,0x00,0x05,0x1f,
    0x38,0x52,0x6b,0x85,0x96,0x96,0x96,0x96,0x96,0x96,0x96,0x96,0x96,0x8c,0x72,0x59,0x3f,0x26,0x0c,0x00,0x00,0x03,0x1c,0x36,0x4f,0x69,0x82,0x96,0x96,0x96,0x96,0x96,0x96,0x96,0x96,0x96,0x8e,0x75,0x5b,0x42,0x28,0x0f,0x00,0x00,0x00,0x00,0x0f,0x26,0x3c,0x52,
    0x65,0x77,0x85,0x8f,0x94,0x96,0x96,0x96,0x96,0x93,0x7a,0x60,0x47,0x2d,0x14,0x00,0x00,0x00,0x00,0x00,0x18,0x31,0x4b,0x64,0x7e,0x96,0x95,0x7c,0x62,0x49,0x2f,0x41,0x5b,0x74,0x8e,0x96,0x85,0x6c,0x52,0x39,0x1f,0x06,0x00,0x00,0x04,0x1d,0x37,0x50,0x6a,0x83,
    0x96,0x96,0x96,0x96,0x96,0x96,0x96,0x8a,0x70,0x57,0x3d,0x24,0x0a,0x00,0x00,0x00,0x08,0x22,0x3b,0x55,0x6e,0x88,0x96,0x96,0x96,0x96,0x96,0x96,0x8f,0x76,0x5c,0x43,0x29,0x10,0x00,0x00,0x00,0x00,0x17,0x31,0x4a,0x64,0x7d,0x96,0x96,0x7c,0x63,0x49,0x4c,0x62,
    0x77,0x8d,0x96,0x89,0x73,0x5e,0x47,0x30,0x17,0x00,0x00,0x00,0x00,0x15,0x2e,0x48,0x61,0x7b,0x94,0x96,0x7f,0x65,0x4c,0x32,0x19,0x00,0x00,0x00,0x00,0x00,0x00,0x00,0x00,0x00,0x00,0x00,0x15,0x2e,0x48,0x61,0x7b,0x94,0x96,0x96,0x95,0x7c,0x63,0x4a,0x58,0x71,
    0x8a,0x96,0x96,0x96,0x82,0x69,0x4f,0x36,0x1c,0x03,0x00,0x00,0x00,0x19,0x32,0x4c,0x65,0x7f,0x96,0x96,0x96,0x93,0x7b,0x62,0x49,0x56,0x6f,0x89,0x96,0x85,0x6c,0x52,0x39,0x1f,0x06,0x00,0x00,0x00,0x0a,0x21,0x37,0x4d,0x61,0x73,0x82,0x8d,0x93,0x96,0x96,0x96,
    0x94,0x8f,0x85,0x77,0x66,0x52,0x3d,0x27,0x10,0x00,0x00,0x00,0x00,0x00,0x16,0x2e,0x46,0x5d,0x73,0x88,0x99,0x9a,0x90,0x8d,0x8d,0x8d,0x8d,0x87,0x6e,0x54,0x3b,0x21,0x08,0x00,0x00,0x00,0x00,0x04,0x1e,0x37,0x51,0x6a,0x84,0x8c,0x8c,0x8c,0x8c,0x8c,0x8c,0x8c,
    0x90,0x9f,0x85,0x6c,0x52,0x39,0x1f,0x06,0x00,0x00,0x00,0x00,0x18,0x31,0x49,0x60,0x77,0x8c,0x9d,0x94,0x8d,0x8c,0x8d,0x92,0x9f,0x91,0x7d,0x67,0x4f,0x37,0x1f,0x07,0x00,0x00,0x00,0x00,0x17,0x2f,0x46,0x5d,0x73,0x88,0x9a,0x97,0x8e,0x8c,0x8d,0x93,0x9f,0x8f,
    0x7b,0x66,0x4f,0x38,0x20,0x07,0x00,0x00,0x00,0x0c,0x25,0x3f,0x58,0x72,0x8b,0x8d,0x8d,0x8d,0x8e,0x93,0xa0,0x91,0x7c,0x66,0x4f,0x37,0x1e,0x06,0x00,0x00,0x00,0x00,0x06,0x1f,0x38,0x50,0x68,0x7f,0x94,0x92,0x86,0x83,0x82,0x82,0x82,0x82,0x82,0x82,0x84,0x8e,
    0x9a,0x85,0x6f,0x57,0x3f,0x26,0x0e,0x00,0x00,0x00,0x00,0x00,0x00,0x00,0x00,0x06,0x1f,0x38,0x51,0x69,0x82,0x9b,0x86,0x96,0x8b,0x73,0x5a,0x41,0x28,0x0f,0x00,0x00,0x00,0x00,0x00,0x00,0x00,0x00,0x14,0x2d,0x47,0x60,0x7a,0x93,0x9c,0x8c,0x8c,0x8c,0x8c,0x8d,
    0x92,0x9e,0x94,0x80,0x6a,0x52,0x3a,0x22,0x09,0x00,0x00,0x00,0x00,0x0d,0x25,0x3d,0x54,0x6b,0x80,0x93,0xa0,0x94,0x8e,0x8d,0x8d,0x8d,0x8d,0x87,0x6d,0x54,0x3a,0x21,0x07,0x00,0x00,0x00,0x16,0x30,0x49,0x63,0x7c,0x96,0x9a,0x8c,0x8c,0x8c,0x8c,0x8c,0x90,0x9a,
    0x99,0x87,0x72,0x5b,0x43,0x2b,0x13,0x00,0x00,0x00,0x05,0x1f,0x38,0x52,0x6b,0x85,0x9e,0x92,0x8b,0x8b,0x8b,0x8b,0x8b,0x8b,0x8b,0x8b,0x72,0x59,0x3f,0x26,0x0c,0x00,0x00,0x03,0x1c,0x36,0x4f,0x69,0x82,0x9c,0x94,0x8b,0x8b,0x8b,0x8b,0x8b,0x8b,0x8b,0x8b,0x75,
    0x5b,0x42,0x28,0x0f,0x00,0x00,0x00,0x00,0x18,0x30,0x48,0x5f,0x75,0x89,0x9a,0x99,0x90,0x8d,0x8d,0x8d,0x8d,0x8d,0x7a,0x60,0x47,0x2d,0x14,0x00,0x00,0x00,0x00,0x00,0x18,0x31,0x4b,0x64,0x7e,0x97,0x95,0x7c,0x62,0x49,0x2f,0x41,0x5b,0x74,0x8e,0x9f,0x85,0x6c,
    0x52,0x39,0x1f,0x06,0x00,0x00,0x04,0x1d,0x37,0x50,0x6a,0x83,0x8b,0x8b,0x8d,0xa2,0x91,0x8b,0x8b,0x8a,0x70,0x57,0x3d,0x24,0x0a,0x00,0x00,0x00,0x08,0x22,0x3b,0x55,0x6e,0x88,0x8c,0x8c,0x8c,0x8c,0x8d,0xa0,0x8f,0x76,0x5c,0x43,0x29,0x10,0x00,0x00,0x00,0x00,
    0x17,0x31,0x4a,0x64,0x7d,0x97,0x96,0x7c,0x63,0x49,0x59,0x6f,0x85,0x9a,0x91,0x7b,0x66,0x50,0x3a,0x25,0x0e,0x00,0x00,0x00,0x00,0x15,0x2e,0x48,0x61,0x7b,0x94,0x98,0x7f,0x65,0x4c,0x32,0x19,0x00,0x00,0x00,0x00,0x00,0x00,0x00,0x00,0x00,0x00,0x00,0x15,0x2e,
    0x48,0x61,0x7b,0x94,0x93,0x8e,0x9a,0x81,0x68,0x4f,0x5e,0x76,0x8f,0x92,0x8e,0x9c,0x82,0x69,0x4f,0x36,0x1c,0x03,0x00,0x00,0x00,0x19,0x32,0x4c,0x65,0x7f,0x98,0x93,0x8f,0x99,0x81,0x68,0x4f,0x56,0x6f,0x89,0x9f,0x85,0x6c,0x52,0x39,0x1f,0x06,0x00,0x00,0x00,
    0x13,0x2b,0x43,0x5a,0x70,0x85,0x97,0x9c,0x91,0x8d,0x8d,0x8d,0x90,0x99,0x9b,0x8a,0x76,0x60,0x49,0x31,0x19,0x01,0x00,0x00,0x00,0x04,0x1d,0x36,0x4e,0x67,0x7f,0x96,0x98,0x85,0x78,0x74,0x74,0x74,0x74,0x74,0x6a,0x53,0x3a,0x20,0x07,0x00,0x00,0x00,0x00,0x04,
    0x1d,0x36,0x4f,0x67,0x73,0x73,0x73,0x73,0x73,0x73,0x73,0x75,0x8e,0x9f,0x85,0x6c,0x52,0x39,0x1f,0x06,0x00,0x00,0x00,0x05,0x1e,0x37,0x50,0x69,0x81,0x99,0x94,0x7f,0x74,0x73,0x73,0x7b,0x8e,0xa0,0x88,0x70,0x57,0x3e,0x25,0x0c,0x00,0x00,0x00,0x05,0x1d,0x36,
    0x4f,0x67,0x7f,0x96,0x96,0x83,0x76,0x73,0x73,0x7d,0x8e,0x9f,0x88,0x70,0x58,0x40,0x27,0x0e,0x00,0x00,0x00,0x0b,0x25,0x3e,0x57,0x6d,0x74,0x74,0x74,0x74,0x74,0x7c,0x8f,0x9f,0x87,0x6f,0x56,0x3d,0x24,0x0b,0x00,0x00,0x00,0x00,0x0b,0x24,0x3e,0x57,0x70,0x88,
    0x97,0x80,0x6e,0x69,0x69,0x69,0x69,0x69,0x69,0x69,0x6c,0x7b,0x91,0x8f,0x77,0x5e,0x45,0x2c,0x12,0x00,0x00,0x00,0x00,0x00,0x00,0x00,0x00,0x0c,0x25,0x3e,0x57,0x6f,0x88,0x98,0x7f,0x91,0x91,0x78,0x60,0x47,0x2e,0x15,0x00,0x00,0x00,0x00,0x00,0x00,0x00,0x00,
    0x14,0x2d,0x47,0x60,0x7a,0x93,0x99,0x80,0x73,0x73,0x73,0x73,0x7a,0x8c,0xa3,0x8b,0x73,0x5a,0x41,0x28,0x0f,0x00,0x00,0x00,0x00,0x13,0x2c,0x45,0x5d,0x76,0x8d,0xa1,0x8d,0x7d,0x74,0x74,0x74,0x74,0x74,0x74,0x6a,0x52,0x39,0x20,0x07,0x00,0x00,0x00,0x16,0x30,
    0x49,0x63,0x7c,0x96,0x97,0x7d,0x73,0x73,0x73,0x73,0x78,0x87,0x9b,0x94,0x7c,0x64,0x4b,0x32,0x19,0x00,0x00,0x00,0x05,0x1f,0x38,0x52,0x6b,0x85,0x9e,0x8e,0x75,0x71,0x71,0x71,0x71,0x71,0x71,0x71,0x6c,0x56,0x3e,0x25,0x0b,0x00,0x00,0x03,0x1c,0x36,0x4f,0x69,
    0x82,0x9c,0x91,0x77,0x71,0x71,0x71,0x71,0x71,0x71,0x71,0x6e,0x59,0x40,0x27,0x0e,0x00,0x00,0x00,0x06,0x1f,0x38,0x51,0x69,0x81,0x98,0x97,0x84,0x77,0x74,0x74,0x74,0x74,0x74,0x72,0x5e,0x46,0x2d,0x13,0x00,0x00,0x00,0x00,0x00,0x18,0x31,0x4b,0x64,0x7e,0x97,
    0x95,0x7c,0x62,0x49,0x2f,0x41,0x5b,0x74,0x8e,0x9f,0x85,0x6c,0x52,0x39,0x1f,0x06,0x00,0x00,0x03,0x1c,0x35,0x4e,0x65,0x71,0x71,0x71,0x86,0xa0,0x8d,0x73,0x71,0x71,0x6a,0x54,0x3c,0x22,0x09,0x00,0x00,0x00,0x07,0x21,0x3a,0x53,0x6a,0x73,0x73,0x73,0x73,0x73,
    0x84,0x9d,0x8f,0x76,0x5c,0x43,0x29,0x10,0x00,0x00,0x00,0x00,0x17,0x31,0x4a,0x64,0x7d,0x97,0x96,0x7c,0x63,0x51,0x67,0x7d,0x92,0x99,0x83,0x6e,0x58,0x43,0x2d,0x17,0x02,0x00,0x00,0x00,0x00,0x15,0x2e,0x48,0x61,0x7b,0x94,0x98,0x7f,0x65,0x4c,0x32,0x19,0x00,
    0x00,0x00,0x00,0x00,0x00,0x00,0x00,0x00,0x00,0x00,0x15,0x2e,0x48,0x61,0x7b,0x94,0x90,0x85,0x9e,0x87,0x6e,0x55,0x63,0x7c,0x95,0x8b,0x89,0x9c,0x82,0x69,0x4f,0x36,0x1c,0x03,0x00,0x00,0x00,0x19,0x32,0x4c,0x65,0x7f,0x98,0x8f,0x86,0x9e,0x87,0x6e,0x56,0x56,
    0x6f,0x89,0x9f,0x85,0x6c,0x52,0x39,0x1f,0x06,0x00,0x00,0x01,0x19,0x32,0x4b,0x63,0x7b,0x93,0x9c,0x88,0x7a,0x74,0x74,0x74,0x77,0x84,0x96,0x99,0x82,0x6a,0x52,0x39,0x20,0x07,0x00,0x00,0x00,0x08,0x21,0x3b,0x54,0x6d,0x86,0x9f,0x8c,0x74,0x61,0x5a,0x5a,0x5a,
    0x5a,0x5a,0x56,0x46,0x31,0x1a,0x02,0x00,0x00,0x00,0x00,0x00,0x17,0x2e,0x43,0x54,0x59,0x59,0x59,0x59,0x59,0x59,0x64,0x7c,0x95,0x98,0x7f,0x67,0x4e,0x36,0x1d,0x04,0x00,0x00,0x00,0x08,0x22,0x3b,0x54,0x6e,0x87,0xa0,0x8c,0x73,0x5b,0x59,0x5a,0x6c,0x85,0x9e,
    0x8e,0x75,0x5b,0x42,0x29,0x0f,0x00,0x00,0x00,0x09,0x22,0x3b,0x54,0x6e,0x87,0x9f,0x8a,0x73,0x5f,0x59,0x5a,0x6b,0x81,0x9a,0x90,0x77,0x5e,0x45,0x2b,0x12,0x00,0x00,0x00,0x06,0x1e,0x35,0x49,0x58,0x5a,0x5a,0x5a,0x5a,0x5b,0x6c,0x84,0x9d,0x8d,0x74,0x5a,0x41,
    0x28,0x0e,0x00,0x00,0x00,0x00,0x0e,0x27,0x41,0x5a,0x74,0x8d,0x91,0x78,0x5f,0x50,0x55,0x5b,0x5e,0x5f,0x60,0x60,0x5e,0x71,0x8a,0x94,0x7b,0x61,0x48,0x2e,0x15,0x00,0x00,0x00,0x00,0x00,0x00,0x00,0x00,0x12,0x2b,0x44,0x5d,0x75,0x8e,0x92,0x7a,0x8b,0x97,0x7e,
    0x66,0x4d,0x34,0x1b,0x02,0x00,0x00,0x00,0x00,0x00,0x00,0x00,0x14,0x2d,0x47,0x60,0x7a,0x93,0x99,0x80,0x66,0x59,0x59,0x5a,0x6a,0x83,0x9c,0x91,0x77,0x5e,0x45,0x2b,0x12,0x00,0x00,0x00,0x00,0x17,0x31,0x4a,0x63,0x7c,0x95,0x97,0x7f,0x69,0x5b,0x5a,0x5a,0x5a,
    0x5a,0x5a,0x56,0x46,0x31,0x1a,0x02,0x00,0x00,0x00,0x16,0x30,0x49,0x63,0x7c,0x96,0x97,0x7d,0x64,0x59,0x59,0x59,0x63,0x79,0x92,0x9b,0x82,0x68,0x4f,0x36,0x1c,0x03,0x00,0x00,0x05,0x1f,0x38,0x52,0x6b,0x85,0x9e,0x8e,0x75,0x5b,0x58,0x58,0x58,0x58,0x58,0x58,
    0x56,0x48,0x34,0x1d,0x06,0x00,0x00,0x03,0x1c,0x36,0x4f,0x69,0x82,0x9c,0x91,0x77,0x5e,0x58,0x58,0x58,0x58,0x58,0x58,0x56,0x4a,0x36,0x20,0x08,0x00,0x00,0x00,0x0a,0x24,0x3d,0x56,0x6f,0x88,0xa1,0x8b,0x74,0x61,0x5a,0x5a,0x5a,0x5a,0x5a,0x5a,0x4f,0x3c,0x25,
    0x0e,0x00,0x00,0x00,0x00,0x00,0x18,0x31,0x4b,0x64,0x7e,0x97,0x95,0x7c,0x62,0x49,0x2f,0x41,0x5b,0x74,0x8e,0x9f,0x85,0x6c,0x52,0x39,0x1f,0x06,0x00,0x00,0x00,0x15,0x2d,0x42,0x52,0x58,0x58,0x6d,0x86,0xa0,0x8d,0x73,0x5a,0x58,0x55,0x46,0x32,0x1b,0x04,0x00,
    0x00,0x00,0x02,0x1a,0x31,0x46,0x55,0x59,0x59,0x59,0x59,0x6a,0x84,0x9d,0x8f,0x76,0x5c,0x43,0x29,0x10,0x00,0x00,0x00,0x00,0x17,0x31,0x4a,0x64,0x7d,0x97,0x96,0x7c,0x63,0x5f,0x75,0x8a,0xa0,0x8c,0x76,0x60,0x4b,0x35,0x1f,0x0a,0x00,0x00,0x00,0x00,0x00,0x15,
    0x2e,0x48,0x61,0x7b,0x94,0x98,0x7f,0x65,0x4c,0x32,0x19,0x00,0x00,0x00,0x00,0x00,0x00,0x00,0x00,0x00,0x00,0x00,0x15,0x2e,0x48,0x61,0x7b,0x94,0x90,0x7f,0x98,0x8c,0x73,0x5b,0x69,0x82,0x9b,0x85,0x89,0x9c,0x82,0x69,0x4f,0x36,0x1c,0x03,0x00,0x00,0x00,0x19,
    0x32,0x4c,0x65,0x7f,0x98,0x8f,0x7f,0x98,0x8d,0x75,0x5c,0x56,0x6f,0x89,0x9f,0x85,0x6c,0x52,0x39,0x1f,0x06,0x00,0x00,0x04,0x1e,0x37,0x50,0x69,0x83,0x9b,0x91,0x79,0x64,0x5a,0x5a,0x5a,0x60,0x73,0x8a,0xa2,0x89,0x70,0x57,0x3e,0x25,0x0c,0x00,0x00,0x00,0x0a,
    0x23,0x3d,0x56,0x70,0x89,0xa1,0x88,0x6e,0x55,0x41,0x41,0x41,0x41,0x41,0x3e,0x33,0x22,0x0e,0x00,0x00,0x00,0x00,0x00,0x00,0x0b,0x1f,0x31,0x3c,0x40,0x40,0x40,0x40,0x40,0x52,0x6b,0x83,0x9c,0x91,0x78,0x60,0x47,0x2f,0x16,0x00,0x00,0x00,0x00,0x09,0x23,0x3c,
    0x56,0x6f,0x89,0xa2,0x8a,0x71,0x57,0x40,0x50,0x6a,0x83,0x9d,0x90,0x76,0x5d,0x43,0x2a,0x10,0x00,0x00,0x00,0x0b,0x24,0x3e,0x57,0x71,0x8a,0xa0,0x87,0x6d,0x54,0x40,0x4a,0x64,0x7d,0x97,0x94,0x7a,0x61,0x47,0x2e,0x14,0x00,0x00,0x00,0x00,0x12,0x25,0x35,0x3f,
    0x41,0x41,0x41,0x41,0x50,0x69,0x83,0x9c,0x8e,0x75,0x5b,0x42,0x28,0x0f,0x00,0x00,0x00,0x00,0x0f,0x28,0x42,0x5b,0x75,0x8e,0x91,0x77,0x5e,0x60,0x6d,0x74,0x78,0x79,0x79,0x79,0x75,0x70,0x89,0x95,0x7c,0x62,0x49,0x2f,0x16,0x00,0x00,0x00,0x00,0x00,0x00,0x00,
    0x00,0x18,0x31,0x4a,0x63,0x7b,0x94,0x8d,0x74,0x86,0x9d,0x84,0x6b,0x53,0x3a,0x21,0x08,0x00,0x00,0x00,0x00,0x00,0x00,0x00,0x14,0x2d,0x47,0x60,0x7a,0x93,0x99,0x80,0x66,0x4d,0x40,0x4e,0x67,0x81,0x9a,0x92,0x79,0x5f,0x46,0x2c,0x13,0x00,0x00,0x00,0x00,0x1a,
    0x33,0x4c,0x66,0x7f,0x99,0x93,0x7a,0x60,0x47,0x41,0x41,0x41,0x41,0x41,0x3e,0x33,0x22,0x0e,0x00,0x00,0x00,0x00,0x16,0x30,0x49,0x63,0x7c,0x96,0x97,0x7d,0x64,0x4a,0x40,0x43,0x5d,0x76,0x90,0x9d,0x83,0x6a,0x50,0x37,0x1d,0x04,0x00,0x00,0x05,0x1f,0x38,0x52,
    0x6b,0x85,0x9e,0x8e,0x75,0x5b,0x42,0x3e,0x3e,0x3e,0x3e,0x3e,0x3d,0x34,0x24,0x11,0x00,0x00,0x00,0x03,0x1c,0x36,0x4f,0x69,0x82,0x9c,0x91,0x77,0x5e,0x44,0x3e,0x3e,0x3e,0x3e,0x3e,0x3d,0x35,0x26,0x13,0x00,0x00,0x00,0x00,0x0c,0x26,0x3f,0x59,0x72,0x8c,0xa0,
    0x87,0x6d,0x54,0x41,0x41,0x41,0x41,0x41,0x40,0x39,0x2b,0x18,0x03,0x00,0x00,0x00,0x00,0x00,0x18,0x31,0x4b,0x64,0x7e,0x97,0x95,0x7c,0x62,0x49,0x2f,0x41,0x5b,0x74,0x8e,0x9f,0x85,0x6c,0x52,0x39,0x1f,0x06,0x00,0x00,0x00,0x0a,0x1e,0x2f,0x3b,0x3e,0x53,0x6d,
    0x86,0xa0,0x8d,0x73,0x5a,0x40,0x3c,0x32,0x22,0x0f,0x00,0x00,0x00,0x00,0x00,0x0e,0x22,0x33,0x3d,0x40,0x40,0x40,0x51,0x6a,0x84,0x9d,0x8f,0x76,0x5c,0x43,0x29,0x10,0x00,0x00,0x00,0x00,0x17,0x31,0x4a,0x64,0x7d,0x97,0x96,0x7c,0x63,0x6d,0x82,0x98,0x94,0x7e,
    0x68,0x53,0x3d,0x28,0x12,0x00,0x00,0x00,0x00,0x00,0x00,0x15,0x2e,0x48,0x61,0x7b,0x94,0x98,0x7f,0x65,0x4c,0x32,0x19,0x00,0x00,0x00,0x00,0x00,0x00,0x00,0x00,0x00,0x00,0x00,0x15,0x2e,0x48,0x61,0x7b,0x94,0x90,0x79,0x91,0x92,0x79,0x60,0x6e,0x87,0x97,0x7e,
    0x89,0x9c,0x82,0x69,0x4f,0x36,0x1c,0x03,0x00,0x00,0x00,0x19,0x32,0x4c,0x65,0x7f,0x98,0x8f,0x79,0x92,0x93,0x7b,0x62,0x56,0x6f,0x89,0x9f,0x85,0x6c,0x52,0x39,0x1f,0x06,0x00,0x00,0x06,0x20,0x39,0x53,0x6c,0x86,0x9f,0x8d,0x73,0x5a,0x41,0x41,0x41,0x53,0x6c,
    0x86,0x9f,0x8d,0x73,0x5a,0x40,0x27,0x0e,0x00,0x00,0x00,0x0a,0x24,0x3d,0x57,0x70,0x8a,0xa1,0x88,0x6e,0x55,0x42,0x42,0x40,0x3b,0x34,0x2b,0x1f,0x10,0x00,0x00,0x00,0x00,0x00,0x00,0x00,0x00,0x0d,0x1b,0x24,0x26,0x26,0x26,0x29,0x41,0x59,0x72,0x8a,0xa2,0x8a,
    0x71,0x59,0x40,0x28,0x0f,0x00,0x00,0x00,0x00,0x09,0x23,0x3c,0x56,0x6f,0x89,0xa2,0x8a,0x71,0x57,0x3e,0x50,0x6a,0x83,0x9d,0x90,0x76,0x5d,0x43,0x2a,0x10,0x00,0x00,0x00,0x0b,0x24,0x3e,0x57,0x71,0x8a,0xa0,0x87,0x6d,0x54,0x3a,0x4a,0x64,0x7d,0x97,0x94,0x7b,
    0x61,0x48,0x2e,0x15,0x00,0x00,0x00,0x00,0x01,0x12,0x1f,0x26,0x27,0x27,0x27,0x36,0x50,0x69,0x83,0x9c,0x8e,0x75,0x5b,0x42,0x28,0x0f,0x00,0x00,0x00,0x00,0x0f,0x28,0x42,0x5b,0x75,0x8e,0x91,0x77,0x5f,0x74,0x84,0x8d,0x91,0x92,0x93,0x90,0x77,0x70,0x89,0x95,
    0x7c,0x62,0x49,0x2f,0x16,0x00,0x00,0x00,0x00,0x00,0x00,0x00,0x05,0x1e,0x37,0x50,0x69,0x81,0x9a,0x88,0x6f,0x81,0x9a,0x8a,0x71,0x58,0x40,0x27,0x0e,0x00,0x00,0x00,0x00,0x00,0x00,0x00,0x14,0x2d,0x47,0x60,0x7a,0x93,0x99,0x80,0x66,0x4d,0x34,0x4e,0x67,0x81,
    0x9a,0x92,0x79,0x5f,0x46,0x2c,0x13,0x00,0x00,0x00,0x00,0x1a,0x33,0x4d,0x66,0x80,0x99,0x93,0x7a,0x60,0x47,0x2d,0x27,0x27,0x27,0x27,0x25,0x1d,0x0f,0x00,0x00,0x00,0x00,0x00,0x16,0x30,0x49,0x63,0x7c,0x96,0x97,0x7d,0x64,0x4a,0x31,0x43,0x5d,0x76,0x90,0x9d,
    0x83,0x6a,0x50,0x37,0x1d,0x04,0x00,0x00,0x05,0x1f,0x38,0x52,0x6b,0x85,0x9e,0x8e,0x75,0x5b,0x42,0x28,0x25,0x25,0x25,0x25,0x24,0x1d,0x10,0x00,0x00,0x00,0x00,0x03,0x1c,0x36,0x4f,0x69,0x82,0x9c,0x91,0x77,0x5e,0x44,0x2b,0x25,0x25,0x25,0x25,0x24,0x1e,0x12,
    0x02,0x00,0x00,0x00,0x00,0x0d,0x26,0x40,0x59,0x73,0x8c,0xa0,0x87,0x6d,0x54,0x3a,0x27,0x27,0x27,0x27,0x27,0x22,0x16,0x07,0x00,0x00,0x00,0x00,0x00,0x00,0x18,0x31,0x4b,0x64,0x7e,0x97,0x95,0x7c,0x62,0x49,0x2f,0x41,0x5b,0x74,0x8e,0x9f,0x85,0x6c,0x52,0x39,
    0x1f,0x06,0x00,0x00,0x00,0x00,0x0b,0x19,0x22,0x3a,0x53,0x6d,0x86,0xa0,0x8d,0x73,0x5a,0x40,0x27,0x1c,0x0f,0x00,0x00,0x00,0x00,0x00,0x00,0x00,0x0f,0x1c,0x25,0x26,0x26,0x37,0x51,0x6a,0x84,0x9d,0x8f,0x76,0x5c,0x43,0x29,0x10,0x00,0x00,0x00,0x00,0x17,0x31,
    0x4a,0x64,0x7d,0x97,0x96,0x7c,0x65,0x7a,0x90,0x9c,0x86,0x71,0x5b,0x45,0x30,0x1a,0x04,0x00,0x00,0x00,0x00,0x00,0x00,0x15,0x2e,0x48,0x61,0x7b,0x94,0x98,0x7f,0x65,0x4c,0x32,0x19,0x00,0x00,0x00,0x00,0x00,0x00,0x00,0x00,0x00,0x00,0x00,0x15,0x2e,0x48,0x61,
    0x7b,0x94,0x90,0x76,0x8b,0x97,0x7f,0x66,0x74,0x8d,0x91,0x78,0x89,0x9c,0x82,0x69,0x4f,0x36,0x1c,0x03,0x00,0x00,0x00,0x19,0x32,0x4c,0x65,0x7f,0x98,0x8f,0x76,0x8c,0x9a,0x81,0x68,0x56,0x6f,0x89,0x9f,0x85,0x6c,0x52,0x39,0x1f,0x06,0x00,0x00,0x07,0x20,0x3a,
    0x53,0x6d,0x86,0xa0,0x8d,0x73,0x5a,0x40,0x27,0x39,0x53,0x6c,0x86,0x9f,0x8d,0x74,0x5a,0x41,0x27,0x0e,0x00,0x00,0x00,0x0a,0x24,0x3d,0x57,0x70,0x8a,0xa1,0x88,0x6e,0x5b,0x5b,0x5b,0x59,0x54,0x4c,0x41,0x34,0x23,0x11,0x00,0x00,0x00,0x00,0x00,0x00,0x00,0x00,
    0x04,0x0b,0x0d,0x0d,0x17,0x30,0x48,0x61,0x79,0x92,0x9b,0x82,0x6a,0x51,0x39,0x21,0x08,0x00,0x00,0x00,0x00,0x09,0x23,0x3c,0x56,0x6f,0x89,0xa2,0x8a,0x71,0x57,0x3e,0x50,0x6a,0x83,0x9d,0x90,0x76,0x5d,0x43,0x2a,0x10,0x00,0x00,0x00,0x0b,0x24,0x3e,0x57,0x71,
    0x8a,0xa0,0x87,0x6d,0x54,0x3a,0x4a,0x64,0x7d,0x97,0x94,0x7b,0x61,0x48,0x2e,0x15,0x00,0x00,0x00,0x00,0x00,0x00,0x07,0x0d,0x0e,0x18,0x2a,0x3e,0x52,0x6b,0x84,0x9d,0x8e,0x74,0x5b,0x41,0x28,0x0e,0x00,0x00,0x00,0x00,0x0f,0x28,0x42,0x5b,0x75,0x8e,0x91,0x77,
    0x6b,0x82,0x98,0x8d,0x84,0x81,0x8d,0x90,0x77,0x70,0x89,0x95,0x7c,0x62,0x49,0x2f,0x16,0x00,0x00,0x00,0x00,0x00,0x00,0x00,0x0b,0x24,0x3d,0x56,0x6f,0x87,0x9c,0x83,0x6a,0x7b,0x94,0x90,0x77,0x5e,0x46,0x2d,0x14,0x00,0x00,0x00,0x00,0x00,0x00,0x00,0x14,0x2d,
    0x47,0x60,0x7a,0x93,0x99,0x80,0x66,0x4d,0x3e,0x4e,0x67,0x81,0x9a,0x92,0x79,0x5f,0x46,0x2c,0x13,0x00,0x00,0x00,0x00,0x1a,0x33,0x4d,0x66,0x80,0x99,0x93,0x7a,0x60,0x47,0x2d,0x14,0x0e,0x0e,0x0e,0x0c,0x06,0x00,0x00,0x00,0x00,0x00,0x00,0x16,0x30,0x49,0x63,
    0x7c,0x96,0x97,0x7d,0x64,0x4a,0x31,0x43,0x5d,0x76,0x90,0x9d,0x83,0x6a,0x50,0x37,0x1d,0x04,0x00,0x00,0x05,0x1f,0x38,0x52,0x6b,0x85,0x9e,0x8e,0x75,0x5b,0x42,0x39,0x39,0x39,0x39,0x39,0x31,0x24,0x11,0x00,0x00,0x00,0x00,0x03,0x1c,0x36,0x4f,0x69,0x82,0x9c,
    0x91,0x77,0x5e,0x44,0x31,0x31,0x31,0x31,0x31,0x2b,0x1f,0x0e,0x00,0x00,0x00,0x00,0x00,0x0d,0x26,0x40,0x59,0x73,0x8c,0xa0,0x87,0x6d,0x54,0x3a,0x21,0x21,0x21,0x21,0x21,0x20,0x1b,0x10,0x01,0x00,0x00,0x00,0x00,0x00,0x18,0x31,0x4b,0x64,0x7e,0x97,0x95,0x7c,
    0x62,0x49,0x37,0x41,0x5b,0x74,0x8e,0x9f,0x85,0x6c,0x52,0x39,0x1f,0x06,0x00,0x00,0x00,0x00,0x00,0x07,0x20,0x3a,0x53,0x6d,0x86,0xa0,0x8d,0x73,0x5a,0x40,0x27,0x0d,0x00,0x00,0x00,0x00,0x00,0x00,0x00,0x00,0x00,0x05,0x0b,0x0d,0x1e,0x37,0x51,0x6a,0x84,0x9d,
    0x8f,0x76,0x5c,0x43,0x29,0x10,0x00,0x00,0x00,0x00,0x17,0x31,0x4a,0x64,0x7d,0x97,0x96,0x7c,0x72,0x88,0x9d,0x8e,0x79,0x63,0x4d,0x38,0x22,0x0d,0x00,0x00,0x00,0x00,0x00,0x00,0x00,0x15,0x2e,0x48,0x61,0x7b,0x94,0x98,0x7f,0x65,0x4c,0x32,0x19,0x00,0x00,0x00,
    0x00,0x00,0x00,0x00,0x00,0x00,0x00,0x00,0x15,0x2e,0x48,0x61,0x7b,0x94,0x90,0x76,0x85,0x9d,0x84,0x6b,0x7a,0x93,0x8b,0x72,0x89,0x9c,0x82,0x69,0x4f,0x36,0x1c,0x03,0x00,0x00,0x00,0x19,0x32,0x4c,0x65,0x7f,0x98,0x8f,0x76,0x86,0x9e,0x87,0x6f,0x56,0x6f,0x89,
    0x9f,0x85,0x6c,0x52,0x39,0x1f,0x06,0x00,0x00,0x07,0x20,0x3a,0x53,0x6d,0x86,0xa0,0x8d,0x73,0x5a,0x40,0x27,0x39,0x53,0x6c,0x86,0x9f,0x8d,0x74,0x5a,0x41,0x27,0x0e,0x00,0x00,0x00,0x0a,0x24,0x3d,0x57,0x70,0x8a,0xa1,0x88,0x75,0x75,0x75,0x74,0x72,0x6d,0x64,
    0x57,0x47,0x35,0x21,0x0c,0x00,0x00,0x00,0x00,0x00,0x00,0x00,0x00,0x00,0x00,0x06,0x1e,0x37,0x4f,0x68,0x80,0x99,0x94,0x7b,0x63,0x4a,0x32,0x19,0x01,0x00,0x00,0x00,0x00,0x08,0x22,0x3b,0x55,0x6e,0x87,0xa0,0x8b,0x72,0x5a,0x53,0x55,0x6b,0x84,0x9e,0x8e,0x75,
    0x5c,0x42,0x29,0x10,0x00,0x00,0x00,0x0b,0x24,0x3e,0x57,0x71,0x8a,0xa0,0x87,0x6d,0x54,0x3a,0x4a,0x64,0x7d,0x97,0x94,0x7b,0x61,0x48,0x2e,0x15,0x00,0x00,0x00,0x00,0x00,0x00,0x00,0x04,0x17,0x29,0x3c,0x4e,0x62,0x76,0x8b,0xa3,0x8b,0x72,0x59,0x3f,0x26,0x0d,
    0x00,0x00,0x00,0x00,0x0f,0x28,0x42,0x5b,0x75,0x8e,0x91,0x77,0x71,0x8a,0x93,0x7b,0x6b,0x73,0x8d,0x90,0x77,0x70,0x89,0x95,0x7c,0x62,0x49,0x2f,0x16,0x00,0x00,0x00,0x00,0x00,0x00,0x00,0x11,0x2a,0x43,0x5c,0x75,0x8d,0x96,0x7d,0x64,0x76,0x8f,0x96,0x7d,0x64,
    0x4b,0x33,0x1a,0x01,0x00,0x00,0x00,0x00,0x00,0x00,0x14,0x2d,0x47,0x60,0x7a,0x93,0x99,0x80,0x66,0x57,0x57,0x59,0x6b,0x83,0x9c,0x90,0x77,0x5d,0x44,0x2b,0x11,0x00,0x00,0x00,0x00,0x1a,0x33,0x4d,0x66,0x80,0x99,0x93,0x7a,0x60,0x47,0x2d,0x14,0x00,0x00,0x00,
    0x00,0x00,0x00,0x00,0x00,0x00,0x00,0x00,0x16,0x30,0x49,0x63,0x7c,0x96,0x97,0x7d,0x64,0x4a,0x31,0x43,0x5d,0x76,0x90,0x9d,0x83,0x6a,0x50,0x37,0x1d,0x04,0x00,0x00,0x05,0x1f,0x38,0x52,0x6b,0x85,0x9e,0x8e,0x75,0x5b,0x53,0x53,0x53,0x53,0x53,0x52,0x47,0x35,
    0x20,0x09,0x00,0x00,0x00,0x03,0x1c,0x36,0x4f,0x69,0x82,0x9c,0x91,0x77,0x5e,0x4a,0x4a,0x4a,0x4a,0x4a,0x4a,0x42,0x32,0x1e,0x07,0x00,0x00,0x00,0x00,0x0d,0x26,0x40,0x59,0x73,0x8c,0xa0,0x87,0x6d,0x54,0x3a,0x3a,0x3a,0x3a,0x3a,0x3a,0x3a,0x33,0x25,0x13,0x00,
    0x00,0x00,0x00,0x00,0x18,0x31,0x4b,0x64,0x7e,0x97,0x95,0x7c,0x62,0x51,0x51,0x51,0x5b,0x74,0x8e,0x9f,0x85,0x6c,0x52,0x39,0x1f,0x06,0x00,0x00,0x00,0x00,0x00,0x07,0x20,0x3a,0x53,0x6d,0x86,0xa0,0x8d,0x73,0x5a,0x40,0x27,0x0d,0x00,0x00,0x00,0x00,0x00,0x00,
    0x00,0x00,0x00,0x00,0x00,0x04,0x1e,0x37,0x51,0x6a,0x84,0x9d,0x8f,0x76,0x5c,0x43,0x29,0x10,0x00,0x00,0x00,0x00,0x17,0x31,0x4a,0x64,0x7d,0x97,0x96,0x7c,0x80,0x95,0x96,0x81,0x6b,0x56,0x40,0x2a,0x15,0x00,0x00,0x00,0x00,0x00,0x00,0x00,0x00,0x15,0x2e,0x48,
    0x61,0x7b,0x94,0x98,0x7f,0x65,0x4c,0x32,0x19,0x00,0x00,0x00,0x00,0x00,0x00,0x00,0x00,0x00,0x00,0x00,0x15,0x2e,0x48,0x61,0x7b,0x94,0x90,0x76,0x7f,0x98,0x8a,0x71,0x7f,0x98,0x84,0x70,0x89,0x9c,0x82,0x69,0x4f,0x36,0x1c,0x03,0x00,0x00,0x00,0x19,0x32,0x4c,
    0x65,0x7f,0x98,0x8f,0x76,0x7f,0x98,0x8d,0x75,0x5c,0x6f,0x89,0x9f,0x85,0x6c,0x52,0x39,0x1f,0x06,0x00,0x00,0x07,0x20,0x3a,0x53,0x6d,0x86,0xa0,0x8d,0x73,0x5a,0x40,0x27,0x39,0x53,0x6c,0x86,0x9f,0x8d,0x74,0x5a,0x41,0x27,0x0e,0x00,0x00,0x00,0x0a,0x24,0x3d,
    0x57,0x70,0x8a,0xa3,0x90,0x8e,0x8e,0x8e,0x8e,0x8b,0x85,0x7a,0x6b,0x59,0x44,0x2e,0x18,0x00,0x00,0x00,0x00,0x00,0x00,0x00,0x00,0x00,0x00,0x0d,0x25,0x3e,0x56,0x6f,0x87,0xa0,0x8d,0x74,0x5c,0x43,0x2b,0x12,0x00,0x00,0x00,0x00,0x00,0x05,0x1e,0x37,0x50,0x69,
    0x81,0x98,0x93,0x7e,0x6f,0x6c,0x6d,0x79,0x8d,0x9f,0x88,0x70,0x57,0x3e,0x25,0x0c,0x00,0x00,0x00,0x0b,0x24,0x3e,0x57,0x71,0x8a,0xa0,0x87,0x6d,0x54,0x3a,0x4a,0x64,0x7d,0x97,0x94,0x7b,0x61,0x48,0x2e,0x15,0x00,0x00,0x00,0x00,0x00,0x00,0x02,0x16,0x28,0x3b,
    0x4d,0x60,0x72,0x86,0x99,0x95,0x80,0x6a,0x52,0x3a,0x21,0x09,0x00,0x00,0x00,0x00,0x0f,0x28,0x42,0x5b,0x75,0x8e,0x91,0x77,0x74,0x8e,0x8f,0x76,0x5c,0x73,0x8d,0x90,0x77,0x70,0x89,0x95,0x7c,0x62,0x49,0x2f,0x16,0x00,0x00,0x00,0x00,0x00,0x00,0x00,0x17,0x30,
    0x49,0x62,0x7b,0x93,0x91,0x78,0x5f,0x71,0x8a,0x9c,0x83,0x6a,0x51,0x39,0x20,0x07,0x00,0x00,0x00,0x00,0x00,0x00,0x14,0x2d,0x47,0x60,0x7a,0x93,0x99,0x80,0x71,0x71,0x71,0x72,0x7c,0x8e,0x9d,0x87,0x70,0x58,0x3f,0x26,0x0e,0x00,0x00,0x00,0x00,0x1a,0x33,0x4d,
    0x66,0x80,0x99,0x93,0x7a,0x60,0x47,0x2d,0x14,0x00,0x00,0x00,0x00,0x00,0x00,0x00,0x00,0x00,0x00,0x00,0x16,0x30,0x49,0x63,0x7c,0x96,0x97,0x7d,0x64,0x4a,0x31,0x43,0x5d,0x76,0x90,0x9d,0x83,0x6a,0x50,0x37,0x1d,0x04,0x00,0x00,0x05,0x1f,0x38,0x52,0x6b,0x85,
    0x9e,0x8e,0x75,0x6c,0x6c,0x6c,0x6c,0x6c,0x6c,0x6a,0x59,0x41,0x29,0x10,0x00,0x00,0x00,0x03,0x1c,0x36,0x4f,0x69,0x82,0x9c,0x91,0x77,0x64,0x64,0x64,0x64,0x64,0x64,0x63,0x56,0x41,0x29,0x10,0x00,0x00,0x00,0x00,0x0d,0x26,0x40,0x59,0x73,0x8c,0xa0,0x87,0x6d,
    0x54,0x53,0x54,0x54,0x54,0x54,0x54,0x53,0x49,0x37,0x21,0x0a,0x00,0x00,0x00,0x00,0x18,0x31,0x4b,0x64,0x7e,0x97,0x95,0x7c,0x6a,0x6a,0x6a,0x6a,0x6a,0x74,0x8e,0x9f,0x85,0x6c,0x52,0x39,0x1f,0x06,0x00,0x00,0x00,0x00,0x00,0x07,0x20,0x3a,0x53,0x6d,0x86,0xa0,
    0x8d,0x73,0x5a,0x40,0x27,0x0d,0x00,0x00,0x00,0x00,0x00,0x00,0x00,0x00,0x00,0x00,0x00,0x04,0x1e,0x37,0x51,0x6a,0x84,0x9d,0x8f,0x76,0x5c,0x43,0x29,0x10,0x00,0x00,0x00,0x00,0x17,0x31,0x4a,0x64,0x7d,0x97,0x96,0x7c,0x8d,0x9f,0x89,0x73,0x5e,0x48,0x32,0x1d,
    0x07,0x00,0x00,0x00,0x00,0x00,0x00,0x00,0x00,0x15,0x2e,0x48,0x61,0x7b,0x94,0x98,0x7f,0x65,0x4c,0x32,0x19,0x00,0x00,0x00,0x00,0x00,0x00,0x00,0x00,0x00,0x00,0x00,0x15,0x2e,0x48,0x61,0x7b,0x94,0x90,0x76,0x79,0x91,0x8f,0x76,0x85,0x97,0x7e,0x70,0x89,0x9c,
    0x82,0x69,0x4f,0x36,0x1c,0x03,0x00,0x00,0x00,0x19,0x32,0x4c,0x65,0x7f,0x98,0x8f,0x76,0x79,0x92,0x94,0x7b,0x62,0x6f,0x89,0x9f,0x85,0x6c,0x52,0x39,0x1f,0x06,0x00,0x00,0x07,0x20,0x3a,0x53,0x6d,0x86,0xa0,0x8d,0x73,0x5a,0x40,0x27,0x39,0x53,0x6c,0x86,0x9f,
    0x8d,0x74,0x5a,0x41,0x27,0x0e,0x00,0x00,0x00,0x0a,0x24,0x3d,0x57,0x70,0x8a,0xa3,0x96,0x94,0x94,0x94,0x95,0x99,0x9d,0x8f,0x7d,0x67,0x51,0x39,0x21,0x09,0x00,0x00,0x00,0x00,0x00,0x00,0x00,0x00,0x00,0x14,0x2d,0x45,0x5e,0x76,0x8e,0x9e,0x85,0x6d,0x55,0x3c,
    0x24,0x0b,0x00,0x00,0x00,0x00,0x00,0x00,0x18,0x30,0x48,0x5f,0x76,0x8a,0x9a,0x92,0x87,0x86,0x86,0x8e,0x9d,0x8f,0x7b,0x66,0x4f,0x37,0x1f,0x07,0x00,0x00,0x00,0x0a,0x24,0x3d,0x56,0x70,0x89,0xa1,0x87,0x6e,0x55,0x52,0x52,0x64,0x7d,0x97,0x94,0x7b,0x61,0x48,
    0x2e,0x15,0x00,0x00,0x00,0x00,0x00,0x00,0x10,0x26,0x3a,0x4c,0x5f,0x71,0x84,0x96,0x98,0x85,0x72,0x5d,0x47,0x31,0x19,0x02,0x00,0x00,0x00,0x00,0x0f,0x28,0x42,0x5b,0x75,0x8e,0x91,0x77,0x75,0x8e,0x8f,0x75,0x5c,0x73,0x8d,0x90,0x77,0x70,0x89,0x95,0x7c,0x62,
    0x49,0x2f,0x16,0x00,0x00,0x00,0x00,0x00,0x00,0x05,0x1d,0x36,0x4f,0x68,0x81,0x99,0x8c,0x73,0x5a,0x6b,0x84,0x9d,0x89,0x70,0x57,0x3e,0x26,0x0d,0x00,0x00,0x00,0x00,0x00,0x00,0x14,0x2d,0x47,0x60,0x7a,0x93,0x9b,0x8a,0x8a,0x8a,0x8a,0x8b,0x92,0x9d,0x8c,0x79,
    0x65,0x4e,0x37,0x1f,0x07,0x00,0x00,0x00,0x00,0x1a,0x33,0x4d,0x66,0x80,0x99,0x93,0x7a,0x60,0x47,0x2d,0x14,0x00,0x00,0x00,0x00,0x00,0x00,0x00,0x00,0x00,0x00,0x00,0x16,0x30,0x49,0x63,0x7c,0x96,0x97,0x7d,0x64,0x4a,0x31,0x43,0x5d,0x76,0x90,0x9d,0x83,0x6a,
    0x50,0x37,0x1d,0x04,0x00,0x00,0x05,0x1f,0x38,0x52,0x6b,0x85,0x9e,0x8f,0x86,0x86,0x86,0x86,0x86,0x86,0x86,0x77,0x5e,0x44,0x2b,0x11,0x00,0x00,0x00,0x03,0x1c,0x36,0x4f,0x69,0x82,0x9c,0x91,0x7d,0x7d,0x7d,0x7d,0x7d,0x7d,0x7d,0x79,0x60,0x47,0x2d,0x14,0x00,
    0x00,0x00,0x00,0x0d,0x26,0x40,0x59,0x73,0x8c,0xa0,0x87,0x6d,0x5a,0x6c,0x6d,0x6d,0x6d,0x6d,0x6d,0x6c,0x5a,0x43,0x2a,0x11,0x00,0x00,0x00,0x00,0x18,0x31,0x4b,0x64,0x7e,0x97,0x95,0x84,0x84,0x84,0x84,0x84,0x84,0x84,0x8f,0x9f,0x85,0x6c,0x52,0x39,0x1f,0x06,
    0x00,0x00,0x00,0x00,0x00,0x07,0x20,0x3a,0x53,0x6d,0x86,0xa0,0x8d,0x73,0x5a,0x40,0x27,0x0d,0x00,0x00,0x00,0x00,0x00,0x00,0x00,0x00,0x00,0x00,0x00,0x04,0x1e,0x37,0x51,0x6a,0x84,0x9d,0x8f,0x76,0x5c,0x43,0x29,0x10,0x00,0x00,0x00,0x00,0x17,0x31,0x4a,0x64,
    0x7d,0x97,0x97,0x86,0x9b,0x94,0x7c,0x66,0x50,0x3b,0x25,0x0f,0x00,0x00,0x00,0x00,0x00,0x00,0x00,0x00,0x00,0x15,0x2e,0x48,0x61,0x7b,0x94,0x98,0x7f,0x65,0x4c,0x32,0x19,0x00,0x00,0x00,0x00,0x00,0x00,0x00,0x00,0x00,0x00,0x00,0x15,0x2e,0x48,0x61,0x7b,0x94,
    0x90,0x76,0x73,0x8b,0x95,0x7c,0x8b,0x90,0x78,0x70,0x89,0x9c,0x82,0x69,0x4f,0x36,0x1c,0x03,0x00,0x00,0x00,0x19,0x32,0x4c,0x65,0x7f,0x98,0x8f,0x76,0x73,0x8c,0x9a,0x81,0x69,0x6f,0x89,0x9f,0x85,0x6c,0x52,0x39,0x1f,0x06,0x00,0x00,0x07,0x20,0x3a,0x53,0x6d,
    0x86,0xa0,0x8d,0x73,0x5a,0x40,0x27,0x39,0x53,0x6c,0x86,0x9f,0x8d,0x74,0x5a,0x41,0x27,0x0e,0x00,0x00,0x00,0x0a,0x24,0x3d,0x57,0x70,0x8a,0xa1,0x88,0x7b,0x7b,0x7b,0x7b,0x81,0x8f,0xa0,0x8a,0x72,0x5a,0x41,0x28,0x0f,0x00,0x00,0x00,0x00,0x00,0x00,0x00,0x00,
    0x03,0x1b,0x34,0x4c,0x65,0x7d,0x96,0x97,0x7e,0x66,0x4d,0x35,0x1c,0x04,0x00,0x00,0x00,0x00,0x00,0x02,0x1a,0x31,0x47,0x5c,0x6f,0x7f,0x91,0xa3,0x9e,0x9d,0x9d,0xa1,0x98,0x83,0x74,0x61,0x4d,0x37,0x20,0x09,0x00,0x00,0x00,0x08,0x21,0x3a,0x53,0x6c,0x85,0x9d,
    0x8e,0x79,0x6d,0x6c,0x6c,0x6c,0x7d,0x97,0x94,0x7b,0x61,0x48,0x2e,0x15,0x00,0x00,0x00,0x00,0x00,0x00,0x19,0x32,0x49,0x5e,0x70,0x83,0x95,0x98,0x86,0x74,0x61,0x4e,0x3a,0x25,0x0f,0x00,0x00,0x00,0x00,0x00,0x0f,0x28,0x42,0x5b,0x75,0x8e,0x91,0x77,0x75,0x8e,
    0x8f,0x75,0x5c,0x73,0x8d,0x90,0x77,0x70,0x89,0x95,0x7c,0x62,0x49,0x2f,0x16,0x00,0x00,0x00,0x00,0x00,0x00,0x0b,0x23,0x3c,0x55,0x6e,0x87,0x9f,0x86,0x6d,0x55,0x66,0x7f,0x98,0x8f,0x76,0x5d,0x44,0x2b,0x13,0x00,0x00,0x00,0x00,0x00,0x00,0x14,0x2d,0x47,0x60,
    0x7a,0x93,0xa3,0x98,0x98,0x98,0x98,0x98,0x9c,0x9a,0x87,0x78,0x65,0x50,0x3a,0x23,0x0b,0x00,0x00,0x00,0x00,0x1a,0x33,0x4d,0x66,0x80,0x99,0x93,0x7a,0x60,0x47,0x2d,0x14,0x00,0x00,0x00,0x00,0x00,0x00,0x00,0x00,0x00,0x00,0x00,0x16,0x30,0x49,0x63,0x7c,0x96,
    0x97,0x7d,0x64,0x4a,0x31,0x43,0x5d,0x76,0x90,0x9d,0x83,0x6a,0x50,0x37,0x1d,0x04,0x00,0x00,0x05,0x1f,0x38,0x52,0x6b,0x85,0x9e,0x9f,0x9c,0x9c,0x9c,0x9c,0x9c,0x9c,0x91,0x77,0x5e,0x44,0x2b,0x11,0x00,0x00,0x00,0x03,0x1c,0x36,0x4f,0x69,0x82,0x9c,0x9d,0x97,
    0x97,0x97,0x97,0x97,0x97,0x93,0x7a,0x60,0x47,0x2d,0x14,0x00,0x00,0x00,0x00,0x0d,0x26,0x40,0x59,0x73,0x8c,0xa0,0x87,0x6d,0x5e,0x78,0x87,0x87,0x87,0x87,0x87,0x79,0x5f,0x46,0x2c,0x13,0x00,0x00,0x00,0x00,0x18,0x31,0x4b,0x64,0x7e,0x97,0xa4,0x9d,0x9d,0x9d,
    0x9d,0x9d,0x9d,0x9d,0xa1,0x9f,0x85,0x6c,0x52,0x39,0x1f,0x06,0x00,0x00,0x00,0x00,0x00,0x07,0x20,0x3a,0x53,0x6d,0x86,0xa0,0x8d,0x73,0x5a,0x40,0x27,0x0d,0x00,0x00,0x00,0x00,0x00,0x00,0x00,0x00,0x00,0x00,0x00,0x04,0x1e,0x37,0x51,0x6a,0x84,0x9d,0x8f,0x76,
    0x5c,0x43,0x29,0x10,0x00,0x00,0x00,0x00,0x17,0x31,0x4a,0x64,0x7d,0x97,0xa6,0x9f,0xa4,0x9e,0x87,0x71,0x5a,0x44,0x2d,0x16,0x00,0x00,0x00,0x00,0x00,0x00,0x00,0x00,0x00,0x15,0x2e,0x48,0x61,0x7b,0x94,0x98,0x7f,0x65,0x4c,0x32,0x19,0x00,0x00,0x00,0x00,0x00,
    0x00,0x00,0x00,0x00,0x00,0x00,0x15,0x2e,0x48,0x61,0x7b,0x94,0x90,0x76,0x6c,0x85,0x9a,0x81,0x90,0x8a,0x71,0x70,0x89,0x9c,0x82,0x69,0x4f,0x36,0x1c,0x03,0x00,0x00,0x00,0x19,0x32,0x4c,0x65,0x7f,0x98,0x8f,0x76,0x6d,0x85,0x9e,0x87,0x6f,0x6f,0x89,0x9f,0x85,
    0x6c,0x52,0x39,0x1f,0x06,0x00,0x00,0x07,0x20,0x3a,0x53,0x6d,0x86,0xa0,0x8d,0x73,0x5a,0x40,0x27,0x39,0x53,0x6c,0x86,0x9f,0x8d,0x74,0x5a,0x41,0x27,0x0e,0x00,0x00,0x00,0x0a,0x24,0x3d,0x57,0x70,0x8a,0xa1,0x88,0x6e,0x61,0x61,0x62,0x6b,0x81,0x99,0x91,0x78,
    0x5f,0x46,0x2c,0x13,0x00,0x00,0x00,0x00,0x00,0x00,0x00,0x00,0x0a,0x22,0x3b,0x53,0x6c,0x84,0x9d,0x90,0x77,0x5f,0x46,0x2e,0x15,0x00,0x00,0x00,0x00,0x00,0x00,0x0a,0x22,0x3b,0x52,0x6a,0x7f,0x93,0x9a,0x8b,0x84,0x84,0x84,0x88,0x95,0x98,0x85,0x70,0x59,0x41,
    0x29,0x11,0x00,0x00,0x00,0x03,0x1c,0x34,0x4d,0x65,0x7c,0x92,0x9d,0x8e,0x86,0x85,0x85,0x85,0x85,0x98,0x94,0x7b,0x61,0x48,0x2e,0x15,0x00,0x00,0x00,0x00,0x00,0x03,0x1c,0x36,0x4f,0x69,0x82,0x94,0x99,0x86,0x74,0x62,0x50,0x3d,0x2a,0x16,0x01,0x00,0x00,0x00,
    0x00,0x00,0x0f,0x28,0x42,0x5b,0x75,0x8e,0x91,0x77,0x75,0x8e,0x8f,0x75,0x5c,0x73,0x8d,0x90,0x77,0x70,0x89,0x95,0x7c,0x62,0x49,0x2f,0x16,0x00,0x00,0x00,0x00,0x00,0x00,0x11,0x29,0x42,0x5b,0x74,0x8d,0x9a,0x81,0x68,0x4f,0x61,0x79,0x92,0x95,0x7c,0x63,0x4a,
    0x31,0x19,0x00,0x00,0x00,0x00,0x00,0x00,0x14,0x2d,0x47,0x60,0x7a,0x93,0x99,0x80,0x7f,0x7f,0x7f,0x7f,0x84,0x91,0x9c,0x89,0x73,0x5c,0x44,0x2c,0x13,0x00,0x00,0x00,0x00,0x1a,0x33,0x4d,0x66,0x80,0x99,0x93,0x7a,0x60,0x47,0x2d,0x14,0x00,0x00,0x00,0x00,0x00,
    0x00,0x00,0x00,0x00,0x00,0x00,0x16,0x30,0x49,0x63,0x7c,0x96,0x97,0x7d,0x64,0x4a,0x31,0x43,0x5d,0x76,0x90,0x9d,0x83,0x6a,0x50,0x37,0x1d,0x04,0x00,0x00,0x05,0x1f,0x38,0x52,0x6b,0x85,0x9e,0x8f,0x82,0x82,0x82,0x82,0x82,0x82,0x82,0x77,0x5e,0x44,0x2b,0x11,
    0x00,0x00,0x00,0x03,0x1c,0x36,0x4f,0x69,0x82,0x9c,0x94,0x8a,0x8a,0x8a,0x8a,0x8a,0x8a,0x8a,0x7a,0x60,0x47,0x2d,0x14,0x00,0x00,0x00,0x00,0x0d,0x26,0x40,0x59,0x73,0x8c,0xa0,0x87,0x6d,0x5e,0x78,0x91,0x9c,0x9c,0xa0,0x92,0x79,0x5f,0x46,0x2c,0x13,0x00,0x00,
    0x00,0x00,0x18,0x31,0x4b,0x64,0x7e,0x97,0x96,0x84,0x84,0x84,0x84,0x84,0x84,0x84,0x8f,0x9f,0x85,0x6c,0x52,0x39,0x1f,0x06,0x00,0x00,0x00,0x00,0x00,0x07,0x20,0x3a,0x53,0x6d,0x86,0xa0,0x8d,0x73,0x5a,0x40,0x27,0x0d,0x00,0x00,0x00,0x00,0x00,0x00,0x00,0x00,
    0x00,0x00,0x00,0x04,0x1e,0x37,0x51,0x6a,0x84,0x9d,0x8f,0x76,0x5c,0x43,0x29,0x10,0x00,0x00,0x00,0x00,0x17,0x31,0x4a,0x64,0x7d,0x97,0xb0,0x9d,0x8a,0x99,0x93,0x7d,0x66,0x50,0x39,0x22,0x0c,0x00,0x00,0x00,0x00,0x00,0x00,0x00,0x00,0x15,0x2e,0x48,0x61,0x7b,
    0x94,0x98,0x7f,0x65,0x4c,0x32,0x19,0x00,0x00,0x00,0x00,0x00,0x00,0x00,0x00,0x00,0x00,0x00,0x15,0x2e,0x48,0x61,0x7b,0x94,0x90,0x76,0x66,0x7f,0x98,0x8c,0x97,0x84,0x6b,0x70,0x89,0x9c,0x82,0x69,0x4f,0x36,0x1c,0x03,0x00,0x00,0x00,0x19,0x32,0x4c,0x65,0x7f,
    0x98,0x8f,0x76,0x67,0x7f,0x98,0x8e,0x75,0x6f,0x89,0x9f,0x85,0x6c,0x52,0x39,0x1f,0x06,0x00,0x00,0x07,0x20,0x3a,0x53,0x6d,0x86,0xa0,0x8d,0x73,0x5a,0x40,0x27,0x39,0x53,0x6c,0x86,0x9f,0x8d,0x74,0x5a,0x41,0x27,0x0e,0x00,0x00,0x00,0x0a,0x24,0x3d,0x57,0x70,
    0x8a,0xa1,0x88,0x6e,0x55,0x48,0x4a,0x63,0x7d,0x96,0x94,0x7b,0x61,0x48,0x2f,0x15,0x00,0x00,0x00,0x00,0x00,0x00,0x00,0x00,0x11,0x29,0x42,0x5a,0x73,0x8b,0xa1,0x89,0x70,0x58,0x3f,0x27,0x0e,0x00,0x00,0x00,0x00,0x00,0x00,0x0f,0x29,0x42,0x5a,0x73,0x8b,0xa1,
    0x8a,0x76,0x6b,0x6a,0x6a,0x72,0x84,0x9a,0x92,0x7a,0x61,0x49,0x30,0x17,0x00,0x00,0x00,0x00,0x14,0x2c,0x43,0x59,0x6e,0x81,0x8f,0x98,0x9c,0x9e,0x9e,0x9e,0x9e,0xa6,0x94,0x7b,0x61,0x48,0x2e,0x15,0x00,0x00,0x00,0x00,0x00,0x03,0x1c,0x36,0x4f,0x69,0x82,0x9c,
    0x8f,0x76,0x62,0x50,0x3e,0x2c,0x19,0x06,0x00,0x00,0x00,0x00,0x00,0x00,0x0f,0x28,0x42,0x5b,0x75,0x8e,0x91,0x77,0x75,0x8e,0x8f,0x75,0x5c,0x73,0x8d,0x90,0x77,0x70,0x89,0x95,0x7c,0x62,0x49,0x2f,0x16,0x00,0x00,0x00,0x00,0x00,0x00,0x17,0x2f,0x48,0x61,0x7a,
    0x92,0x95,0x7c,0x63,0x5b,0x5b,0x74,0x8d,0x9a,0x82,0x69,0x50,0x37,0x1e,0x06,0x00,0x00,0x00,0x00,0x00,0x14,0x2d,0x47,0x60,0x7a,0x93,0x99,0x80,0x66,0x65,0x65,0x65,0x6d,0x81,0x98,0x94,0x7c,0x63,0x4a,0x31,0x18,0x00,0x00,0x00,0x00,0x1a,0x33,0x4d,0x66,0x80,
    0x99,0x93,0x7a,0x60,0x47,0x2d,0x14,0x00,0x00,0x00,0x00,0x00,0x00,0x00,0x00,0x00,0x00,0x00,0x16,0x30,0x49,0x63,0x7c,0x96,0x97,0x7d,0x64,0x4a,0x31,0x43,0x5d,0x76,0x90,0x9d,0x83,0x6a,0x50,0x37,0x1d,0x04,0x00,0x00,0x05,0x1f,0x38,0x52,0x6b,0x85,0x9e,0x8e,
    0x75,0x69,0x69,0x69,0x69,0x69,0x69,0x67,0x57,0x40,0x28,0x0f,0x00,0x00,0x00,0x03,0x1c,0x36,0x4f,0x69,0x82,0x9c,0x91,0x77,0x71,0x71,0x71,0x71,0x71,0x71,0x70,0x5d,0x45,0x2c,0x13,0x00,0x00,0x00,0x00,0x0d,0x26,0x40,0x59,0x73,0x8c,0xa0,0x87,0x6d,0x5e,0x78,
    0x83,0x83,0x83,0x97,0x92,0x79,0x5f,0x46,0x2c,0x13,0x00,0x00,0x00,0x00,0x18,0x31,0x4b,0x64,0x7e,0x97,0x95,0x7c,0x6b,0x6b,0x6b,0x6b,0x6b,0x74,0x8e,0x9f,0x85,0x6c,0x52,0x39,0x1f,0x06,0x00,0x00,0x00,0x00,0x00,0x07,0x20,0x3a,0x53,0x6d,0x86,0xa0,0x8d,0x73,
    0x5a,0x40,0x27,0x0d,0x00,0x00,0x00,0x00,0x00,0x00,0x00,0x00,0x00,0x00,0x00,0x04,0x1e,0x37,0x51,0x6a,0x84,0x9d,0x8f,0x76,0x5c,0x43,0x29,0x10,0x00,0x00,0x00,0x00,0x17,0x31,0x4a,0x64,0x7d,0x97,0xa4,0x8e,0x79,0x8e,0x9f,0x89,0x72,0x5b,0x45,0x2e,0x18,0x01,
    0x00,0x00,0x00,0x00,0x00,0x00,0x00,0x15,0x2e,0x48,0x61,0x7b,0x94,0x98,0x7f,0x65,0x4c,0x32,0x19,0x00,0x00,0x00,0x00,0x00,0x00,0x00,0x00,0x00,0x00,0x00,0x15,0x2e,0x48,0x61,0x7b,0x94,0x90,0x76,0x60,0x79,0x92,0xa5,0x96,0x7e,0x65,0x70,0x89,0x9c,0x82,0x69,
    0x4f,0x36,0x1c,0x03,0x00,0x00,0x00,0x19,0x32,0x4c,0x65,0x7f,0x98,0x8f,0x76,0x60,0x79,0x92,0x94,0x7b,0x6f,0x89,0x9f,0x85,0x6c,0x52,0x39,0x1f,0x06,0x00,0x00,0x07,0x20,0x3a,0x53,0x6d,0x86,0xa0,0x8d,0x73,0x5a,0x40,0x27,0x39,0x53,0x6c,0x86,0x9f,0x8d,0x74,
    0x5a,0x41,0x27,0x0e,0x00,0x00,0x00,0x0a,0x24,0x3d,0x57,0x70,0x8a,0xa1,0x88,0x6e,0x55,0x3b,0x4a,0x63,0x7d,0x96,0x95,0x7b,0x62,0x48,0x2f,0x15,0x00,0x00,0x00,0x00,0x00,0x00,0x00,0x00,0x18,0x31,0x49,0x62,0x7a,0x93,0x9a,0x81,0x69,0x50,0x38,0x1f,0x07,0x00,
    0x00,0x00,0x00,0x00,0x00,0x12,0x2c,0x45,0x5f,0x78,0x91,0x9b,0x81,0x68,0x52,0x51,0x51,0x61,0x7a,0x93,0x98,0x7f,0x66,0x4c,0x33,0x1a,0x00,0x00,0x00,0x00,0x0a,0x20,0x36,0x4a,0x5d,0x6c,0x78,0x7f,0x83,0x84,0x84,0x84,0x84,0x97,0x94,0x7b,0x61,0x48,0x2e,0x15,
    0x00,0x00,0x00,0x00,0x00,0x03,0x1c,0x36,0x4f,0x69,0x82,0x9c,0x8f,0x76,0x5c,0x43,0x2c,0x1a,0x08,0x00,0x00,0x00,0x00,0x00,0x00,0x00,0x0f,0x28,0x42,0x5b,0x75,0x8e,0x91,0x77,0x75,0x8e,0x8f,0x75,0x5c,0x73,0x8d,0x90,0x77,0x70,0x89,0x95,0x7c,0x62,0x49,0x2f,
    0x16,0x00,0x00,0x00,0x00,0x00,0x04,0x1d,0x35,0x4e,0x67,0x80,0x98,0x8f,0x77,0x74,0x74,0x74,0x74,0x88,0xa0,0x88,0x6f,0x56,0x3d,0x24,0x0b,0x00,0x00,0x00,0x00,0x00,0x14,0x2d,0x47,0x60,0x7a,0x93,0x99,0x80,0x66,0x4d,0x4c,0x4c,0x5f,0x79,0x92,0x9a,0x80,0x67,
    0x4e,0x34,0x1b,0x01,0x00,0x00,0x00,0x1a,0x33,0x4d,0x66,0x80,0x99,0x93,0x7a,0x60,0x47,0x2d,0x14,0x00,0x00,0x00,0x00,0x00,0x00,0x00,0x00,0x00,0x00,0x00,0x16,0x30,0x49,0x63,0x7c,0x96,0x97,0x7d,0x64,0x4a,0x31,0x43,0x5d,0x76,0x90,0x9d,0x83,0x6a,0x50,0x37,
    0x1d,0x04,0x00,0x00,0x05,0x1f,0x38,0x52,0x6b,0x85,0x9e,0x8e,0x75,0x5b,0x4f,0x4f,0x4f,0x4f,0x4f,0x4e,0x45,0x33,0x1e,0x07,0x00,0x00,0x00,0x03,0x1c,0x36,0x4f,0x69,0x82,0x9c,0x91,0x77,0x5e,0x57,0x57,0x57,0x57,0x57,0x57,0x4d,0x3a,0x24,0x0d,0x00,0x00,0x00,
    0x00,0x0d,0x26,0x40,0x59,0x73,0x8c,0xa0,0x87,0x6d,0x58,0x68,0x69,0x69,0x7d,0x97,0x92,0x79,0x5f,0x46,0x2c,0x13,0x00,0x00,0x00,0x00,0x18,0x31,0x4b,0x64,0x7e,0x97,0x95,0x7c,0x62,0x51,0x51,0x51,0x5b,0x74,0x8e,0x9f,0x85,0x6c,0x52,0x39,0x1f,0x06,0x00,0x00,
    0x00,0x00,0x00,0x07,0x20,0x3a,0x53,0x6d,0x86,0xa0,0x8d,0x73,0x5a,0x40,0x27,0x0d,0x00,0x00,0x00,0x00,0x00,0x00,0x00,0x00,0x00,0x00,0x00,0x04,0x1e,0x37,0x51,0x6a,0x84,0x9d,0x8f,0x76,0x5c,0x43,0x29,0x10,0x00,0x00,0x00,0x00,0x17,0x31,0x4a,0x64,0x7d,0x97,
    0x97,0x80,0x6b,0x82,0x99,0x94,0x7e,0x67,0x51,0x3a,0x23,0x0d,0x00,0x00,0x00,0x00,0x00,0x00,0x00,0x15,0x2e,0x48,0x61,0x7b,0x94,0x98,0x7f,0x65,0x4c,0x32,0x19,0x00,0x00,0x00,0x00,0x00,0x00,0x00,0x00,0x00,0x00,0x00,0x15,0x2e,0x48,0x61,0x7b,0x94,0x90,0x76,
    0x5d,0x73,0x8b,0x98,0x90,0x77,0x5f,0x70,0x89,0x9c,0x82,0x69,0x4f,0x36,0x1c,0x03,0x00,0x00,0x00,0x19,0x32,0x4c,0x65,0x7f,0x98,0x8f,0x76,0x5c,0x73,0x8c,0x9a,0x81,0x6f,0x89,0x9f,0x85,0x6c,0x52,0x39,0x1f,0x06,0x00,0x00,0x07,0x20,0x3a,0x53,0x6d,0x86,0xa0,
    0x8d,0x73,0x5a,0x40,0x27,0x39,0x53,0x6c,0x86,0x9f,0x8d,0x74,0x5a,0x41,0x27,0x0e,0x00,0x00,0x00,0x0a,0x24,0x3d,0x57,0x70,0x8a,0xa1,0x88,0x6e,0x55,0x3b,0x4a,0x63,0x7d,0x96,0x95,0x7b,0x62,0x48,0x2f,0x15,0x00,0x00,0x00,0x00,0x00,0x00,0x00,0x07,0x1f,0x38,
    0x50,0x69,0x81,0x9a,0x93,0x7a,0x62,0x49,0x31,0x18,0x00,0x00,0x00,0x00,0x00,0x00,0x00,0x13,0x2d,0x46,0x60,0x79,0x93,0x9a,0x80,0x67,0x4d,0x37,0x46,0x60,0x79,0x93,0x9a,0x80,0x67,0x4d,0x34,0x1a,0x01,0x00,0x00,0x00,0x00,0x12,0x26,0x39,0x49,0x56,0x60,0x66,
    0x6a,0x6b,0x6b,0x6b,0x7d,0x97,0x94,0x7b,0x61,0x48,0x2e,0x15,0x00,0x00,0x00,0x00,0x00,0x03,0x1c,0x36,0x4f,0x69,0x82,0x95,0x8f,0x76,0x5c,0x43,0x29,0x10,0x00,0x00,0x00,0x00,0x00,0x00,0x00,0x00,0x0f,0x28,0x42,0x5b,0x75,0x8e,0x91,0x77,0x74,0x8d,0x90,0x77,
    0x65,0x76,0x8f,0x90,0x77,0x70,0x89,0x95,0x7c,0x62,0x49,0x2f,0x16,0x00,0x00,0x00,0x00,0x00,0x0a,0x23,0x3b,0x54,0x6d,0x86,0x9e,0x94,0x8e,0x8e,0x8e,0x8e,0x8e,0x8f,0xa2,0x8d,0x75,0x5c,0x43,0x2a,0x11,0x00,0x00,0x00,0x00,0x00,0x14,0x2d,0x47,0x60,0x7a,0x93,
    0x99,0x80,0x66,0x4d,0x33,0x45,0x5f,0x78,0x92,0x9b,0x81,0x68,0x4e,0x35,0x1b,0x02,0x00,0x00,0x00,0x1a,0x33,0x4d,0x66,0x80,0x99,0x93,0x7a,0x60,0x47,0x2d,0x14,0x00,0x00,0x00,0x00,0x00,0x00,0x00,0x00,0x00,0x00,0x00,0x16,0x30,0x49,0x63,0x7c,0x96,0x97,0x7d,
    0x64,0x4a,0x31,0x43,0x5d,0x76,0x90,0x9d,0x83,0x6a,0x50,0x37,0x1d,0x04,0x00,0x00,0x05,0x1f,0x38,0x52,0x6b,0x85,0x9e,0x8e,0x75,0x5b,0x42,0x36,0x36,0x36,0x36,0x35,0x2e,0x21,0x0f,0x00,0x00,0x00,0x00,0x03,0x1c,0x36,0x4f,0x69,0x82,0x9c,0x91,0x77,0x5e,0x44,
    0x3e,0x3e,0x3e,0x3e,0x3d,0x37,0x29,0x16,0x01,0x00,0x00,0x00,0x00,0x0d,0x26,0x40,0x59,0x73,0x8c,0xa0,0x87,0x6d,0x54,0x4f,0x50,0x64,0x7d,0x97,0x92,0x79,0x5f,0x46,0x2c,0x13,0x00,0x00,0x00,0x00,0x18,0x31,0x4b,0x64,0x7e,0x97,0x95,0x7c,0x62,0x49,0x38,0x41,
    0x5b,0x74,0x8e,0x9f,0x85,0x6c,0x52,0x39,0x1f,0x06,0x00,0x00,0x00,0x00,0x00,0x07,0x20,0x3a,0x53,0x6d,0x86,0xa0,0x8d,0x73,0x5a,0x40,0x27,0x0d,0x00,0x00,0x00,0x00,0x00,0x00,0x00,0x00,0x00,0x00,0x00,0x04,0x1e,0x37,0x51,0x6a,0x84,0x9d,0x8f,0x76,0x5c,0x43,
    0x29,0x10,0x00,0x00,0x00,0x00,0x17,0x31,0x4a,0x64,0x7d,0x97,0x96,0x7c,0x63,0x77,0x8d,0xa0,0x8a,0x73,0x5c,0x46,0x2f,0x19,0x02,0x00,0x00,0x00,0x00,0x00,0x00,0x15,0x2e,0x48,0x61,0x7b,0x94,0x98,0x7f,0x65,0x4c,0x32,0x19,0x00,0x00,0x00,0x00,0x00,0x00,0x00,
    0x00,0x00,0x00,0x00,0x15,0x2e,0x48,0x61,0x7b,0x94,0x90,0x76,0x5d,0x6c,0x7f,0x7f,0x7f,0x71,0x58,0x70,0x89,0x9c,0x82,0x69,0x4f,0x36,0x1c,0x03,0x00,0x00,0x00,0x19,0x32,0x4c,0x65,0x7f,0x98,0x8f,0x76,0x5c,0x6d,0x85,0x9e,0x88,0x6f,0x89,0x9f,0x85,0x6c,0x52,
    0x39,0x1f,0x06,0x00,0x00,0x07,0x20,0x3a,0x53,0x6d,0x86,0xa0,0x8d,0x73,0x5a,0x40,0x27,0x39,0x53,0x6c,0x86,0x9f,0x8d,0x74,0x5a,0x41,0x27,0x0e,0x00,0x00,0x00,0x0a,0x24,0x3d,0x57,0x70,0x8a,0xa1,0x88,0x6e,0x55,0x3b,0x4a,0x63,0x7d,0x96,0x95,0x7b,0x62,0x48,
    0x2f,0x15,0x00,0x00,0x00,0x00,0x00,0x00,0x00,0x0e,0x26,0x3f,0x57,0x70,0x88,0xa1,0x8c,0x73,0x5b,0x42,0x2a,0x11,0x00,0x00,0x00,0x00,0x00,0x00,0x00,0x13,0x2d,0x46,0x60,0x79,0x93,0x9a,0x80,0x67,0x4d,0x34,0x46,0x60,0x79,0x93,0x9a,0x80,0x67,0x4d,0x34,0x1a,
    0x01,0x00,0x00,0x00,0x00,0x02,0x15,0x25,0x33,0x3f,0x48,0x4d,0x50,0x51,0x51,0x64,0x7d,0x97,0x94,0x7b,0x61,0x48,0x2e,0x15,0x00,0x00,0x00,0x00,0x00,0x02,0x1c,0x35,0x4f,0x68,0x7c,0x7c,0x7c,0x75,0x5c,0x43,0x29,0x10,0x00,0x00,0x00,0x00,0x00,0x00,0x00,0x00,
    0x0f,0x28,0x42,0x5b,0x75,0x8e,0x91,0x77,0x70,0x89,0x97,0x83,0x7f,0x87,0x97,0x90,0x77,0x70,0x8a,0x95,0x7b,0x62,0x48,0x2f,0x15,0x00,0x00,0x00,0x00,0x00,0x10,0x29,0x41,0x5a,0x73,0x8c,0xa1,0x95,0x95,0x95,0x95,0x95,0x95,0x95,0x9c,0x93,0x7b,0x62,0x49,0x30,
    0x17,0x00,0x00,0x00,0x00,0x00,0x14,0x2d,0x47,0x60,0x7a,0x93,0x99,0x80,0x66,0x4d,0x33,0x45,0x5f,0x78,0x92,0x9b,0x81,0x68,0x4e,0x35,0x1b,0x02,0x00,0x00,0x00,0x1a,0x33,0x4d,0x66,0x80,0x99,0x93,0x7a,0x60,0x47,0x2d,0x18,0x18,0x18,0x18,0x16,0x0f,0x03,0x00,
    0x00,0x00,0x00,0x00,0x16,0x30,0x49,0x63,0x7c,0x96,0x97,0x7d,0x64,0x4a,0x31,0x43,0x5d,0x76,0x90,0x9d,0x83,0x6a,0x50,0x37,0x1d,0x04,0x00,0x00,0x05,0x1f,0x38,0x52,0x6b,0x85,0x9e,0x8e,0x75,0x5b,0x42,0x28,0x1c,0x1c,0x1c,0x1c,0x17,0x0e,0x03,0x00,0x00,0x00,
    0x00,0x03,0x1c,0x36,0x4f,0x69,0x82,0x9c,0x91,0x77,0x5e,0x44,0x2b,0x24,0x24,0x24,0x24,0x1f,0x14,0x05,0x00,0x00,0x00,0x00,0x00,0x0d,0x26,0x40,0x59,0x73,0x8c,0xa0,0x87,0x6d,0x54,0x3a,0x4a,0x64,0x7d,0x97,0x92,0x79,0x5f,0x46,0x2c,0x13,0x00,0x00,0x00,0x00,
    0x18,0x31,0x4b,0x64,0x7e,0x97,0x95,0x7c,0x62,0x49,0x2f,0x41,0x5b,0x74,0x8e,0x9f,0x85,0x6c,0x52,0x39,0x1f,0x06,0x00,0x00,0x00,0x00,0x00,0x0b,0x20,0x3a,0x53,0x6d,0x86,0xa0,0x8d,0x73,0x5a,0x40,0x27,0x0e,0x02,0x00,0x00,0x00,0x00,0x00,0x00,0x06,0x11,0x17,
    0x18,0x18,0x1e,0x37,0x51,0x6a,0x84,0x9d,0x8f,0x76,0x5c,0x43,0x29,0x10,0x00,0x00,0x00,0x00,0x17,0x31,0x4a,0x64,0x7d,0x97,0x96,0x7c,0x63,0x6b,0x82,0x99,0x95,0x7f,0x68,0x52,0x3b,0x25,0x0e,0x00,0x00,0x00,0x00,0x00,0x00,0x15,0x2e,0x48,0x61,0x7b,0x94,0x98,
    0x7f,0x65,0x4c,0x32,0x19,0x18,0x18,0x18,0x15,0x0d,0x00,0x00,0x00,0x00,0x00,0x00,0x15,0x2e,0x48,0x61,0x7b,0x94,0x90,0x76,0x5d,0x5f,0x65,0x65,0x65,0x62,0x56,0x70,0x89,0x9c,0x82,0x69,0x4f,0x36,0x1c,0x03,0x00,0x00,0x00,0x19,0x32,0x4c,0x65,0x7f,0x98,0x8f,
    0x76,0x5c,0x66,0x7f,0x98,0x8e,0x75,0x89,0x9f,0x85,0x6c,0x52,0x39,0x1f,0x06,0x00,0x00,0x07,0x20,0x3a,0x53,0x6d,0x86,0xa0,0x8d,0x73,0x5a,0x40,0x27,0x39,0x53,0x6c,0x86,0x9f,0x8d,0x74,0x5a,0x41,0x27,0x0e,0x00,0x00,0x00,0x0a,0x24,0x3d,0x57,0x70,0x8a,0xa1,
    0x88,0x6e,0x55,0x3b,0x4a,0x63,0x7d,0x96,0x95,0x7b,0x62,0x48,0x2f,0x15,0x00,0x00,0x00,0x00,0x00,0x00,0x00,0x15,0x2d,0x46,0x5e,0x77,0x8f,0x9d,0x84,0x6c,0x53,0x3b,0x23,0x0a,0x00,0x00,0x00,0x00,0x00,0x00,0x00,0x13,0x2d,0x46,0x60,0x79,0x93,0x9a,0x80,0x67,
    0x4d,0x34,0x46,0x60,0x79,0x93,0x9a,0x80,0x67,0x4d,0x34,0x1a,0x01,0x00,0x00,0x00,0x00,0x00,0x0a,0x1c,0x29,0x31,0x31,0x34,0x37,0x38,0x4a,0x64,0x7d,0x97,0x94,0x7b,0x61,0x48,0x2e,0x15,0x00,0x00,0x00,0x00,0x00,0x00,0x18,0x30,0x47,0x5a,0x62,0x62,0x62,0x60,
    0x52,0x3c,0x24,0x0c,0x00,0x00,0x00,0x00,0x00,0x00,0x00,0x00,0x0f,0x28,0x42,0x5b,0x75,0x8e,0x91,0x77,0x68,0x7e,0x8f,0x96,0x96,0x90,0x80,0x95,0x82,0x7f,0x8f,0x8f,0x77,0x5e,0x45,0x2c,0x13,0x00,0x00,0x00,0x00,0x00,0x16,0x2e,0x47,0x60,0x79,0x92,0x98,0x7f,
    0x7b,0x7b,0x7b,0x7b,0x7b,0x7b,0x91,0x99,0x80,0x68,0x4f,0x36,0x1d,0x04,0x00,0x00,0x00,0x00,0x14,0x2d,0x47,0x60,0x7a,0x93,0x99,0x80,0x66,0x4d,0x33,0x45,0x5f,0x78,0x92,0x9b,0x81,0x68,0x4e,0x35,0x1b,0x02,0x00,0x00,0x00,0x1a,0x33,0x4d,0x66,0x80,0x99,0x93,
    0x7a,0x60,0x47,0x31,0x31,0x31,0x31,0x31,0x2f,0x26,0x17,0x05,0x00,0x00,0x00,0x00,0x16,0x30,0x49,0x63,0x7c,0x96,0x97,0x7d,0x64,0x4a,0x31,0x43,0x5d,0x76,0x90,0x9d,0x83,0x6a,0x50,0x37,0x1d,0x04,0x00,0x00,0x05,0x1f,0x38,0x52,0x6b,0x85,0x9e,0x8e,0x75,0x5b,
    0x42,0x2f,0x2f,0x2f,0x2f,0x2f,0x2e,0x26,0x18,0x07,0x00,0x00,0x00,0x03,0x1c,0x36,0x4f,0x69,0x82,0x9c,0x91,0x77,0x5e,0x44,0x2b,0x11,0x0b,0x0b,0x0b,0x07,0x00,0x00,0x00,0x00,0x00,0x00,0x00,0x0d,0x26,0x40,0x59,0x73,0x8c,0xa0,0x87,0x6d,0x54,0x3a,0x4a,0x64,
    0x7d,0x97,0x92,0x79,0x5f,0x46,0x2c,0x13,0x00,0x00,0x00,0x00,0x18,0x31,0x4b,0x64,0x7e,0x97,0x95,0x7c,0x62,0x49,0x2f,0x41,0x5b,0x74,0x8e,0x9f,0x85,0x6c,0x52,0x39,0x1f,0x06,0x00,0x00,0x00,0x00,0x13,0x22,0x2c,0x3a,0x53,0x6d,0x86,0xa0,0x8d,0x73,0x5a,0x40,
    0x2d,0x25,0x17,0x05,0x00,0x00,0x00,0x00,0x09,0x1b,0x28,0x30,0x31,0x31,0x31,0x37,0x51,0x6a,0x84,0x9d,0x8f,0x76,0x5c,0x43,0x29,0x10,0x00,0x00,0x00,0x00,0x17,0x31,0x4a,0x64,0x7d,0x97,0x96,0x7c,0x63,0x60,0x76,0x8d,0xa1,0x8b,0x74,0x5e,0x47,0x30,0x1a,0x03,
    0x00,0x00,0x00,0x00,0x00,0x15,0x2e,0x48,0x61,0x7b,0x94,0x98,0x7f,0x65,0x4c,0x32,0x31,0x31,0x31,0x31,0x2e,0x23,0x14,0x01,0x00,0x00,0x00,0x00,0x15,0x2e,0x48,0x61,0x7b,0x94,0x90,0x76,0x5d,0x48,0x4c,0x4c,0x4c,0x4a,0x56,0x70,0x89,0x9c,0x82,0x69,0x4f,0x36,
    0x1c,0x03,0x00,0x00,0x00,0x19,0x32,0x4c,0x65,0x7f,0x98,0x8f,0x76,0x5c,0x60,0x79,0x92,0x94,0x7b,0x89,0x9f,0x85,0x6c,0x52,0x39,0x1f,0x06,0x00,0x00,0x07,0x20,0x3a,0x53,0x6d,0x86,0xa0,0x8d,0x73,0x5a,0x40,0x31,0x39,0x53,0x6c,0x86,0x9f,0x8d,0x74,0x5a,0x41,
    0x27,0x0e,0x00,0x00,0x00,0x09,0x23,0x3c,0x56,0x6f,0x88,0xa2,0x88,0x6f,0x56,0x4a,0x4c,0x64,0x7d,0x96,0x93,0x7a,0x61,0x47,0x2e,0x14,0x00,0x00,0x00,0x00,0x00,0x00,0x04,0x1c,0x35,0x4d,0x66,0x7e,0x97,0x96,0x7d,0x65,0x4c,0x34,0x1b,0x03,0x00,0x00,0x00,0x00,
    0x00,0x00,0x00,0x13,0x2c,0x46,0x5f,0x79,0x92,0x9a,0x81,0x67,0x4e,0x4a,0x4a,0x60,0x79,0x93,0x99,0x80,0x66,0x4d,0x33,0x1a,0x00,0x00,0x00,0x00,0x00,0x03,0x19,0x2e,0x3f,0x4a,0x4b,0x4b,0x4b,0x4b,0x4f,0x65,0x7e,0x97,0x93,0x79,0x60,0x47,0x2d,0x14,0x00,0x00,
    0x00,0x00,0x00,0x04,0x1c,0x34,0x49,0x5a,0x5e,0x5e,0x5e,0x5e,0x54,0x40,0x29,0x11,0x00,0x00,0x00,0x00,0x00,0x00,0x00,0x00,0x0f,0x28,0x42,0x5b,0x75,0x8e,0x91,0x77,0x5e,0x6b,0x77,0x7c,0x7c,0x78,0x74,0x88,0x93,0x94,0x8f,0x81,0x6d,0x56,0x3f,0x26,0x0e,0x00,
    0x00,0x00,0x00,0x03,0x1c,0x34,0x4d,0x66,0x7f,0x98,0x93,0x7a,0x62,0x62,0x62,0x62,0x62,0x72,0x8b,0x9f,0x86,0x6d,0x55,0x3c,0x23,0x0a,0x00,0x00,0x00,0x00,0x14,0x2d,0x47,0x60,0x7a,0x93,0x99,0x80,0x66,0x4d,0x4a,0x4a,0x5f,0x79,0x92,0x9a,0x81,0x67,0x4e,0x34,
    0x1b,0x01,0x00,0x00,0x00,0x19,0x32,0x4c,0x65,0x7f,0x98,0x94,0x7a,0x61,0x4d,0x4b,0x4b,0x4b,0x4b,0x4b,0x48,0x3b,0x29,0x13,0x00,0x00,0x00,0x00,0x16,0x30,0x49,0x63,0x7c,0x96,0x97,0x7d,0x64,0x4a,0x4a,0x4a,0x5d,0x76,0x90,0x9d,0x83,0x6a,0x50,0x37,0x1d,0x04,
    0x00,0x00,0x05,0x1f,0x38,0x52,0x6b,0x85,0x9e,0x8e,0x75,0x5b,0x48,0x48,0x48,0x48,0x48,0x48,0x47,0x3c,0x2b,0x16,0x00,0x00,0x00,0x03,0x1c,0x36,0x4f,0x69,0x82,0x9c,0x91,0x77,0x5e,0x44,0x2b,0x11,0x00,0x00,0x00,0x00,0x00,0x00,0x00,0x00,0x00,0x00,0x00,0x0c,
    0x25,0x3f,0x58,0x71,0x8b,0xa1,0x87,0x6e,0x56,0x4b,0x4b,0x64,0x7d,0x97,0x92,0x79,0x5f,0x46,0x2c,0x13,0x00,0x00,0x00,0x00,0x18,0x31,0x4b,0x64,0x7e,0x97,0x95,0x7c,0x62,0x49,0x2f,0x41,0x5b,0x74,0x8e,0x9f,0x85,0x6c,0x52,0x39,0x1f,0x06,0x00,0x00,0x00,0x0f,
    0x24,0x37,0x44,0x48,0x53,0x6d,0x86,0xa0,0x8d,0x73,0x5a,0x48,0x46,0x3b,0x29,0x14,0x00,0x00,0x00,0x01,0x18,0x2d,0x3e,0x49,0x4b,0x4b,0x4b,0x4b,0x53,0x6b,0x84,0x9e,0x8e,0x75,0x5b,0x42,0x28,0x0f,0x00,0x00,0x00,0x00,0x17,0x31,0x4a,0x64,0x7d,0x97,0x96,0x7c,
    0x63,0x54,0x6b,0x82,0x98,0x97,0x80,0x69,0x53,0x3c,0x26,0x0f,0x00,0x00,0x00,0x00,0x00,0x15,0x2e,0x48,0x61,0x7b,0x94,0x98,0x7f,0x65,0x4c,0x4b,0x4b,0x4b,0x4b,0x4b,0x46,0x38,0x25,0x0f,0x00,0x00,0x00,0x00,0x15,0x2e,0x48,0x61,0x7b,0x94,0x90,0x76,0x5d,0x43,
    0x32,0x32,0x32,0x3d,0x56,0x70,0x89,0x9c,0x82,0x69,0x4f,0x36,0x1c,0x03,0x00,0x00,0x00,0x19,0x32,0x4c,0x65,0x7f,0x98,0x8f,0x76,0x5c,0x5a,0x73,0x8b,0x9a,0x82,0x89,0x9f,0x85,0x6c,0x52,0x39,0x1f,0x06,0x00,0x00,0x06,0x1f,0x39,0x52,0x6c,0x85,0x9e,0x8d,0x74,
    0x5b,0x4b,0x4b,0x4b,0x55,0x6d,0x86,0xa0,0x8c,0x73,0x59,0x40,0x26,0x0d,0x00,0x00,0x00,0x06,0x20,0x39,0x52,0x6b,0x83,0x9c,0x8f,0x79,0x68,0x63,0x64,0x70,0x85,0x9c,0x8e,0x76,0x5d,0x44,0x2b,0x12,0x00,0x00,0x00,0x00,0x00,0x00,0x0b,0x23,0x3c,0x54,0x6d,0x85,
    0x9e,0x8f,0x76,0x5e,0x45,0x2d,0x14,0x00,0x00,0x00,0x00,0x00,0x00,0x00,0x00,0x11,0x2a,0x43,0x5d,0x76,0x8f,0x9e,0x85,0x6e,0x64,0x63,0x63,0x6a,0x7f,0x97,0x96,0x7d,0x64,0x4b,0x31,0x18,0x00,0x00,0x00,0x00,0x00,0x0b,0x24,0x3c,0x52,0x62,0x64,0x64,0x64,0x64,
    0x66,0x73,0x87,0x9d,0x8e,0x75,0x5c,0x43,0x2a,0x11,0x00,0x00,0x00,0x00,0x00,0x08,0x21,0x3b,0x54,0x6d,0x78,0x78,0x78,0x77,0x62,0x49,0x2f,0x16,0x00,0x00,0x00,0x00,0x00,0x00,0x00,0x00,0x0e,0x27,0x41,0x5a,0x73,0x8d,0x92,0x79,0x61,0x5a,0x5f,0x63,0x63,0x5f,
    0x64,0x72,0x7a,0x7b,0x77,0x6d,0x5d,0x4a,0x34,0x1d,0x06,0x00,0x00,0x00,0x00,0x09,0x22,0x3a,0x53,0x6c,0x85,0x9e,0x8d,0x75,0x5c,0x48,0x48,0x48,0x54,0x6d,0x86,0x9f,0x8c,0x73,0x5b,0x42,0x29,0x10,0x00,0x00,0x00,0x00,0x14,0x2d,0x47,0x60,0x7a,0x93,0x99,0x80,
    0x66,0x63,0x63,0x63,0x69,0x7e,0x96,0x97,0x7e,0x65,0x4b,0x32,0x19,0x00,0x00,0x00,0x00,0x16,0x2f,0x48,0x61,0x7a,0x93,0x9a,0x84,0x70,0x65,0x64,0x64,0x64,0x64,0x64,0x5f,0x4c,0x35,0x1d,0x04,0x00,0x00,0x00,0x16,0x30,0x49,0x63,0x7c,0x96,0x97,0x7d,0x64,0x63,
    0x63,0x63,0x68,0x7c,0x94,0x99,0x80,0x67,0x4e,0x35,0x1b,0x02,0x00,0x00,0x05,0x1f,0x38,0x52,0x6b,0x85,0x9e,0x8e,0x75,0x62,0x62,0x62,0x62,0x62,0x62,0x62,0x5f,0x4f,0x39,0x21,0x09,0x00,0x00,0x03,0x1c,0x36,0x4f,0x69,0x82,0x9c,0x91,0x77,0x5e,0x44,0x2b,0x11,
    0x00,0x00,0x00,0x00,0x00,0x00,0x00,0x00,0x00,0x00,0x00,0x09,0x22,0x3b,0x54,0x6d,0x86,0x9e,0x8f,0x7a,0x69,0x64,0x64,0x64,0x7d,0x97,0x92,0x79,0x5f,0x46,0x2c,0x13,0x00,0x00,0x00,0x00,0x18,0x31,0x4b,0x64,0x7e,0x97,0x95,0x7c,0x62,0x49,0x2f,0x41,0x5b,0x74,
    0x8e,0x9f,0x85,0x6c,0x52,0x39,0x1f,0x06,0x00,0x00,0x00,0x19,0x31,0x48,0x5b,0x62,0x62,0x6d,0x86,0xa0,0x8d,0x73,0x62,0x62,0x5e,0x4d,0x37,0x1f,0x06,0x00,0x00,0x0a,0x22,0x3a,0x51,0x61,0x64,0x64,0x64,0x64,0x68,0x77,0x8c,0xa1,0x89,0x70,0x57,0x3e,0x25,0x0c,
    0x00,0x00,0x00,0x00,0x17,0x31,0x4a,0x64,0x7d,0x97,0x96,0x7c,0x63,0x49,0x5f,0x76,0x8d,0xa2,0x8c,0x75,0x5f,0x48,0x31,0x1b,0x04,0x00,0x00,0x00,0x00,0x15,0x2e,0x48,0x61,0x7b,0x94,0x98,0x7f,0x65,0x64,0x64,0x64,0x64,0x64,0x64,0x5c,0x48,0x31,0x18,0x00,0x00,
    0x00,0x00,0x15,0x2e,0x48,0x61,0x7b,0x94,0x90,0x76,0x5d,0x43,0x2a,0x19,0x23,0x3d,0x56,0x70,0x89,0x9c,0x82,0x69,0x4f,0x36,0x1c,0x03,0x00,0x00,0x00,0x19,0x32,0x4c,0x65,0x7f,0x98,0x8f,0x76,0x5c,0x54,0x6d,0x85,0x9e,0x88,0x89,0x9f,0x85,0x6c,0x52,0x39,0x1f,
    0x06,0x00,0x00,0x03,0x1c,0x35,0x4f,0x67,0x80,0x99,0x94,0x7e,0x6c,0x64,0x64,0x64,0x69,0x79,0x8e,0x9f,0x87,0x6e,0x55,0x3c,0x23,0x0a,0x00,0x00,0x00,0x02,0x1a,0x33,0x4b,0x63,0x7a,0x90,0x9d,0x8b,0x80,0x7d,0x7d,0x85,0x94,0x9a,0x84,0x6d,0x56,0x3d,0x25,0x0c,
    0x00,0x00,0x00,0x00,0x00,0x00,0x12,0x2a,0x43,0x5b,0x74,0x8c,0xa0,0x87,0x6f,0x57,0x3e,0x26,0x0d,0x00,0x00,0x00,0x00,0x00,0x00,0x00,0x00,0x0d,0x26,0x3f,0x57,0x70,0x87,0x9e,0x92,0x83,0x7d,0x7d,0x7d,0x81,0x8e,0xa1,0x8e,0x76,0x5e,0x46,0x2d,0x14,0x00,0x00,
    0x00,0x00,0x00,0x0f,0x28,0x42,0x5b,0x74,0x7e,0x7e,0x7e,0x7e,0x7f,0x87,0x97,0x9a,0x84,0x6d,0x55,0x3d,0x25,0x0c,0x00,0x00,0x00,0x00,0x00,0x08,0x22,0x3b,0x55,0x6e,0x88,0x91,0x91,0x7c,0x63,0x49,0x30,0x16,0x00,0x00,0x00,0x00,0x00,0x00,0x00,0x00,0x0b,0x24,
    0x3d,0x56,0x6f,0x88,0x9a,0x84,0x76,0x73,0x73,0x73,0x73,0x73,0x73,0x71,0x60,0x61,0x5e,0x56,0x4a,0x39,0x26,0x11,0x00,0x00,0x00,0x00,0x00,0x0f,0x28,0x40,0x59,0x72,0x8b,0xa1,0x88,0x6f,0x56,0x3d,0x2f,0x36,0x4f,0x68,0x81,0x9a,0x92,0x79,0x60,0x48,0x2f,0x16,
    0x00,0x00,0x00,0x00,0x14,0x2d,0x47,0x60,0x7a,0x93,0x99,0x80,0x7d,0x7d,0x7d,0x7d,0x81,0x8d,0xa1,0x8f,0x78,0x5f,0x47,0x2e,0x15,0x00,0x00,0x00,0x00,0x11,0x2a,0x42,0x5a,0x72,0x89,0x9e,0x94,0x86,0x7e,0x7e,0x7e,0x7e,0x7e,0x7e,0x6d,0x54,0x3a,0x21,0x07,0x00,
    0x00,0x00,0x16,0x30,0x49,0x63,0x7c,0x96,0x97,0x7d,0x7d,0x7d,0x7d,0x7d,0x80,0x8b,0x9f,0x91,0x7a,0x62,0x49,0x30,0x17,0x00,0x00,0x00,0x05,0x1f,0x38,0x52,0x6b,0x85,0x9e,0x8e,0x7b,0x7b,0x7b,0x7b,0x7b,0x7b,0x7b,0x7b,0x72,0x59,0x3f,0x26,0x0c,0x00,0x00,0x03,
    0x1c,0x36,0x4f,0x69,0x82,0x9c,0x91,0x77,0x5e,0x44,0x2b,0x11,0x00,0x00,0x00,0x00,0x00,0x00,0x00,0x00,0x00,0x00,0x00,0x04,0x1d,0x35,0x4e,0x66,0x7d,0x93,0x9e,0x8c,0x81,0x7e,0x7e,0x7e,0x7e,0x97,0x92,0x79,0x5f,0x46,0x2c,0x13,0x00,0x00,0x00,0x00,0x18,0x31,
    0x4b,0x64,0x7e,0x97,0x95,0x7c,0x62,0x49,0x2f,0x41,0x5b,0x74,0x8e,0x9f,0x85,0x6c,0x52,0x39,0x1f,0x06,0x00,0x00,0x04,0x1d,0x37,0x50,0x69,0x7b,0x7b,0x7b,0x86,0xa0,0x8d,0x7b,0x7b,0x7b,0x70,0x56,0x3d,0x24,0x0a,0x00,0x00,0x0d,0x26,0x40,0x59,0x73,0x7e,0x7e,
    0x7e,0x7e,0x80,0x8b,0x9b,0x95,0x7f,0x68,0x51,0x38,0x20,0x07,0x00,0x00,0x00,0x00,0x17,0x31,0x4a,0x64,0x7d,0x97,0x96,0x7c,0x63,0x49,0x54,0x6b,0x81,0x98,0x98,0x81,0x6a,0x54,0x3d,0x27,0x10,0x00,0x00,0x00,0x00,0x15,0x2e,0x48,0x61,0x7b,0x94,0x98,0x7f,0x7e,
    0x7e,0x7e,0x7e,0x7e,0x7e,0x7e,0x68,0x4f,0x36,0x1c,0x03,0x00,0x00,0x00,0x15,0x2e,0x48,0x61,0x7b,0x94,0x90,0x76,0x5d,0x43,0x2a,0x10,0x23,0x3d,0x56,0x70,0x89,0x9c,0x82,0x69,0x4f,0x36,0x1c,0x03,0x00,0x00,0x00,0x19,0x32,0x4c,0x65,0x7f,0x98,0x8f,0x76,0x5c,
    0x4e,0x66,0x7f,0x98,0x8e,0x89,0x9f,0x85,0x6c,0x52,0x39,0x1f,0x06,0x00,0x00,0x00,0x17,0x30,0x48,0x60,0x78,0x8e,0xa2,0x90,0x83,0x7e,0x7e,0x7e,0x81,0x8c,0x9d,0x94,0x7e,0x66,0x4f,0x36,0x1e,0x05,0x00,0x00,0x00,0x00,0x12,0x2a,0x41,0x58,0x6d,0x80,0x91,0x9e,
    0x98,0x96,0x97,0x9c,0x97,0x88,0x76,0x61,0x4b,0x34,0x1d,0x05,0x00,0x00,0x00,0x00,0x00,0x01,0x19,0x32,0x4a,0x62,0x7b,0x93,0x99,0x80,0x68,0x4f,0x37,0x1e,0x06,0x00,0x00,0x00,0x00,0x00,0x00,0x00,0x00,0x07,0x1f,0x37,0x4e,0x65,0x7b,0x8d,0x9b,0x9a,0x97,0x96,
    0x96,0x99,0x9d,0x92,0x80,0x6b,0x55,0x3e,0x26,0x0d,0x00,0x00,0x00,0x00,0x00,0x0f,0x28,0x42,0x5b,0x75,0x8e,0x97,0x97,0x97,0x98,0x9e,0x97,0x88,0x76,0x61,0x4b,0x34,0x1c,0x05,0x00,0x00,0x00,0x00,0x00,0x08,0x22,0x3b,0x55,0x6e,0x88,0xa1,0x96,0x7c,0x63,0x49,
    0x30,0x16,0x00,0x00,0x00,0x00,0x00,0x00,0x00,0x00,0x06,0x1f,0x37,0x4f,0x67,0x7d,0x91,0x98,0x8f,0x8d,0x8d,0x8d,0x8d,0x8d,0x8d,0x79,0x5f,0x48,0x45,0x3f,0x34,0x26,0x15,0x02,0x00,0x00,0x00,0x00,0x00,0x15,0x2e,0x46,0x5f,0x78,0x91,0x9b,0x82,0x6a,0x51,0x38,
    0x1f,0x30,0x49,0x62,0x7b,0x94,0x98,0x7f,0x66,0x4d,0x35,0x1c,0x03,0x00,0x00,0x00,0x14,0x2d,0x47,0x60,0x7a,0x93,0xa2,0x96,0x96,0x96,0x96,0x96,0x99,0x9e,0x93,0x82,0x6d,0x56,0x3f,0x27,0x0f,0x00,0x00,0x00,0x00,0x0a,0x21,0x39,0x50,0x65,0x7a,0x8b,0x99,0x9d,
    0x98,0x97,0x97,0x97,0x97,0x87,0x6d,0x54,0x3a,0x21,0x07,0x00,0x00,0x00,0x16,0x30,0x49,0x63,0x7c,0x96,0xa0,0x96,0x96,0x96,0x96,0x96,0x99,0x9f,0x94,0x83,0x6f,0x58,0x41,0x29,0x11,0x00,0x00,0x00,0x05,0x1f,0x38,0x52,0x6b,0x85,0x9e,0x99,0x95,0x95,0x95,0x95,
    0x95,0x95,0x95,0x8c,0x72,0x59,0x3f,0x26,0x0c,0x00,0x00,0x03,0x1c,0x36,0x4f,0x69,0x82,0x9c,0x91,0x77,0x5e,0x44,0x2b,0x11,0x00,0x00,0x00,0x00,0x00,0x00,0x00,0x00,0x00,0x00,0x00,0x00,0x15,0x2d,0x44,0x5a,0x6f,0x83,0x92,0x9d,0x9a,0x97,0x97,0x97,0x97,0xa1,
    0x92,0x79,0x5f,0x46,0x2c,0x13,0x00,0x00,0x00,0x00,0x18,0x31,0x4b,0x64,0x7e,0x97,0x95,0x7c,0x62,0x49,0x2f,0x41,0x5b,0x74,0x8e,0x9f,0x85,0x6c,0x52,0x39,0x1f,0x06,0x00,0x00,0x04,0x1d,0x37,0x50,0x6a,0x83,0x95,0x95,0x96,0xa6,0x99,0x95,0x95,0x8a,0x70,0x57,
    0x3d,0x24,0x0a,0x00,0x00,0x0d,0x26,0x40,0x59,0x73,0x8c,0x97,0x97,0x97,0x99,0x9e,0x94,0x84,0x72,0x5d,0x46,0x2f,0x18,0x00,0x00,0x00,0x00,0x00,0x17,0x31,0x4a,0x64,0x7d,0x97,0x96,0x7c,0x63,0x49,0x48,0x5f,0x76,0x8d,0xa3,0x8d,0x76,0x60,0x49,0x33,0x1c,0x04,
    0x00,0x00,0x00,0x15,0x2e,0x48,0x61,0x7b,0x94,0xa2,0x97,0x97,0x97,0x97,0x97,0x97,0x97,0x82,0x69,0x4f,0x36,0x1c,0x03,0x00,0x00,0x00,0x15,0x2e,0x48,0x61,0x7b,0x94,0x90,0x76,0x5d,0x43,0x2a,0x10,0x23,0x3d,0x56,0x70,0x89,0x9c,0x82,0x69,0x4f,0x36,0x1c,0x03,
    0x00,0x00,0x00,0x19,0x32,0x4c,0x65,0x7f,0x98,0x8f,0x76,0x5c,0x47,0x60,0x79,0x92,0x9b,0x98,0x9f,0x85,0x6c,0x52,0x39,0x1f,0x06,0x00,0x00,0x00,0x0f,0x27,0x3f,0x55,0x6b,0x7f,0x8f,0x9b,0x9b,0x97,0x97,0x97,0x9a,0x9e,0x93,0x83,0x70,0x5b,0x45,0x2e,0x16,0x00,
    0x00,0x00,0x00,0x00,0x08,0x1f,0x34,0x49,0x5c,0x6d,0x7c,0x86,0x8b,0x8c,0x8c,0x89,0x81,0x74,0x64,0x52,0x3e,0x28,0x12,0x00,0x00,0x00,0x00,0x00,0x00,0x06,0x1f,0x38,0x51,0x6a,0x82,0x8c,0x8c,0x79,0x61,0x48,0x30,0x17,0x00,0x00,0x00,0x00,0x00,0x00,0x00,0x00,
    0x00,0x00,0x15,0x2c,0x42,0x57,0x69,0x78,0x83,0x89,0x8c,0x8c,0x8c,0x8a,0x85,0x7c,0x6e,0x5c,0x48,0x32,0x1c,0x05,0x00,0x00,0x00,0x00,0x00,0x0f,0x28,0x42,0x5b,0x75,0x8c,0x8c,0x8c,0x8c,0x8b,0x87,0x80,0x74,0x64,0x52,0x3e,0x28,0x12,0x00,0x00,0x00,0x00,0x00,
    0x00,0x08,0x22,0x3b,0x55,0x6e,0x88,0x8c,0x8c,0x7c,0x63,0x49,0x30,0x16,0x00,0x00,0x00,0x00,0x00,0x00,0x00,0x00,0x00,0x16,0x2e,0x44,0x5a,0x6d,0x7d,0x87,0x8b,0x8c,0x8c,0x8c,0x8c,0x8c,0x8c,0x79,0x5f,0x46,0x2c,0x26,0x1d,0x11,0x02,0x00,0x00,0x00,0x00,0x00,
    0x01,0x1a,0x33,0x4c,0x65,0x7e,0x8c,0x8c,0x7d,0x64,0x4b,0x32,0x19,0x2b,0x44,0x5d,0x76,0x8c,0x8c,0x85,0x6c,0x53,0x3a,0x21,0x08,0x00,0x00,0x00,0x14,0x2d,0x47,0x60,0x7a,0x8c,0x8c,0x8c,0x8c,0x8c,0x8c,0x8c,0x8a,0x85,0x7d,0x6f,0x5e,0x4a,0x34,0x1d,0x06,0x00,
    0x00,0x00,0x00,0x00,0x17,0x2d,0x42,0x56,0x68,0x76,0x81,0x88,0x8c,0x8c,0x8c,0x8c,0x8c,0x87,0x6d,0x54,0x3a,0x21,0x07,0x00,0x00,0x00,0x16,0x30,0x49,0x63,0x7c,0x8c,0x8c,0x8c,0x8c,0x8c,0x8c,0x8c,0x8b,0x86,0x7e,0x71,0x5f,0x4c,0x36,0x1f,0x08,0x00,0x00,0x00,
    0x05,0x1f,0x38,0x52,0x6b,0x85,0x8c,0x8c,0x8c,0x8c,0x8c,0x8c,0x8c,0x8c,0x8c,0x8c,0x72,0x59,0x3f,0x26,0x0c,0x00,0x00,0x03,0x1c,0x36,0x4f,0x69,0x82,0x8c,0x8c,0x77,0x5e,0x44,0x2b,0x11,0x00,0x00,0x00,0x00,0x00,0x00,0x00,0x00,0x00,0x00,0x00,0x00,0x0b,0x21,
    0x37,0x4c,0x5f,0x6f,0x7c,0x85,0x8a,0x8c,0x8c,0x8c,0x8c,0x8c,0x8c,0x79,0x5f,0x46,0x2c,0x13,0x00,0x00,0x00,0x00,0x18,0x31,0x4b,0x64,0x7e,0x8c,0x8c,0x7c,0x62,0x49,0x2f,0x41,0x5b,0x74,0x8c,0x8c,0x85,0x6c,0x52,0x39,0x1f,0x06,0x00,0x00,0x04,0x1d,0x37,0x50,
    0x6a,0x83,0x8c,0x8c,0x8c,0x8c,0x8c,0x8c,0x8c,0x8a,0x70,0x57,0x3d,0x24,0x0a,0x00,0x00,0x0d,0x26,0x40,0x59,0x73,0x8c,0x8c,0x8c,0x8c,0x8b,0x86,0x7d,0x70,0x60,0x4e,0x39,0x24,0x0d,0x00,0x00,0x00,0x00,0x00,0x17,0x31,0x4a,0x64,0x7d,0x8c,0x8c,0x7c,0x63,0x49,
    0x3d,0x54,0x6a,0x81,0x8c,0x8c,0x82,0x6c,0x54,0x3b,0x22,0x09,0x00,0x00,0x00,0x15,0x2e,0x48,0x61,0x7b,0x8c,0x8c,0x8c,0x8c,0x8c,0x8c,0x8c,0x8c,0x8c,0x82,0x69,0x4f,0x36,0x1c,0x03,0x00,0x00,0x00,0x15,0x2e,0x48,0x61,0x7b,0x8c,0x8c,0x76,0x5d,0x43,0x2a,0x10,
    0x23,0x3d,0x56,0x70,0x89,0x8c,0x82,0x69,0x4f,0x36,0x1c,0x03,0x00,0x00,0x00,0x19,0x32,0x4c,0x65,0x7f,0x8c,0x8c,0x76,0x5c,0x43,0x5a,0x73,0x8b,0x8c,0x8c,0x8c,0x85,0x6c,0x52,0x39,0x1f,0x06,0x00,0x00,0x00,0x06,0x1c,0x32,0x47,0x5a,0x6b,0x79,0x83,0x89,0x8c,
    0x8c,0x8c,0x8a,0x85,0x7c,0x6f,0x5f,0x4c,0x38,0x22,0x0c,0x00,0x00,0x00,0x00,0x00,0x00,0x11,0x25,0x38,0x49,0x59,0x65,0x6d,0x72,0x73,0x73,0x70,0x69,0x5e,0x50,0x40,0x2e,0x1a,0x05,0x00,0x00,0x00,0x00,0x00,0x00,0x06,0x1f,0x38,0x51,0x69,0x73,0x73,0x73,0x6f,
    0x59,0x41,0x29,0x10,0x00,0x00,0x00,0x00,0x00,0x00,0x00,0x00,0x00,0x00,0x09,0x1f,0x33,0x45,0x55,0x62,0x6a,0x70,0x72,0x73,0x73,0x71,0x6c,0x65,0x59,0x4a,0x38,0x25,0x0f,0x00,0x00,0x00,0x00,0x00,0x00,0x0e,0x27,0x40,0x59,0x6f,0x73,0x73,0x73,0x73,0x72,0x6e,
    0x68,0x5e,0x50,0x40,0x2e,0x1a,0x05,0x00,0x00,0x00,0x00,0x00,0x00,0x08,0x21,0x3a,0x53,0x6a,0x73,0x73,0x73,0x72,0x60,0x48,0x2f,0x16,0x00,0x00,0x00,0x00,0x00,0x00,0x00,0x00,0x00,0x0b,0x21,0x36,0x49,0x59,0x66,0x6e,0x72,0x73,0x73,0x73,0x73,0x73,0x73,0x71,
    0x5d,0x44,0x2b,0x12,0x06,0x00,0x00,0x00,0x00,0x00,0x00,0x00,0x01,0x1a,0x33,0x4c,0x64,0x73,0x73,0x73,0x72,0x5e,0x46,0x2d,0x14,0x26,0x3f,0x57,0x6e,0x73,0x73,0x73,0x6a,0x53,0x3a,0x21,0x08,0x00,0x00,0x00,0x13,0x2c,0x45,0x5e,0x72,0x73,0x73,0x73,0x73,0x73,
    0x73,0x73,0x71,0x6d,0x65,0x5a,0x4b,0x3a,0x26,0x11,0x00,0x00,0x00,0x00,0x00,0x00,0x0a,0x1e,0x32,0x44,0x53,0x60,0x69,0x6f,0x72,0x73,0x73,0x73,0x73,0x73,0x69,0x52,0x39,0x20,0x07,0x00,0x00,0x00,0x16,0x2f,0x48,0x60,0x72,0x73,0x73,0x73,0x73,0x73,0x73,0x73,
    0x71,0x6d,0x66,0x5b,0x4d,0x3b,0x28,0x13,0x00,0x00,0x00,0x00,0x05,0x1e,0x37,0x50,0x68,0x73,0x73,0x73,0x73,0x73,0x73,0x73,0x73,0x73,0x73,0x73,0x6d,0x57,0x3e,0x25,0x0c,0x00,0x00,0x02,0x1b,0x35,0x4e,0x65,0x73,0x73,0x73,0x70,0x5b,0x43,0x2a,0x11,0x00,0x00,
    0x00,0x00,0x00,0x00,0x00,0x00,0x00,0x00,0x00,0x00,0x00,0x14,0x28,0x3b,0x4b,0x59,0x65,0x6c,0x71,0x73,0x73,0x73,0x73,0x73,0x73,0x71,0x5d,0x44,0x2b,0x12,0x00,0x00,0x00,0x00,0x17,0x30,0x49,0x62,0x73,0x73,0x73,0x72,0x5f,0x47,0x2e,0x40,0x59,0x6f,0x73,0x73,
    0x73,0x68,0x50,0x37,0x1e,0x05,0x00,0x00,0x03,0x1c,0x36,0x4f,0x66,0x73,0x73,0x73,0x73,0x73,0x73,0x73,0x73,0x73,0x6c,0x55,0x3c,0x23,0x09,0x00,0x00,0x0c,0x25,0x3e,0x57,0x6d,0x73,0x73,0x73,0x73,0x71,0x6d,0x66,0x5b,0x4d,0x3c,0x2a,0x16,0x01,0x00,0x00,0x00,
    0x00,0x00,0x16,0x30,0x49,0x61,0x73,0x73,0x73,0x72,0x60,0x48,0x31,0x48,0x5f,0x72,0x73,0x73,0x73,0x6b,0x54,0x3b,0x22,0x09,0x00,0x00,0x00,0x14,0x2d,0x46,0x5f,0x72,0x73,0x73,0x73,0x73,0x73,0x73,0x73,0x73,0x73,0x73,0x65,0x4d,0x34,0x1b,0x02,0x00,0x00,0x00,
    0x14,0x2d,0x46,0x5e,0x72,0x73,0x73,0x70,0x5a,0x42,0x29,0x0f,0x22,0x3b,0x54,0x6b,0x73,0x73,0x73,0x66,0x4e,0x35,0x1c,0x02,0x00,0x00,0x00,0x18,0x31,0x4a,0x62,0x73,0x73,0x73,0x6f,0x5a,0x41,0x54,0x6b,0x73,0x73,0x73,0x73,0x73,0x68,0x50,0x37,0x1e,0x05,0x00,
    0x00,0x00,0x00,0x0f,0x23,0x36,0x48,0x56,0x62,0x6b,0x70,0x72,0x73,0x73,0x71,0x6d,0x65,0x5a,0x4c,0x3b,0x28,0x14,0x00,0x00,0x00,0x00,0x00,0x00,0x00,0x01,0x14,0x26,0x35,0x43,0x4d,0x55,0x59,0x59,0x59,0x57,0x51,0x48,0x3b,0x2d,0x1c,0x0a,0x00,0x00,0x00,0x00,
    0x00,0x00,0x00,0x01,0x19,0x30,0x45,0x55,0x59,0x59,0x59,0x58,0x4b,0x37,0x21,0x09,0x00,0x00,0x00,0x00,0x00,0x00,0x00,0x00,0x00,0x00,0x00,0x0f,0x21,0x32,0x3f,0x4a,0x52,0x57,0x59,0x59,0x59,0x57,0x53,0x4d,0x43,0x36,0x26,0x14,0x01,0x00,0x00,0x00,0x00,0x00,
    0x00,0x08,0x20,0x37,0x4b,0x58,0x59,0x59,0x59,0x59,0x58,0x55,0x4f,0x47,0x3b,0x2d,0x1c,0x0a,0x00,0x00,0x00,0x00,0x00,0x00,0x00,0x02,0x1a,0x31,0x46,0x56,0x59,0x59,0x59,0x59,0x50,0x3d,0x27,0x10,0x00,0x00,0x00,0x00,0x00,0x00,0x00,0x00,0x00,0x00,0x12,0x25,
    0x36,0x44,0x4e,0x55,0x58,0x59,0x59,0x59,0x59,0x59,0x59,0x59,0x4d,0x3a,0x24,0x0c,0x00,0x00,0x00,0x00,0x00,0x00,0x00,0x00,0x00,0x14,0x2b,0x41,0x52,0x59,0x59,0x59,0x59,0x4e,0x3b,0x25,0x0d,0x1f,0x35,0x4a,0x57,0x59,0x59,0x59,0x56,0x46,0x32,0x1b,0x03,0x00,
    0x00,0x00,0x0d,0x25,0x3b,0x4e,0x59,0x59,0x59,0x59,0x59,0x59,0x59,0x59,0x58,0x54,0x4d,0x44,0x37,0x27,0x16,0x02,0x00,0x00,0x00,0x00,0x00,0x00,0x00,0x0e,0x20,0x30,0x3d,0x48,0x51,0x56,0x59,0x59,0x59,0x59,0x59,0x59,0x55,0x46,0x31,0x1a,0x01,0x00,0x00,0x00,
    0x10,0x27,0x3d,0x50,0x59,0x59,0x59,0x59,0x59,0x59,0x59,0x59,0x58,0x54,0x4e,0x45,0x38,0x29,0x17,0x04,0x00,0x00,0x00,0x00,0x00,0x17,0x2f,0x44,0x54,0x59,0x59,0x59,0x59,0x59,0x59,0x59,0x59,0x59,0x59,0x59,0x57,0x49,0x35,0x1e,0x06,0x00,0x00,0x00,0x15,0x2c,
    0x42,0x53,0x59,0x59,0x59,0x58,0x4c,0x39,0x23,0x0b,0x00,0x00,0x00,0x00,0x00,0x00,0x00,0x00,0x00,0x00,0x00,0x00,0x00,0x04,0x17,0x27,0x36,0x43,0x4d,0x53,0x58,0x59,0x59,0x59,0x59,0x59,0x59,0x59,0x4e,0x3a,0x24,0x0c,0x00,0x00,0x00,0x00,0x11,0x29,0x3f,0x51,
    0x59,0x59,0x59,0x59,0x4f,0x3d,0x26,0x37,0x4b,0x58,0x59,0x59,0x59,0x54,0x44,0x2f,0x18,0x00,0x00,0x00,0x00,0x16,0x2d,0x43,0x54,0x59,0x59,0x59,0x59,0x59,0x59,0x59,0x59,0x59,0x56,0x47,0x33,0x1c,0x04,0x00,0x00,0x07,0x1e,0x35,0x49,0x57,0x59,0x59,0x59,0x59,
    0x58,0x54,0x4e,0x44,0x38,0x29,0x18,0x06,0x00,0x00,0x00,0x00,0x00,0x00,0x10,0x28,0x3e,0x50,0x59,0x59,0x59,0x59,0x50,0x3d,0x27,0x3c,0x4f,0x59,0x59,0x59,0x59,0x56,0x47,0x33,0x1c,0x04,0x00,0x00,0x00,0x0e,0x26,0x3c,0x4f,0x59,0x59,0x59,0x59,0x59,0x59,0x59,
    0x59,0x59,0x59,0x59,0x53,0x42,0x2c,0x15,0x00,0x00,0x00,0x00,0x0e,0x25,0x3c,0x4f,0x59,0x59,0x59,0x58,0x4c,0x38,0x21,0x0a,0x1c,0x33,0x47,0x56,0x59,0x59,0x59,0x53,0x42,0x2d,0x15,0x00,0x00,0x00,0x00,0x12,0x29,0x3f,0x51,0x59,0x59,0x59,0x58,0x4c,0x38,0x47,
    0x56,0x59,0x59,0x59,0x59,0x59,0x54,0x44,0x2f,0x18,0x00,0x00,0x00,0x00,0x00,0x00,0x12,0x24,0x33,0x40,0x4b,0x52,0x57,0x59,0x59,0x59,0x58,0x54,0x4d,0x43,0x37,0x28,0x17,0x04,0x00,0x00,0x00,0x00,0x00,0x00,0x00,0x00,0x02,0x12,0x20,0x2c,0x35,0x3c,0x3f,0x40,
    0x40,0x3e,0x38,0x30,0x25,0x18,0x09,0x00,0x00,0x00,0x00,0x00,0x00,0x00,0x00,0x00,0x0d,0x21,0x32,0x3d,0x40,0x40,0x40,0x3f,0x36,0x27,0x14,0x00,0x00,0x00,0x00,0x00,0x00,0x00,0x00,0x00,0x00,0x00,0x00,0x00,0x0e,0x1d,0x29,0x32,0x39,0x3d,0x3f,0x40,0x40,0x3e,
    0x3a,0x34,0x2c,0x20,0x12,0x02,0x00,0x00,0x00,0x00,0x00,0x00,0x00,0x00,0x13,0x27,0x36,0x3f,0x40,0x40,0x40,0x40,0x3f,0x3c,0x37,0x2f,0x25,0x18,0x09,0x00,0x00,0x00,0x00,0x00,0x00,0x00,0x00,0x00,0x0e,0x22,0x33,0x3d,0x40,0x40,0x40,0x40,0x3a,0x2c,0x19,0x05,
    0x00,0x00,0x00,0x00,0x00,0x00,0x00,0x00,0x00,0x00,0x01,0x12,0x21,0x2d,0x36,0x3c,0x3f,0x40,0x40,0x40,0x40,0x40,0x40,0x3f,0x38,0x29,0x17,0x01,0x00,0x00,0x00,0x00,0x00,0x00,0x00,0x00,0x00,0x09,0x1d,0x2f,0x3b,0x40,0x40,0x40,0x40,0x39,0x2a,0x18,0x03,0x12,
    0x25,0x35,0x3f,0x40,0x40,0x40,0x3e,0x33,0x22,0x0e,0x00,0x00,0x00,0x00,0x02,0x18,0x2a,0x39,0x40,0x40,0x40,0x40,0x40,0x40,0x40,0x40,0x3e,0x3b,0x35,0x2c,0x21,0x13,0x03,0x00,0x00,0x00,0x00,0x00,0x00,0x00,0x00,0x00,0x0c,0x1a,0x27,0x30,0x38,0x3d,0x3f,0x40,
    0x40,0x40,0x40,0x40,0x3d,0x32,0x22,0x0d,0x00,0x00,0x00,0x00,0x05,0x19,0x2c,0x3a,0x40,0x40,0x40,0x40,0x40,0x40,0x40,0x40,0x3e,0x3b,0x36,0x2d,0x22,0x15,0x05,0x00,0x00,0x00,0x00,0x00,0x00,0x0c,0x20,0x31,0x3d,0x40,0x40,0x40,0x40,0x40,0x40,0x40,0x40,0x40,
    0x40,0x40,0x3e,0x35,0x25,0x11,0x00,0x00,0x00,0x00,0x0a,0x1e,0x30,0x3c,0x40,0x40,0x40,0x3f,0x37,0x28,0x15,0x00,0x00,0x00,0x00,0x00,0x00,0x00,0x00,0x00,0x00,0x00,0x00,0x00,0x00,0x00,0x04,0x13,0x20,0x2c,0x34,0x3a,0x3e,0x40,0x40,0x40,0x40,0x40,0x40,0x3f,
    0x38,0x2a,0x17,0x02,0x00,0x00,0x00,0x00,0x06,0x1b,0x2d,0x3a,0x40,0x40,0x40,0x40,0x39,0x2b,0x19,0x26,0x36,0x3f,0x40,0x40,0x40,0x3d,0x31,0x20,0x0c,0x00,0x00,0x00,0x00,0x0a,0x1f,0x30,0x3c,0x40,0x40,0x40,0x40,0x40,0x40,0x40,0x40,0x40,0x3e,0x34,0x23,0x10,
    0x00,0x00,0x00,0x00,0x12,0x25,0x35,0x3e,0x40,0x40,0x40,0x40,0x3e,0x3b,0x35,0x2d,0x22,0x15,0x05,0x00,0x00,0x00,0x00,0x00,0x00,0x00,0x05,0x1a,0x2c,0x3a,0x40,0x40,0x40,0x40,0x3a,0x2c,0x19,0x2b,0x39,0x40,0x40,0x40,0x40,0x3e,0x34,0x23,0x0f,0x00,0x00,0x00,
    0x00,0x03,0x18,0x2b,0x39,0x40,0x40,0x40,0x40,0x40,0x40,0x40,0x40,0x40,0x40,0x40,0x3c,0x2f,0x1e,0x09,0x00,0x00,0x00,0x00,0x03,0x18,0x2b,0x39,0x40,0x40,0x40,0x3f,0x37,0x28,0x14,0x00,0x0f,0x23,0x34,0x3e,0x40,0x40,0x40,0x3c,0x30,0x1e,0x0a,0x00,0x00,0x00,
    0x00,0x07,0x1b,0x2d,0x3b,0x40,0x40,0x40,0x3f,0x37,0x27,0x33,0x3e,0x40,0x40,0x40,0x40,0x40,0x3d,0x31,0x20,0x0c,0x00,0x00,0x00,0x00,0x00,0x00,0x00,0x10,0x1e,0x29,0x33,0x39,0x3e,0x40,0x40,0x40,0x3e,0x3b,0x35,0x2c,0x21,0x13,0x04,0x00,0x00,0x00,0x00,0x00,
    0x00,0x00,0x00,0x00,0x00,0x00,0x0a,0x14,0x1d,0x23,0x26,0x26,0x26,0x24,0x20,0x19,0x0f,0x03,0x00,0x00,0x00,0x00,0x00,0x00,0x00,0x00,0x00,0x00,0x00,0x0e,0x1c,0x24,0x26,0x26,0x26,0x26,0x1f,0x13,0x03,0x00,0x00,0x00,0x00,0x00,0x00,0x00,0x00,0x00,0x00,0x00,
    0x00,0x00,0x00,0x07,0x11,0x1a,0x20,0x24,0x26,0x26,0x26,0x25,0x21,0x1c,0x14,0x0a,0x00,0x00,0x00,0x00,0x00,0x00,0x00,0x00,0x00,0x00,0x03,0x13,0x1f,0x26,0x26,0x26,0x26,0x26,0x26,0x23,0x1e,0x17,0x0e,0x02,0x00,0x00,0x00,0x00,0x00,0x00,0x00,0x00,0x00,0x00,
    0x00,0x0f,0x1d,0x25,0x26,0x26,0x26,0x26,0x22,0x17,0x08,0x00,0x00,0x00,0x00,0x00,0x00,0x00,0x00,0x00,0x00,0x00,0x00,0x00,0x0b,0x15,0x1d,0x23,0x26,0x26,0x26,0x26,0x26,0x26,0x26,0x26,0x21,0x15,0x05,0x00,0x00,0x00,0x00,0x00,0x00,0x00,0x00,0x00,0x00,0x00,
    0x0b,0x19,0x23,0x26,0x26,0x26,0x26,0x21,0x16,0x06,0x00,0x01,0x12,0x1e,0x25,0x26,0x26,0x26,0x25,0x1d,0x0f,0x00,0x00,0x00,0x00,0x00,0x00,0x06,0x16,0x21,0x26,0x26,0x26,0x26,0x26,0x26,0x26,0x26,0x25,0x22,0x1c,0x15,0x0b,0x00,0x00,0x00,0x00,0x00,0x00,0x00,
    0x00,0x00,0x00,0x00,0x00,0x04,0x0f,0x18,0x1f,0x23,0x26,0x26,0x26,0x26,0x26,0x26,0x24,0x1c,0x0f,0x00,0x00,0x00,0x00,0x00,0x00,0x08,0x17,0x22,0x26,0x26,0x26,0x26,0x26,0x26,0x26,0x26,0x25,0x22,0x1d,0x16,0x0c,0x00,0x00,0x00,0x00,0x00,0x00,0x00,0x00,0x00,
    0x0d,0x1b,0x24,0x26,0x26,0x26,0x26,0x26,0x26,0x26,0x26,0x26,0x26,0x26,0x25,0x1e,0x12,0x01,0x00,0x00,0x00,0x00,0x00,0x0c,0x1a,0x23,0x26,0x26,0x26,0x26,0x20,0x14,0x04,0x00,0x00,0x00,0x00,0x00,0x00,0x00,0x00,0x00,0x00,0x00,0x00,0x00,0x00,0x00,0x00,0x00,
    0x0a,0x14,0x1c,0x21,0x25,0x26,0x26,0x26,0x26,0x26,0x26,0x26,0x21,0x15,0x06,0x00,0x00,0x00,0x00,0x00,0x00,0x09,0x18,0x22,0x26,0x26,0x26,0x26,0x22,0x17,0x07,0x13,0x1f,0x26,0x26,0x26,0x26,0x24,0x1b,0x0e,0x00,0x00,0x00,0x00,0x00,0x00,0x0c,0x1b,0x24,0x26,
    0x26,0x26,0x26,0x26,0x26,0x26,0x26,0x26,0x25,0x1d,0x10,0x00,0x00,0x00,0x00,0x00,0x01,0x12,0x1e,0x25,0x26,0x26,0x26,0x26,0x25,0x22,0x1d,0x15,0x0b,0x00,0x00,0x00,0x00,0x00,0x00,0x00,0x00,0x00,0x00,0x08,0x18,0x22,0x26,0x26,0x26,0x26,0x22,0x17,0x08,0x16,
    0x21,0x26,0x26,0x26,0x26,0x25,0x1d,0x10,0x00,0x00,0x00,0x00,0x00,0x00,0x07,0x16,0x21,0x26,0x26,0x26,0x26,0x26,0x26,0x26,0x26,0x26,0x26,0x26,0x23,0x1a,0x0c,0x00,0x00,0x00,0x00,0x00,0x00,0x07,0x16,0x21,0x26,0x26,0x26,0x26,0x20,0x14,0x04,0x00,0x00,0x10,
    0x1d,0x25,0x26,0x26,0x26,0x23,0x1a,0x0c,0x00,0x00,0x00,0x00,0x00,0x00,0x09,0x18,0x22,0x26,0x26,0x26,0x26,0x20,0x14,0x1d,0x25,0x26,0x26,0x26,0x26,0x26,0x24,0x1b,0x0e,0x00,0x00,0x00,0x00,0x00,0x00,0x00,0x00,0x00,0x07,0x12,0x1a,0x20,0x24,0x26,0x26,0x26,
    0x25,0x22,0x1c,0x14,0x0a,0x00,0x00,0x00,0x00,0x00,0x00,0x00,0x00,0x00,0x00,0x00,0x00,0x00,0x00,0x00,0x04,0x0a,0x0c,0x0d,0x0d,0x0b,0x07,0x00,0x00,0x00,0x00,0x00,0x00,0x00,0x00,0x00,0x00,0x00,0x00,0x00,0x00,0x00,0x04,0x0b,0x0d,0x0d,0x0d,0x0c,0x07,0x00,
    0x00,0x00,0x00,0x00,0x00,0x00,0x00,0x00,0x00,0x00,0x00,0x00,0x00,0x00,0x00,0x00,0x00,0x01,0x07,0x0b,0x0c,0x0d,0x0d,0x0b,0x08,0x03,0x00,0x00,0x00,0x00,0x00,0x00,0x00,0x00,0x00,0x00,0x00,0x00,0x00,0x00,0x07,0x0c,0x0d,0x0d,0x0d,0x0d,0x0c,0x0a,0x05,0x00,
    0x00,0x00,0x00,0x00,0x00,0x00,0x00,0x00,0x00,0x00,0x00,0x00,0x00,0x00,0x05,0x0b,0x0d,0x0d,0x0d,0x0d,0x09,0x01,0x00,0x00,0x00,0x00,0x00,0x00,0x00,0x00,0x00,0x00,0x00,0x00,0x00,0x00,0x00,0x00,0x05,0x0a,0x0c,0x0d,0x0d,0x0d,0x0d,0x0d,0x0d,0x0d,0x08,0x00,
    0x00,0x00,0x00,0x00,0x00,0x00,0x00,0x00,0x00,0x00,0x00,0x00,0x00,0x03,0x0a,0x0d,0x0d,0x0d,0x0d,0x09,0x00,0x00,0x00,0x00,0x00,0x07,0x0c,0x0d,0x0d,0x0d,0x0c,0x05,0x00,0x00,0x00,0x00,0x00,0x00,0x00,0x00,0x00,0x09,0x0d,0x0d,0x0d,0x0d,0x0d,0x0d,0x0d,0x0d,
    0x0b,0x08,0x04,0x00,0x00,0x00,0x00,0x00,0x00,0x00,0x00,0x00,0x00,0x00,0x00,0x00,0x00,0x00,0x00,0x00,0x06,0x0a,0x0c,0x0d,0x0d,0x0d,0x0d,0x0d,0x0b,0x05,0x00,0x00,0x00,0x00,0x00,0x00,0x00,0x00,0x01,0x09,0x0d,0x0d,0x0d,0x0d,0x0d,0x0d,0x0d,0x0d,0x0c,0x09,
    0x04,0x00,0x00,0x00,0x00,0x00,0x00,0x00,0x00,0x00,0x00,0x00,0x00,0x04,0x0b,0x0d,0x0d,0x0d,0x0d,0x0d,0x0d,0x0d,0x0d,0x0d,0x0d,0x0d,0x0c,0x06,0x00,0x00,0x00,0x00,0x00,0x00,0x00,0x00,0x03,0x0b,0x0d,0x0d,0x0d,0x0c,0x08,0x00,0x00,0x00,0x00,0x00,0x00,0x00,
    0x00,0x00,0x00,0x00,0x00,0x00,0x00,0x00,0x00,0x00,0x00,0x00,0x00,0x00,0x03,0x08,0x0b,0x0d,0x0d,0x0d,0x0d,0x0d,0x0d,0x0d,0x08,0x00,0x00,0x00,0x00,0x00,0x00,0x00,0x00,0x00,0x01,0x0a,0x0d,0x0d,0x0d,0x0d,0x09,0x00,0x00,0x00,0x07,0x0c,0x0d,0x0d,0x0d,0x0b,
    0x04,0x00,0x00,0x00,0x00,0x00,0x00,0x00,0x00,0x03,0x0b,0x0d,0x0d,0x0d,0x0d,0x0d,0x0d,0x0d,0x0d,0x0d,0x0c,0x06,0x00,0x00,0x00,0x00,0x00,0x00,0x00,0x00,0x07,0x0c,0x0d,0x0d,0x0d,0x0d,0x0c,0x09,0x04,0x00,0x00,0x00,0x00,0x00,0x00,0x00,0x00,0x00,0x00,0x00,
    0x00,0x00,0x01,0x09,0x0d,0x0d,0x0d,0x0d,0x09,0x01,0x00,0x00,0x09,0x0d,0x0d,0x0d,0x0d,0x0c,0x06,0x00,0x00,0x00,0x00,0x00,0x00,0x00,0x00,0x00,0x09,0x0d,0x0d,0x0d,0x0d,0x0d,0x0d,0x0d,0x0d,0x0d,0x0d,0x0d,0x0a,0x03,0x00,0x00,0x00,0x00,0x00,0x00,0x00,0x00,
    0x00,0x09,0x0d,0x0d,0x0d,0x0c,0x08,0x00,0x00,0x00,0x00,0x00,0x06,0x0c,0x0d,0x0d,0x0d,0x0b,0x03,0x00,0x00,0x00,0x00,0x00,0x00,0x00,0x00,0x02,0x0a,0x0d,0x0d,0x0d,0x0c,0x07,0x00,0x05,0x0c,0x0d,0x0d,0x0d,0x0d,0x0d,0x0b,0x04,0x00,0x00,0x00,0x00,0x00,0x00,
    0x00,0x00,0x00,0x00,0x00,0x00,0x02,0x07,0x0b,0x0d,0x0d,0x0d,0x0c,0x08,0x03,0x00,0x00,0x00,0x00,0x00,0x00,0x00,0x00,0x00,0x00,0x00,0x00,0x00,0x00,0x00,0x00,0x00,0x00,0x00,0x00,0x00,0x00,0x00,0x00,0x00,0x00,0x00,0x00,0x00,0x00,0x00,0x00,0x00,0x00,0x00,
    0x00,0x00,0x00,0x00,0x00,0x00,0x00,0x00,0x00,0x00,0x00,0x00,0x00,0x00,0x00,0x00,0x00,0x00,0x00,0x00,0x00,0x00,0x00,0x00,0x00,0x00,0x00,0x00,0x00,0x00,0x00,0x00,0x00,0x00,0x00,0x00,0x00,0x00,0x00,0x00,0x00,0x00,0x00,0x00,0x00,0x00,0x00,0x00,0x00,0x00,
    0x00,0x00,0x00,0x00,0x00,0x00,0x00,0x00,0x00,0x00,0x00,0x00,0x00,0x00,0x00,0x00,0x00,0x00,0x00,0x00,0x00,0x00,0x00,0x00,0x00,0x00,0x00,0x00,0x00,0x00,0x00,0x00,0x00,0x00,0x00,0x00,0x00,0x00,0x00,0x00,0x00,0x00,0x00,0x00,0x00,0x00,0x00,0x00,0x00,0x00,
    0x00,0x00,0x00,0x00,0x00,0x00,0x00,0x00,0x00,0x00,0x00,0x00,0x00,0x00,0x00,0x00,0x00,0x00,0x00,0x00,0x00,0x00,0x00,0x00,0x00,0x00,0x00,0x00,0x00,0x00,0x00,0x00,0x00,0x00,0x00,0x00,0x00,0x00,0x00,0x00,0x00,0x00,0x00,0x00,0x00,0x00,0x00,0x00,0x00,0x00,
    0x00,0x00,0x00,0x00,0x00,0x00,0x00,0x00,0x00,0x00,0x00,0x00,0x00,0x00,0x00,0x00,0x00,0x00,0x00,0x00,0x00,0x00,0x00,0x00,0x00,0x00,0x00,0x00,0x00,0x00,0x00,0x00,0x00,0x00,0x00,0x00,0x00,0x00,0x00,0x00,0x00,0x00,0x00,0x00,0x00,0x00,0x00,0x00,0x00,0x00,
    0x00,0x00,0x00,0x00,0x00,0x00,0x00,0x00,0x00,0x00,0x00,0x00,0x00,0x00,0x00,0x00,0x00,0x00,0x00,0x00,0x00,0x00,0x00,0x00,0x00,0x00,0x00,0x00,0x00,0x00,0x00,0x00,0x00,0x00,0x00,0x00,0x00,0x00,0x00,0x00,0x00,0x00,0x00,0x00,0x00,0x00,0x00,0x00,0x00,0x00,
    0x00,0x00,0x00,0x00,0x00,0x00,0x00,0x00,0x00,0x00,0x00,0x00,0x00,0x00,0x00,0x00,0x00,0x00,0x00,0x00,0x00,0x00,0x00,0x00,0x00,0x00,0x00,0x00,0x00,0x00,0x00,0x00,0x00,0x00,0x00,0x00,0x00,0x00,0x00,0x00,0x00,0x00,0x00,0x00,0x00,0x00,0x00,0x00,0x00,0x00,
    0x00,0x00,0x00,0x00,0x00,0x00,0x00,0x00,0x00,0x00,0x00,0x00,0x00,0x00,0x00,0x00,0x00,0x00,0x00,0x00,0x00,0x00,0x00,0x00,0x00,0x00,0x00,0x00,0x00,0x00,0x00,0x00,0x00,0x00,0x00,0x00,0x00,0x00,0x00,0x00,0x00,0x00,0x00,0x00,0x00,0x00,0x00,0x00,0x00,0x00,
    0x00,0x00,0x00,0x00,0x00,0x00,0x00,0x00,0x00,0x00,0x00,0x00,0x00,0x00,0x00,0x00,0x00,0x00,0x00,0x00,0x00,0x00,0x00,0x00,0x00,0x00,0x00,0x00,0x00,0x00,0x00,0x00,0x00,0x00,0x00,0x00,0x00,0x00,0x00,0x00,0x00,0x00,0x00,0x00,0x00,0x00,0x00,0x00,0x00,0x00,
    0x00,0x00,0x00,0x00,0x00,0x00,0x00,0x00,0x00,0x00,0x00,0x00,0x00,0x00,0x00,0x00,0x00,0x00,0x00,0x00,0x00,0x00,0x00,0x00,0x00,0x00,0x00,0x00,0x00,0x00,0x00,0x00,0x00,0x00,0x00,0x00,0x00,0x00,0x00,0x00,0x00,0x00,0x00,0x00,0x00,0x00,0x00,0x00,0x00,0x00,
    0x00,0x00,0x00,0x00,0x00,0x00,0x00,0x00,0x00,0x00,0x00,0x00,0x00,0x00,0x00,0x00,0x00,0x00,0x00,0x00,0x00,0x00,0x00,0x00,0x00,0x00,0x00,0x00,0x00,0x00,0x00,0x00,0x00,0x00,0x00,0x00,0x00,0x00,0x00,0x00,0x00,0x00,0x00,0x00,0x00,0x00,0x00,0x00,0x00,0x00,
    0x00,0x00,0x00,0x00,0x00,0x00,0x00,0x00,0x00,0x00,0x00,0x00,0x00,0x00,0x00,0x00,0x00,0x00,0x00,0x00,0x00,0x00,0x00,0x00,0x00,0x00,0x00,0x00,0x00,0x00,0x00,0x00,0x00,0x00,0x00,0x00,0x00,0x00,0x00,0x00,0x00,0x00,0x00,0x00,0x00,0x00,0x00,0x00,0x00,0x00,
    0x00,0x00,0x00,0x00,0x00,0x00,0x00,0x00,0x00,0x00,0x00,0x00,0x00,0x00,0x00,0x00,0x00,0x00,0x00,0x00,0x00,0x00,0x00,0x00,0x00,0x00,0x00,0x00,0x00,0x00,0x00,0x00,0x00,0x00,0x00,0x00,0x00,0x00,0x00,0x00,0x00,0x00,0x00,0x00,0x00,0x00,0x00,0x00,0x00,0x00,
    0x00,0x00,0x00,0x00,0x00,0x00,0x00,0x00,0x00,0x00,0x00,0x00,0x00,0x00,0x00,0x00,0x00,0x00,0x00,0x00,0x00,0x00,0x00,0x00,0x00,0x00,0x00,0x00,0x00,0x00,0x00,0x00,0x00,0x00,0x00,0x00,0x00,0x00,0x00,0x00,0x00,0x00,0x00,0x00,0x00,0x00,0x00,0x00,0x00,0x00,
    0x00,0x00,0x00,0x00,0x00,0x00,0x00,0x00,0x00,0x00,0x00,0x00,0x00,0x00,0x00,0x00,0x00,0x00,0x00,0x00,0x00,0x00,0x00,0x00,0x00,0x00,0x00,0x00,0x00,0x00,0x00,0x00,0x00,0x00,0x00,0x00,0x00,0x00,0x00,0x00,0x00,0x00,0x00,0x00,0x00,0x00,0x00,0x00,0x00,0x00,
    0x00,0x00,0x00,0x00,0x00,0x00,0x00,0x00,0x00,0x00,0x00,0x00,0x00,0x00,0x00,0x00,0x00,0x00,0x00,0x00,0x00,0x00,0x00,0x00,0x00,0x00,0x00,0x00,0x00,0x00,0x00,0x00,0x00,0x00,0x00,0x00,0x00,0x00,0x00,0x00,0x00,0x00,0x00,0x00,0x00,0x00,0x00,0x00,0x00,0x00,
    0x00,0x00,0x00,0x00,0x00,0x00,0x00,0x00,0x00,0x00,0x00,0x00,0x00,0x00,0x00,0x00,0x00,0x00,0x00,0x00,0x00,0x00,0x00,0x00,0x00,0x00,0x00,0x00,0x00,0x00,0x00,0x00,0x00,0x00,0x00,0x00,0x00,0x00,0x00,0x00,0x00,0x00,0x00,0x00,0x00,0x00,0x00,0x00,0x00,0x00,
    0x00,0x00,0x00,0x00,0x00,0x00,0x00,0x00,0x00,0x00,0x00,0x00,0x00,0x00,0x00,0x00,0x00,0x00,0x00,0x00,0x00,0x00,0x00,0x00,0x00,0x00,0x00,0x00,0x00,0x00,0x00,0x00,0x00,0x00,0x00,0x00,0x00,0x00,0x00,0x00,0x00,0x00,0x00,0x00,0x00,0x00,0x00,0x00,0x00,0x00,
    0x00,0x00,0x00,0x00,0x00,0x00,0x00,0x00,0x00,0x00,0x00,0x00,0x00,0x00,0x00,0x00,0x00,0x00,0x00,0x00,0x00,0x00,0x00,0x00,0x00,0x00,0x00,0x00,0x00,0x00,0x00,0x00,0x00,0x00,0x00,0x00,0x00,0x00,0x00,0x00,0x00,0x00,0x00,0x00,0x00,0x00,0x00,0x00,0x00,0x00,
    0x00,0x00,0x00,0x00,0x00,0x00,0x00,0x00,0x00,0x00,0x00,0x00,0x00,0x00,0x00,0x00,0x00,0x00,0x00,0x00,0x00,0x00,0x00,0x00,0x00,0x00,0x00,0x00,0x00,0x00,0x00,0x00,0x00,0x00,0x00,0x00,0x00,0x00,0x00,0x00,0x00,0x00,0x00,0x00,0x00,0x00,0x00,0x00,0x00,0x00,
    0x00,0x00,0x00,0x00,0x00,0x00,0x00,0x00,0x00,0x00,0x00,0x00,0x00,0x00,0x00,0x00,0x00,0x00,0x00,0x00,0x00,0x00,0x00,0x00,0x00,0x00,0x00,0x00,0x00,0x00,0x00,0x00,0x00,0x00,0x00,0x00,0x00,0x00,0x00,0x00,0x00,0x00,0x00,0x00,0x00,0x00,0x00,0x00,0x00,0x00,
    0x00,0x00,0x00,0x00,0x00,0x00,0x00,0x00,0x00,0x00,0x00,0x00,0x00,0x00,0x00,0x00,0x00,0x00,0x00,0x00,0x00,0x00,0x00,0x00,0x00,0x00,0x00,0x00,0x00,0x00,0x00,0x00,0x00,0x00,0x00,0x00,0x00,0x00,0x00,0x00,0x00,0x00,0x00,0x00,0x00,0x00,0x00,0x00,0x00,0x00,
    0x00,0x00,0x00,0x00,0x00,0x00,0x00,0x00,0x00,0x00,0x00,0x00,0x00,0x00,0x00,0x00,0x00,0x00,0x00,0x00,0x00,0x00,0x00,0x00,0x00,0x00,0x00,0x00,0x00,0x00,0x00,0x00,0x00,0x00,0x00,0x00,0x00,0x00,0x00,0x00,0x00,0x00,0x00,0x00,0x00,0x00,0x00,0x00,0x00,0x00,
    0x00,0x00,0x00,0x00,0x00,0x00,0x00,0x00,0x00,0x00,0x00,0x00,0x00,0x00,0x00,0x00,0x00,0x00,0x00,0x00,0x00,0x00,0x00,0x00,0x00,0x00,0x00,0x00,0x00,0x00,0x00,0x00,0x00,0x00,0x00,0x00,0x00,0x00,0x00,0x00,0x00,0x00,0x00,0x00,0x00,0x00,0x00,0x00,0x00,0x00,
    0x00,0x00,0x00,0x00,0x00,0x00,0x00,0x00,0x00,0x00,0x00,0x00,0x00,0x00,0x00,0x00,0x00,0x00,0x00,0x00,0x00,0x00,0x00,0x00,0x00,0x00,0x00,0x00,0x00,0x00,0x00,0x00,0x00,0x00,0x00,0x00,0x00,0x00,0x00,0x00,0x00,0x00,0x00,0x00,0x00,0x00,0x00,0x00,0x00,0x00,
    0x00,0x00,0x00,0x00,0x00,0x00,0x00,0x00,0x00,0x00,0x00,0x00,0x00,0x00,0x00,0x00,0x00,0x00,0x00,0x00,0x00,0x00,0x00,0x00,0x00,0x00,0x00,0x00,0x00,0x00,0x00,0x00,0x00,0x00,0x00,0x00,0x00,0x00,0x00,0x00,0x00,0x00,0x00,0x00,0x00,0x00,0x00,0x00,0x00,0x00,
    0x00,0x00,0x00,0x00,0x00,0x00,0x00,0x00,0x00,0x00,0x00,0x00,0x00,0x00,0x00,0x00,0x00,0x00,0x00,0x00,0x00,0x00,0x00,0x00,0x00,0x00,0x00,0x00,0x00,0x00,0x00,0x00,0x00,0x00,0x00,0x00,0x00,0x00,0x00,0x00,0x00,0x00,0x00,0x00,0x00,0x00,0x00,0x00,0x00,0x00,
    0x00,0x00,0x00,0x00,0x00,0x00,0x00,0x00,0x00,0x00,0x00,0x00,0x00,0x00,0x00,0x00,0x00,0x00,0x00,0x00,0x00,0x00,0x00,0x00,0x00,0x00,0x00,0x00,0x00,0x00,0x00,0x00,0x00,0x00,0x00,0x00,0x00,0x00,0x00,0x00,0x00,0x00,0x00,0x00,0x00,0x00,0x00,0x00,0x00,0x00,
    0x00,0x00,0x00,0x00,0x00,0x00,0x00,0x00,0x00,0x00,0x00,0x00,0x00,0x00,0x00,0x00,0x00,0x00,0x00,0x00,0x00,0x00,0x00,0x00,0x00,0x00,0x00,0x00,0x00,0x00,0x00,0x00,0x00,0x00,0x00,0x00,0x00,0x00,0x00,0x00,0x00,0x00,0x00,0x00,0x00,0x00,0x00,0x00,0x00,0x00,
    0x00,0x00,0x00,0x00,0x00,0x00,0x00,0x00,0x00,0x00,0x00,0x00,0x00,0x00,0x00,0x00,0x00,0x00,0x00,0x00,0x00,0x00,0x00,0x00,0x00,0x00,0x00,0x00,0x00,0x00,0x00,0x00,0x00,0x00,0x00,0x00,0x00,0x00,0x00,0x04,0x09,0x0c,0x0d,0x0d,0x0d,0x0d,0x0d,0x0d,0x0d,0x0d,
    0x0a,0x02,0x00,0x00,0x00,0x00,0x00,0x00,0x00,0x00,0x00,0x08,0x0d,0x0d,0x0d,0x0d,0x0a,0x0d,0x0d,0x0d,0x0b,0x08,0x03,0x00,0x00,0x00,0x00,0x00,0x00,0x00,0x00,0x00,0x00,0x00,0x00,0x00,0x00,0x00,0x00,0x01,0x07,0x0b,0x0c,0x0d,0x0d,0x0d,0x0d,0x0d,0x0d,0x0d,
    0x0a,0x03,0x00,0x00,0x00,0x00,0x00,0x00,0x00,0x00,0x00,0x00,0x00,0x00,0x07,0x11,0x17,0x17,0x17,0x17,0x17,0x17,0x17,0x17,0x15,0x11,0x0b,0x03,0x00,0x00,0x00,0x00,0x00,0x00,0x00,0x00,0x00,0x00,0x02,0x0e,0x15,0x17,0x17,0x17,0x17,0x17,0x17,0x17,0x16,0x13,
    0x0d,0x06,0x00,0x00,0x00,0x00,0x00,0x00,0x00,0x00,0x00,0x00,0x00,0x00,0x00,0x00,0x00,0x00,0x04,0x0c,0x11,0x15,0x17,0x17,0x17,0x17,0x17,0x17,0x14,0x0c,0x00,0x00,0x00,0x00,0x00,0x00,0x00,0x00,0x03,0x0f,0x16,0x17,0x17,0x17,0x17,0x17,0x17,0x17,0x17,0x17,
    0x17,0x17,0x17,0x17,0x16,0x11,0x06,0x00,0x00,0x00,0x00,0x00,0x00,0x00,0x00,0x0c,0x14,0x17,0x17,0x17,0x17,0x12,0x08,0x00,0x05,0x10,0x16,0x17,0x17,0x17,0x15,0x0e,0x02,0x00,0x00,0x00,0x00,0x00,0x00,0x00,0x08,0x12,0x17,0x17,0x17,0x17,0x15,0x0c,0x00,0x00,
    0x00,0x0a,0x13,0x17,0x17,0x17,0x17,0x13,0x09,0x00,0x00,0x00,0x00,0x00,0x00,0x00,0x00,0x0a,0x13,0x17,0x17,0x17,0x16,0x10,0x05,0x00,0x00,0x00,0x01,0x0d,0x15,0x17,0x17,0x17,0x14,0x0b,0x00,0x00,0x00,0x00,0x00,0x00,0x00,0x00,0x03,0x0f,0x16,0x17,0x17,0x17,
    0x17,0x12,0x07,0x00,0x00,0x0d,0x15,0x17,0x17,0x17,0x17,0x13,0x09,0x00,0x00,0x00,0x00,0x00,0x00,0x00,0x00,0x0c,0x14,0x17,0x17,0x17,0x17,0x14,0x0b,0x00,0x00,0x00,0x06,0x11,0x16,0x17,0x17,0x17,0x16,0x0f,0x03,0x00,0x00,0x00,0x00,0x00,0x00,0x00,0x00,0x0b,
    0x14,0x17,0x17,0x17,0x17,0x17,0x17,0x17,0x17,0x17,0x17,0x17,0x17,0x13,0x0a,0x00,0x00,0x00,0x00,0x00,0x00,0x00,0x00,0x08,0x12,0x17,0x17,0x17,0x17,0x14,0x0b,0x00,0x00,0x00,0x00,0x00,0x00,0x00,0x00,0x00,0x00,0x00,0x00,0x00,0x00,0x00,0x00,0x00,0x00,0x00,
    0x00,0x00,0x00,0x00,0x00,0x00,0x00,0x07,0x12,0x17,0x17,0x17,0x17,0x14,0x0c,0x00,0x00,0x00,0x00,0x00,0x00,0x00,0x00,0x00,0x00,0x00,0x00,0x02,0x0b,0x12,0x16,0x17,0x17,0x17,0x17,0x17,0x16,0x11,0x06,0x00,0x00,0x00,0x00,0x00,0x00,0x00,0x00,0x08,0x12,0x17,
    0x17,0x17,0x17,0x14,0x0b,0x00,0x00,0x00,0x00,0x00,0x00,0x00,0x00,0x00,0x00,0x00,0x00,0x00,0x00,0x00,0x00,0x00,0x00,0x00,0x00,0x00,0x04,0x0f,0x16,0x17,0x17,0x17,0x17,0x11,0x07,0x00,0x00,0x00,0x00,0x00,0x00,0x00,0x00,0x00,0x00,0x00,0x04,0x10,0x16,0x17,
    0x17,0x17,0x15,0x0e,0x02,0x00,0x00,0x00,0x00,0x00,0x00,0x00,0x00,0x00,0x00,0x00,0x00,0x00,0x00,0x00,0x02,0x0e,0x15,0x17,0x17,0x17,0x17,0x17,0x17,0x17,0x17,0x15,0x0d,0x00,0x00,0x00,0x00,0x00,0x00,0x00,0x00,0x00,0x00,0x00,0x00,0x00,0x00,0x00,0x00,0x0b,
    0x15,0x1c,0x22,0x25,0x26,0x26,0x26,0x26,0x26,0x26,0x26,0x26,0x22,0x18,0x09,0x00,0x00,0x00,0x00,0x00,0x00,0x05,0x15,0x20,0x26,0x26,0x26,0x26,0x24,0x26,0x26,0x26,0x25,0x21,0x1b,0x13,0x09,0x00,0x00,0x00,0x00,0x00,0x00,0x00,0x00,0x00,0x00,0x00,0x00,0x06,
    0x11,0x1a,0x20,0x24,0x26,0x26,0x26,0x26,0x26,0x26,0x26,0x26,0x23,0x19,0x0b,0x00,0x00,0x00,0x00,0x00,0x00,0x00,0x00,0x00,0x00,0x0b,0x1c,0x29,0x30,0x30,0x30,0x30,0x30,0x30,0x30,0x30,0x2e,0x2a,0x24,0x1b,0x0f,0x02,0x00,0x00,0x00,0x00,0x00,0x00,0x00,0x04,
    0x16,0x25,0x2e,0x30,0x30,0x30,0x30,0x30,0x30,0x30,0x2f,0x2c,0x26,0x1e,0x13,0x06,0x00,0x00,0x00,0x00,0x00,0x00,0x00,0x00,0x00,0x00,0x00,0x00,0x03,0x10,0x1b,0x24,0x2a,0x2e,0x30,0x30,0x30,0x30,0x30,0x30,0x2d,0x22,0x12,0x00,0x00,0x00,0x00,0x00,0x00,0x06,
    0x18,0x26,0x2f,0x30,0x30,0x30,0x30,0x30,0x30,0x30,0x30,0x30,0x30,0x30,0x30,0x30,0x30,0x29,0x1c,0x0a,0x00,0x00,0x00,0x00,0x00,0x00,0x12,0x22,0x2d,0x30,0x30,0x30,0x30,0x2a,0x1e,0x0d,0x1a,0x28,0x2f,0x30,0x30,0x30,0x2e,0x25,0x16,0x04,0x00,0x00,0x00,0x00,
    0x00,0x0c,0x1d,0x2a,0x30,0x30,0x30,0x30,0x2d,0x23,0x13,0x01,0x10,0x20,0x2c,0x30,0x30,0x30,0x30,0x2b,0x1f,0x0e,0x00,0x00,0x00,0x00,0x00,0x00,0x0f,0x20,0x2b,0x30,0x30,0x30,0x2f,0x28,0x1a,0x08,0x00,0x02,0x15,0x24,0x2e,0x30,0x30,0x30,0x2d,0x22,0x12,0x00,
    0x00,0x00,0x00,0x00,0x00,0x06,0x18,0x26,0x2f,0x30,0x30,0x30,0x30,0x2a,0x1d,0x0c,0x14,0x23,0x2e,0x30,0x30,0x30,0x30,0x2b,0x1f,0x0e,0x00,0x00,0x00,0x00,0x00,0x00,0x13,0x23,0x2d,0x30,0x30,0x30,0x30,0x2c,0x21,0x11,0x00,0x0a,0x1b,0x28,0x30,0x30,0x30,0x30,
    0x2f,0x26,0x17,0x05,0x00,0x00,0x00,0x00,0x00,0x00,0x11,0x21,0x2c,0x30,0x30,0x30,0x30,0x30,0x30,0x30,0x30,0x30,0x30,0x30,0x30,0x2c,0x20,0x10,0x00,0x00,0x00,0x00,0x00,0x00,0x0c,0x1d,0x2a,0x30,0x30,0x30,0x30,0x2c,0x21,0x12,0x00,0x00,0x00,0x00,0x00,0x00,
    0x00,0x00,0x00,0x00,0x00,0x00,0x00,0x00,0x00,0x00,0x00,0x00,0x00,0x00,0x00,0x00,0x00,0x00,0x0b,0x1c,0x29,0x30,0x30,0x30,0x30,0x2d,0x22,0x13,0x00,0x00,0x00,0x00,0x00,0x00,0x00,0x00,0x00,0x00,0x0a,0x18,0x23,0x2b,0x30,0x30,0x30,0x30,0x30,0x30,0x30,0x29,
    0x1b,0x0a,0x00,0x00,0x00,0x00,0x00,0x00,0x0c,0x1d,0x2a,0x30,0x30,0x30,0x30,0x2c,0x21,0x12,0x00,0x00,0x00,0x00,0x00,0x00,0x00,0x00,0x00,0x00,0x00,0x00,0x00,0x00,0x00,0x00,0x00,0x00,0x00,0x06,0x18,0x26,0x2f,0x30,0x30,0x30,0x30,0x29,0x1c,0x0b,0x00,0x00,
    0x00,0x00,0x00,0x00,0x00,0x00,0x00,0x07,0x19,0x27,0x2f,0x30,0x30,0x30,0x2e,0x25,0x17,0x04,0x00,0x00,0x00,0x00,0x00,0x00,0x00,0x00,0x00,0x00,0x00,0x00,0x00,0x04,0x16,0x25,0x2e,0x30,0x30,0x30,0x30,0x30,0x30,0x30,0x30,0x2e,0x24,0x14,0x02,0x00,0x00,0x00,
    0x00,0x00,0x00,0x00,0x00,0x00,0x00,0x00,0x00,0x04,0x14,0x21,0x2c,0x35,0x3b,0x3e,0x40,0x40,0x40,0x40,0x40,0x40,0x40,0x40,0x3a,0x2d,0x1b,0x06,0x00,0x00,0x00,0x00,0x01,0x16,0x29,0x38,0x3f,0x40,0x40,0x40,0x3d,0x40,0x40,0x40,0x3e,0x3a,0x34,0x2b,0x1f,0x11,
    0x01,0x00,0x00,0x00,0x00,0x00,0x00,0x00,0x00,0x00,0x0e,0x1c,0x28,0x32,0x39,0x3d,0x3f,0x40,0x40,0x40,0x40,0x40,0x40,0x40,0x3b,0x2f,0x1d,0x09,0x00,0x00,0x00,0x00,0x00,0x00,0x00,0x00,0x04,0x1a,0x2f,0x3f,0x49,0x4a,0x4a,0x4a,0x4a,0x4a,0x4a,0x4a,0x48,0x43,
    0x3c,0x32,0x25,0x16,0x05,0x00,0x00,0x00,0x00,0x00,0x00,0x12,0x27,0x3a,0x47,0x4a,0x4a,0x4a,0x4a,0x4a,0x4a,0x4a,0x48,0x45,0x3e,0x35,0x2a,0x1b,0x0b,0x00,0x00,0x00,0x00,0x00,0x00,0x00,0x00,0x00,0x00,0x08,0x18,0x26,0x33,0x3c,0x43,0x48,0x4a,0x4a,0x4a,0x4a,
    0x4a,0x4a,0x45,0x36,0x23,0x0d,0x00,0x00,0x00,0x00,0x00,0x14,0x29,0x3b,0x47,0x4a,0x4a,0x4a,0x4a,0x4a,0x4a,0x4a,0x4a,0x4a,0x4a,0x4a,0x4a,0x4a,0x49,0x3f,0x2e,0x1a,0x03,0x00,0x00,0x00,0x00,0x0d,0x23,0x36,0x45,0x4a,0x4a,0x4a,0x4a,0x41,0x31,0x1d,0x2c,0x3e,
    0x48,0x4a,0x4a,0x4a,0x47,0x3a,0x28,0x13,0x00,0x00,0x00,0x00,0x06,0x1c,0x30,0x41,0x49,0x4a,0x4a,0x4a,0x45,0x37,0x24,0x0f,0x21,0x34,0x43,0x4a,0x4a,0x4a,0x4a,0x42,0x32,0x1e,0x08,0x00,0x00,0x00,0x00,0x09,0x1f,0x33,0x43,0x4a,0x4a,0x4a,0x48,0x3e,0x2c,0x17,
    0x01,0x11,0x26,0x39,0x46,0x4a,0x4a,0x4a,0x44,0x36,0x23,0x0d,0x00,0x00,0x00,0x00,0x00,0x14,0x29,0x3b,0x47,0x4a,0x4a,0x4a,0x49,0x40,0x30,0x1b,0x25,0x38,0x46,0x4a,0x4a,0x4a,0x4a,0x42,0x32,0x1e,0x08,0x00,0x00,0x00,0x00,0x0e,0x24,0x37,0x45,0x4a,0x4a,0x4a,
    0x4a,0x44,0x35,0x22,0x0c,0x19,0x2e,0x3f,0x49,0x4a,0x4a,0x4a,0x47,0x3b,0x29,0x14,0x00,0x00,0x00,0x00,0x00,0x0c,0x22,0x35,0x44,0x4a,0x4a,0x4a,0x4a,0x4a,0x4a,0x4a,0x4a,0x4a,0x4a,0x4a,0x4a,0x43,0x34,0x21,0x0b,0x00,0x00,0x00,0x00,0x06,0x1c,0x30,0x41,0x49,
    0x4a,0x4a,0x4a,0x44,0x36,0x22,0x0c,0x00,0x00,0x00,0x00,0x00,0x00,0x00,0x00,0x00,0x00,0x00,0x00,0x00,0x00,0x00,0x00,0x00,0x00,0x00,0x00,0x00,0x00,0x05,0x1b,0x2f,0x40,0x49,0x4a,0x4a,0x4a,0x45,0x37,0x23,0x0e,0x00,0x00,0x00,0x00,0x00,0x00,0x00,0x00,0x0c,
    0x1e,0x2e,0x3b,0x44,0x49,0x4a,0x4a,0x4a,0x4a,0x4a,0x49,0x3f,0x2e,0x19,0x03,0x00,0x00,0x00,0x00,0x06,0x1c,0x30,0x41,0x49,0x4a,0x4a,0x4a,0x44,0x36,0x22,0x0c,0x00,0x00,0x00,0x00,0x00,0x00,0x00,0x00,0x00,0x00,0x00,0x00,0x00,0x00,0x00,0x00,0x00,0x00,0x15,
    0x2a,0x3c,0x48,0x4a,0x4a,0x4a,0x49,0x40,0x2f,0x1b,0x04,0x00,0x00,0x00,0x00,0x00,0x00,0x00,0x00,0x16,0x2b,0x3d,0x48,0x4a,0x4a,0x4a,0x47,0x3a,0x28,0x13,0x00,0x00,0x00,0x00,0x00,0x00,0x00,0x00,0x00,0x00,0x00,0x00,0x00,0x12,0x27,0x3a,0x47,0x4a,0x4a,0x4a,
    0x4a,0x4a,0x4a,0x4a,0x4a,0x46,0x38,0x26,0x10,0x00,0x00,0x00,0x00,0x00,0x00,0x00,0x00,0x00,0x00,0x00,0x03,0x16,0x28,0x37,0x44,0x4d,0x54,0x58,0x59,0x59,0x59,0x59,0x59,0x59,0x59,0x59,0x51,0x3f,0x29,0x12,0x00,0x00,0x00,0x00,0x0c,0x23,0x3a,0x4d,0x59,0x59,
    0x59,0x59,0x56,0x59,0x59,0x59,0x57,0x53,0x4c,0x42,0x34,0x25,0x13,0x00,0x00,0x00,0x00,0x00,0x00,0x00,0x00,0x0f,0x21,0x32,0x3f,0x4a,0x52,0x57,0x59,0x59,0x59,0x59,0x59,0x59,0x59,0x59,0x52,0x41,0x2b,0x14,0x00,0x00,0x00,0x00,0x00,0x00,0x00,0x00,0x0c,0x25,
    0x3d,0x52,0x62,0x63,0x63,0x63,0x63,0x63,0x63,0x63,0x61,0x5c,0x54,0x48,0x3a,0x29,0x17,0x03,0x00,0x00,0x00,0x00,0x03,0x1c,0x34,0x4b,0x5e,0x63,0x63,0x63,0x63,0x63,0x63,0x63,0x62,0x5e,0x57,0x4c,0x3f,0x2f,0x1d,0x0a,0x00,0x00,0x00,0x00,0x00,0x00,0x00,0x00,
    0x06,0x1a,0x2c,0x3c,0x49,0x54,0x5c,0x61,0x63,0x63,0x63,0x63,0x63,0x63,0x5a,0x46,0x2f,0x17,0x00,0x00,0x00,0x00,0x06,0x1e,0x36,0x4d,0x5f,0x63,0x63,0x63,0x63,0x63,0x63,0x63,0x63,0x63,0x63,0x63,0x63,0x63,0x62,0x52,0x3c,0x24,0x0c,0x00,0x00,0x00,0x00,0x17,
    0x2f,0x46,0x5a,0x63,0x63,0x63,0x63,0x55,0x40,0x28,0x3a,0x50,0x61,0x63,0x63,0x63,0x5e,0x4c,0x35,0x1d,0x04,0x00,0x00,0x00,0x0f,0x27,0x3f,0x54,0x62,0x63,0x63,0x63,0x5b,0x48,0x31,0x18,0x2c,0x44,0x58,0x63,0x63,0x63,0x63,0x57,0x41,0x2a,0x11,0x00,0x00,0x00,
    0x00,0x12,0x2b,0x42,0x57,0x63,0x63,0x63,0x61,0x50,0x3a,0x22,0x09,0x1a,0x33,0x49,0x5d,0x63,0x63,0x63,0x5a,0x46,0x2e,0x16,0x00,0x00,0x00,0x00,0x06,0x1e,0x36,0x4d,0x5f,0x63,0x63,0x63,0x62,0x54,0x3e,0x27,0x32,0x49,0x5c,0x63,0x63,0x63,0x63,0x57,0x41,0x2a,
    0x11,0x00,0x00,0x00,0x00,0x18,0x30,0x47,0x5b,0x63,0x63,0x63,0x63,0x59,0x45,0x2e,0x17,0x24,0x3c,0x52,0x61,0x63,0x63,0x63,0x5f,0x4d,0x36,0x1e,0x05,0x00,0x00,0x00,0x00,0x15,0x2e,0x45,0x59,0x63,0x63,0x63,0x63,0x63,0x63,0x63,0x63,0x63,0x63,0x63,0x63,0x58,
    0x44,0x2c,0x14,0x00,0x00,0x00,0x00,0x0f,0x27,0x3f,0x54,0x63,0x63,0x63,0x63,0x5a,0x45,0x2e,0x16,0x00,0x00,0x00,0x00,0x00,0x00,0x00,0x00,0x00,0x00,0x00,0x00,0x00,0x00,0x00,0x00,0x00,0x00,0x00,0x00,0x00,0x00,0x0d,0x26,0x3e,0x53,0x62,0x63,0x63,0x63,0x5b,
    0x47,0x2f,0x17,0x00,0x00,0x00,0x00,0x00,0x00,0x00,0x08,0x1d,0x31,0x42,0x51,0x5c,0x62,0x63,0x63,0x63,0x63,0x63,0x61,0x52,0x3c,0x24,0x0b,0x00,0x00,0x00,0x00,0x0f,0x27,0x3f,0x54,0x63,0x63,0x63,0x63,0x5a,0x45,0x2e,0x16,0x00,0x00,0x00,0x00,0x00,0x00,0x00,
    0x00,0x00,0x00,0x00,0x00,0x00,0x00,0x00,0x00,0x00,0x07,0x1f,0x37,0x4e,0x5f,0x63,0x63,0x63,0x62,0x53,0x3d,0x25,0x0d,0x00,0x00,0x00,0x00,0x00,0x00,0x00,0x08,0x20,0x38,0x4f,0x60,0x63,0x63,0x63,0x5e,0x4c,0x35,0x1d,0x04,0x00,0x00,0x00,0x00,0x00,0x00,0x00,
    0x00,0x00,0x00,0x00,0x03,0x1c,0x34,0x4b,0x5e,0x63,0x63,0x63,0x63,0x63,0x63,0x63,0x63,0x5c,0x49,0x32,0x1a,0x01,0x00,0x00,0x00,0x00,0x00,0x00,0x00,0x00,0x00,0x00,0x12,0x27,0x3a,0x4c,0x5a,0x65,0x6d,0x71,0x73,0x73,0x73,0x73,0x73,0x73,0x73,0x73,0x62,0x4a,
    0x31,0x18,0x00,0x00,0x00,0x00,0x12,0x2b,0x44,0x5c,0x71,0x73,0x73,0x72,0x6f,0x72,0x73,0x73,0x71,0x6c,0x64,0x58,0x49,0x37,0x23,0x0e,0x00,0x00,0x00,0x00,0x00,0x00,0x0a,0x1f,0x33,0x45,0x55,0x61,0x6a,0x70,0x72,0x73,0x73,0x73,0x73,0x73,0x73,0x73,0x64,0x4c,
    0x33,0x1a,0x01,0x00,0x00,0x00,0x00,0x00,0x00,0x00,0x10,0x29,0x43,0x5c,0x75,0x7d,0x7d,0x7d,0x7d,0x7d,0x7d,0x7d,0x7a,0x74,0x6b,0x5e,0x4d,0x3b,0x27,0x11,0x00,0x00,0x00,0x00,0x07,0x20,0x3a,0x53,0x6c,0x7d,0x7d,0x7d,0x7d,0x7d,0x7d,0x7d,0x7b,0x77,0x6e,0x62,
    0x53,0x41,0x2d,0x18,0x02,0x00,0x00,0x00,0x00,0x00,0x00,0x00,0x15,0x2a,0x3e,0x50,0x5f,0x6c,0x75,0x7a,0x7d,0x7d,0x7d,0x7d,0x7d,0x7d,0x67,0x4d,0x34,0x1a,0x01,0x00,0x00,0x00,0x09,0x23,0x3c,0x56,0x6f,0x7d,0x7d,0x7d,0x7d,0x7d,0x7d,0x7d,0x7d,0x7d,0x7d,0x7d,
    0x7d,0x7d,0x75,0x5c,0x42,0x29,0x0f,0x00,0x00,0x00,0x01,0x1a,0x34,0x4d,0x67,0x7d,0x7d,0x7d,0x79,0x5f,0x46,0x2d,0x40,0x59,0x72,0x7d,0x7d,0x7d,0x6d,0x54,0x3a,0x21,0x07,0x00,0x00,0x00,0x12,0x2c,0x45,0x5e,0x78,0x7d,0x7d,0x7d,0x69,0x50,0x37,0x1e,0x32,0x4b,
    0x64,0x7c,0x7d,0x7d,0x7a,0x62,0x48,0x2f,0x15,0x00,0x00,0x00,0x00,0x16,0x30,0x49,0x63,0x7b,0x7d,0x7d,0x72,0x59,0x40,0x26,0x0d,0x1e,0x38,0x51,0x6b,0x7d,0x7d,0x7d,0x66,0x4d,0x33,0x1a,0x00,0x00,0x00,0x00,0x09,0x23,0x3c,0x56,0x6f,0x7d,0x7d,0x7d,0x77,0x60,
    0x49,0x32,0x3d,0x54,0x6b,0x7d,0x7d,0x7d,0x7a,0x62,0x48,0x2f,0x15,0x00,0x00,0x00,0x02,0x1c,0x35,0x4f,0x68,0x7d,0x7d,0x7d,0x7d,0x67,0x50,0x38,0x21,0x2f,0x46,0x5d,0x75,0x7d,0x7d,0x7d,0x6e,0x55,0x3c,0x22,0x09,0x00,0x00,0x00,0x00,0x19,0x32,0x4c,0x65,0x7d,
    0x7d,0x7d,0x7d,0x7d,0x7d,0x7d,0x7d,0x7d,0x7d,0x7d,0x7c,0x64,0x4b,0x31,0x18,0x00,0x00,0x00,0x00,0x12,0x2c,0x45,0x5f,0x78,0x7d,0x7d,0x7d,0x66,0x4d,0x33,0x1a,0x00,0x00,0x00,0x00,0x00,0x00,0x00,0x00,0x00,0x00,0x00,0x00,0x00,0x00,0x00,0x00,0x00,0x00,0x00,
    0x00,0x00,0x00,0x11,0x2a,0x44,0x5d,0x76,0x7d,0x7d,0x7d,0x67,0x4e,0x34,0x1b,0x02,0x00,0x00,0x00,0x00,0x00,0x00,0x15,0x2b,0x41,0x55,0x66,0x74,0x7b,0x7d,0x7d,0x7d,0x7d,0x7d,0x74,0x5b,0x42,0x28,0x0f,0x00,0x00,0x00,0x00,0x12,0x2c,0x45,0x5f,0x78,0x7d,0x7d,
    0x7d,0x66,0x4d,0x33,0x1a,0x00,0x00,0x00,0x00,0x00,0x00,0x00,0x00,0x00,0x00,0x00,0x00,0x00,0x00,0x00,0x00,0x00,0x0a,0x24,0x3d,0x57,0x70,0x7d,0x7d,0x7d,0x76,0x5d,0x43,0x2a,0x10,0x00,0x00,0x00,0x00,0x00,0x00,0x00,0x0b,0x24,0x3e,0x57,0x71,0x7d,0x7d,0x7d,
    0x6d,0x54,0x3a,0x21,0x07,0x00,0x00,0x00,0x00,0x00,0x00,0x00,0x00,0x00,0x00,0x00,0x07,0x20,0x3a,0x53,0x6c,0x7d,0x7d,0x7d,0x7d,0x7d,0x7d,0x7d,0x7d,0x6a,0x51,0x37,0x1e,0x04,0x00,0x00,0x00,0x00,0x00,0x00,0x00,0x00,0x00,0x08,0x1f,0x35,0x4b,0x5e,0x70,0x7d,
    0x86,0x8a,0x8c,0x8c,0x8c,0x8c,0x8c,0x8c,0x8c,0x7f,0x65,0x4c,0x32,0x19,0x00,0x00,0x00,0x00,0x12,0x2c,0x45,0x5f,0x78,0x8c,0x8c,0x7c,0x87,0x8c,0x8c,0x8c,0x8a,0x84,0x7b,0x6c,0x5b,0x47,0x31,0x1b,0x03,0x00,0x00,0x00,0x00,0x00,0x16,0x2d,0x43,0x57,0x69,0x78,
    0x83,0x89,0x8c,0x8c,0x8c,0x8c,0x8c,0x8c,0x8c,0x81,0x68,0x4e,0x35,0x1b,0x02,0x00,0x00,0x00,0x00,0x00,0x00,0x00,0x10,0x29,0x43,0x5c,0x76,0x8f,0x96,0x96,0x96,0x96,0x96,0x96,0x93,0x8c,0x81,0x71,0x5f,0x4a,0x34,0x1d,0x05,0x00,0x00,0x00,0x07,0x20,0x3a,0x53,
    0x6d,0x86,0x96,0x96,0x96,0x96,0x96,0x96,0x94,0x8f,0x85,0x77,0x65,0x51,0x3b,0x24,0x0d,0x00,0x00,0x00,0x00,0x00,0x00,0x0b,0x22,0x38,0x4e,0x62,0x73,0x82,0x8d,0x93,0x96,0x96,0x96,0x96,0x96,0x80,0x67,0x4d,0x34,0x1a,0x01,0x00,0x00,0x00,0x09,0x23,0x3c,0x56,
    0x6f,0x89,0x96,0x96,0x96,0x96,0x96,0x96,0x96,0x96,0x96,0x96,0x96,0x8f,0x75,0x5c,0x42,0x29,0x0f,0x00,0x00,0x00,0x01,0x1a,0x34,0x4d,0x67,0x80,0x96,0x93,0x79,0x60,0x46,0x2d,0x40,0x59,0x73,0x8c,0x96,0x87,0x6d,0x54,0x3a,0x21,0x07,0x00,0x00,0x00,0x10,0x29,
    0x42,0x5b,0x73,0x8c,0x96,0x87,0x6e,0x55,0x3c,0x23,0x37,0x50,0x69,0x82,0x96,0x8f,0x76,0x5d,0x44,0x2c,0x13,0x00,0x00,0x00,0x00,0x15,0x2f,0x48,0x62,0x7b,0x94,0x8d,0x74,0x5a,0x41,0x27,0x0e,0x20,0x39,0x52,0x6c,0x85,0x96,0x7f,0x65,0x4c,0x32,0x19,0x00,0x00,
    0x00,0x00,0x07,0x20,0x38,0x50,0x67,0x7e,0x95,0x96,0x82,0x6b,0x54,0x3c,0x48,0x5f,0x76,0x8d,0x96,0x89,0x72,0x5b,0x44,0x2b,0x13,0x00,0x00,0x00,0x00,0x19,0x32,0x4a,0x61,0x78,0x8f,0x96,0x89,0x71,0x5a,0x43,0x2c,0x39,0x51,0x68,0x7f,0x96,0x94,0x7d,0x66,0x4f,
    0x38,0x1f,0x06,0x00,0x00,0x00,0x00,0x19,0x32,0x4c,0x65,0x7f,0x96,0x96,0x96,0x96,0x96,0x96,0x96,0x96,0x96,0x96,0x7e,0x64,0x4b,0x31,0x18,0x00,0x00,0x00,0x00,0x12,0x2c,0x45,0x5f,0x78,0x92,0x96,0x80,0x66,0x4d,0x33,0x1a,0x00,0x00,0x00,0x00,0x00,0x00,0x00,
    0x00,0x00,0x00,0x00,0x00,0x00,0x00,0x00,0x00,0x00,0x00,0x00,0x00,0x00,0x00,0x11,0x2a,0x44,0x5d,0x77,0x90,0x96,0x81,0x68,0x4e,0x35,0x1b,0x02,0x00,0x00,0x00,0x00,0x00,0x06,0x1f,0x36,0x4e,0x64,0x79,0x8a,0x94,0x96,0x96,0x96,0x96,0x8e,0x75,0x5b,0x42,0x28,
    0x0f,0x00,0x00,0x00,0x00,0x12,0x2c,0x45,0x5f,0x78,0x92,0x96,0x80,0x66,0x4d,0x33,0x1a,0x00,0x00,0x00,0x00,0x00,0x00,0x00,0x00,0x00,0x00,0x00,0x00,0x00,0x00,0x00,0x00,0x00,0x0a,0x24,0x3d,0x57,0x70,0x8a,0x96,0x90,0x76,0x5d,0x43,0x2a,0x10,0x00,0x00,0x00,
    0x00,0x00,0x00,0x00,0x0b,0x24,0x3e,0x57,0x71,0x8a,0x96,0x87,0x6d,0x54,0x3a,0x21,0x07,0x00,0x00,0x00,0x00,0x00,0x00,0x00,0x00,0x00,0x00,0x00,0x07,0x20,0x3a,0x53,0x6d,0x86,0x96,0x96,0x96,0x96,0x96,0x96,0x84,0x6a,0x51,0x37,0x1e,0x04,0x00,0x00,0x00,0x00,
    0x00,0x00,0x00,0x00,0x00,0x11,0x29,0x41,0x58,0x6e,0x82,0x93,0x9e,0x99,0x96,0x96,0x96,0x96,0x96,0x9d,0x98,0x7f,0x65,0x4c,0x32,0x19,0x00,0x00,0x00,0x00,0x12,0x2c,0x45,0x5f,0x78,0x92,0x9c,0x93,0x9a,0x96,0x96,0x96,0x9a,0x9c,0x90,0x7f,0x6a,0x54,0x3c,0x24,
    0x0c,0x00,0x00,0x00,0x00,0x08,0x20,0x38,0x4f,0x66,0x7b,0x8d,0x9a,0x9b,0x97,0x96,0x96,0x96,0x96,0x9c,0x9b,0x81,0x68,0x4e,0x35,0x1b,0x02,0x00,0x00,0x00,0x00,0x00,0x00,0x00,0x10,0x29,0x43,0x5c,0x76,0x8f,0xa0,0x8d,0x8c,0x8c,0x8c,0x8c,0x90,0x9b,0x95,0x82,
    0x6d,0x56,0x3e,0x26,0x0e,0x00,0x00,0x00,0x07,0x20,0x3a,0x53,0x6d,0x86,0xa0,0x92,0x8c,0x8c,0x8c,0x8c,0x8e,0x97,0x9b,0x89,0x74,0x5d,0x46,0x2e,0x16,0x00,0x00,0x00,0x00,0x00,0x00,0x14,0x2c,0x44,0x5b,0x71,0x86,0x97,0x9c,0x91,0x8d,0x8d,0x8d,0x8d,0x8d,0x80,
    0x67,0x4d,0x34,0x1a,0x01,0x00,0x00,0x00,0x09,0x23,0x3c,0x56,0x6f,0x89,0x8d,0x8d,0x8d,0x8d,0x8f,0xa3,0x92,0x8d,0x8d,0x8d,0x8d,0x8d,0x75,0x5c,0x42,0x29,0x0f,0x00,0x00,0x00,0x01,0x1a,0x34,0x4d,0x67,0x80,0x9a,0x93,0x79,0x60,0x46,0x2d,0x40,0x59,0x73,0x8c,
    0xa0,0x87,0x6d,0x54,0x3a,0x21,0x07,0x00,0x00,0x00,0x0a,0x23,0x3c,0x55,0x6e,0x87,0xa0,0x8c,0x73,0x59,0x40,0x27,0x3d,0x56,0x6f,0x88,0xa1,0x89,0x71,0x58,0x3f,0x26,0x0d,0x00,0x00,0x00,0x00,0x14,0x2d,0x47,0x60,0x7a,0x93,0x8f,0x75,0x5c,0x42,0x29,0x0f,0x21,
    0x3a,0x54,0x6d,0x87,0x97,0x7e,0x64,0x4b,0x31,0x18,0x00,0x00,0x00,0x00,0x00,0x17,0x2e,0x45,0x5c,0x73,0x8a,0xa1,0x8d,0x75,0x5e,0x47,0x53,0x6a,0x81,0x98,0x95,0x7e,0x67,0x50,0x39,0x22,0x0b,0x00,0x00,0x00,0x00,0x11,0x28,0x3f,0x56,0x6d,0x84,0x9b,0x93,0x7c,
    0x65,0x4d,0x36,0x44,0x5b,0x72,0x8a,0xa0,0x89,0x72,0x5b,0x44,0x2d,0x16,0x00,0x00,0x00,0x00,0x00,0x19,0x32,0x4c,0x65,0x7f,0x8b,0x8b,0x8b,0x8b,0x8b,0x8b,0x8b,0x8b,0x9a,0x97,0x7e,0x64,0x4b,0x31,0x18,0x00,0x00,0x00,0x00,0x12,0x2c,0x45,0x5f,0x78,0x92,0x99,
    0x80,0x66,0x4d,0x33,0x1a,0x0b,0x08,0x03,0x00,0x00,0x00,0x00,0x00,0x00,0x00,0x00,0x00,0x00,0x00,0x00,0x00,0x00,0x00,0x00,0x01,0x07,0x0b,0x11,0x2a,0x44,0x5d,0x77,0x90,0x9b,0x81,0x68,0x4e,0x35,0x1b,0x02,0x00,0x00,0x00,0x00,0x00,0x0c,0x25,0x3e,0x57,0x6f,
    0x87,0x9d,0x96,0x8d,0x8c,0x8c,0x8c,0x8c,0x75,0x5b,0x42,0x28,0x0f,0x00,0x00,0x00,0x00,0x12,0x2c,0x45,0x5f,0x78,0x92,0x99,0x80,0x66,0x4d,0x33,0x1a,0x0c,0x09,0x04,0x00,0x00,0x00,0x00,0x00,0x00,0x00,0x00,0x00,0x00,0x00,0x00,0x01,0x0a,0x0d,0x24,0x3d,0x57,
    0x70,0x8a,0x98,0x90,0x76,0x5d,0x43,0x2a,0x10,0x00,0x00,0x00,0x00,0x00,0x00,0x00,0x0b,0x24,0x3e,0x57,0x71,0x8a,0xa0,0x87,0x6d,0x54,0x3a,0x21,0x0c,0x0d,0x0d,0x0d,0x0d,0x08,0x00,0x00,0x00,0x00,0x00,0x00,0x07,0x20,0x3a,0x53,0x6d,0x86,0x8c,0x8c,0x8c,0x8c,
    0x93,0x9d,0x84,0x6a,0x51,0x37,0x1e,0x04,0x00,0x00,0x00,0x00,0x00,0x00,0x00,0x00,0x00,0x18,0x31,0x49,0x62,0x7a,0x91,0x9d,0x8a,0x80,0x7d,0x7d,0x7d,0x7d,0x7d,0x93,0x98,0x7f,0x65,0x4c,0x32,0x19,0x00,0x00,0x00,0x00,0x12,0x2c,0x45,0x5f,0x78,0x92,0xa6,0x91,
    0x82,0x7d,0x7d,0x7d,0x81,0x8e,0xa1,0x8d,0x75,0x5d,0x44,0x2c,0x13,0x00,0x00,0x00,0x00,0x0e,0x27,0x40,0x58,0x71,0x88,0x9f,0x91,0x83,0x7d,0x7d,0x7d,0x7d,0x7d,0x90,0x9b,0x81,0x68,0x4e,0x35,0x1b,0x02,0x00,0x00,0x00,0x00,0x00,0x00,0x00,0x10,0x29,0x43,0x5c,
    0x76,0x8f,0x9d,0x84,0x73,0x73,0x73,0x73,0x78,0x88,0x9e,0x8f,0x77,0x5e,0x45,0x2c,0x13,0x00,0x00,0x00,0x07,0x20,0x3a,0x53,0x6d,0x86,0xa0,0x8d,0x73,0x73,0x73,0x73,0x75,0x82,0x97,0x96,0x7f,0x66,0x4d,0x34,0x1b,0x02,0x00,0x00,0x00,0x00,0x02,0x1a,0x33,0x4c,
    0x64,0x7c,0x94,0x9b,0x88,0x79,0x74,0x74,0x74,0x74,0x74,0x74,0x64,0x4c,0x33,0x1a,0x00,0x00,0x00,0x00,0x08,0x22,0x3b,0x54,0x6b,0x74,0x74,0x74,0x74,0x74,0x86,0xa0,0x8d,0x74,0x74,0x74,0x74,0x74,0x70,0x5a,0x41,0x28,0x0f,0x00,0x00,0x00,0x01,0x1a,0x34,0x4d,
    0x67,0x80,0x9a,0x93,0x79,0x60,0x46,0x2d,0x40,0x59,0x73,0x8c,0xa0,0x87,0x6d,0x54,0x3a,0x21,0x07,0x00,0x00,0x00,0x05,0x1e,0x37,0x50,0x69,0x82,0x9b,0x90,0x77,0x5e,0x45,0x2c,0x42,0x5b,0x74,0x8d,0x9d,0x84,0x6b,0x52,0x39,0x20,0x08,0x00,0x00,0x00,0x00,0x13,
    0x2c,0x46,0x5f,0x79,0x92,0x90,0x76,0x5d,0x43,0x2a,0x10,0x22,0x3c,0x55,0x6e,0x88,0x96,0x7c,0x63,0x49,0x30,0x17,0x00,0x00,0x00,0x00,0x00,0x0c,0x23,0x3a,0x51,0x68,0x80,0x97,0x97,0x80,0x69,0x52,0x5e,0x75,0x8c,0xa0,0x89,0x72,0x5c,0x45,0x2e,0x17,0x00,0x00,
    0x00,0x00,0x00,0x06,0x1d,0x34,0x4b,0x62,0x79,0x90,0x9e,0x86,0x6f,0x58,0x41,0x4e,0x66,0x7d,0x94,0x95,0x7e,0x67,0x50,0x39,0x22,0x0b,0x00,0x00,0x00,0x00,0x00,0x18,0x31,0x4a,0x62,0x72,0x72,0x72,0x72,0x72,0x72,0x72,0x72,0x84,0x9b,0x94,0x7d,0x64,0x4b,0x31,
    0x18,0x00,0x00,0x00,0x00,0x12,0x2c,0x45,0x5f,0x78,0x92,0x99,0x80,0x66,0x4d,0x33,0x26,0x25,0x21,0x1b,0x13,0x09,0x00,0x00,0x00,0x00,0x00,0x00,0x00,0x00,0x00,0x00,0x00,0x00,0x06,0x11,0x1a,0x20,0x24,0x26,0x2a,0x44,0x5d,0x77,0x90,0x9b,0x81,0x68,0x4e,0x35,
    0x1b,0x02,0x00,0x00,0x00,0x00,0x0f,0x1d,0x29,0x42,0x5b,0x75,0x8e,0x9d,0x85,0x73,0x73,0x73,0x73,0x73,0x6f,0x59,0x40,0x27,0x0e,0x00,0x00,0x00,0x00,0x12,0x2c,0x45,0x5f,0x78,0x92,0x99,0x80,0x66,0x4d,0x33,0x26,0x25,0x22,0x1c,0x14,0x09,0x00,0x00,0x00,0x00,
    0x00,0x00,0x00,0x00,0x00,0x09,0x18,0x22,0x26,0x26,0x3d,0x57,0x70,0x7f,0x7f,0x7f,0x76,0x5d,0x43,0x2a,0x10,0x00,0x00,0x00,0x00,0x00,0x00,0x00,0x0b,0x24,0x3e,0x57,0x71,0x8a,0xa0,0x87,0x6d,0x54,0x3a,0x21,0x26,0x26,0x26,0x26,0x26,0x21,0x15,0x06,0x00,0x00,
    0x00,0x00,0x06,0x1f,0x38,0x51,0x69,0x73,0x73,0x73,0x73,0x74,0x8e,0x9d,0x84,0x6a,0x51,0x37,0x1e,0x04,0x00,0x00,0x00,0x00,0x00,0x00,0x00,0x00,0x03,0x1c,0x35,0x4f,0x68,0x81,0x9a,0x91,0x79,0x67,0x63,0x63,0x63,0x63,0x79,0x93,0x98,0x7f,0x65,0x4c,0x32,0x19,
    0x00,0x00,0x00,0x00,0x12,0x2c,0x45,0x5f,0x78,0x92,0x9b,0x83,0x6d,0x63,0x63,0x64,0x6a,0x7e,0x95,0x95,0x7c,0x63,0x4a,0x30,0x17,0x00,0x00,0x00,0x00,0x12,0x2c,0x45,0x5e,0x77,0x90,0x9a,0x82,0x6d,0x64,0x63,0x63,0x63,0x77,0x90,0x9b,0x81,0x68,0x4e,0x35,0x1b,
    0x02,0x00,0x00,0x00,0x00,0x00,0x00,0x00,0x10,0x29,0x43,0x5c,0x76,0x8f,0x9d,0x84,0x6a,0x59,0x59,0x59,0x65,0x7e,0x97,0x95,0x7c,0x63,0x49,0x30,0x17,0x00,0x00,0x00,0x07,0x20,0x3a,0x53,0x6d,0x86,0xa0,0x8d,0x73,0x5a,0x59,0x59,0x5e,0x76,0x8f,0x9d,0x84,0x6b,
    0x52,0x38,0x1f,0x06,0x00,0x00,0x00,0x00,0x05,0x1f,0x38,0x51,0x6a,0x84,0x9c,0x90,0x78,0x64,0x5a,0x5a,0x5a,0x5a,0x5a,0x5a,0x53,0x41,0x2b,0x14,0x00,0x00,0x00,0x00,0x03,0x1b,0x32,0x47,0x57,0x5a,0x5a,0x5a,0x5a,0x6d,0x86,0xa0,0x8d,0x73,0x5a,0x5a,0x5a,0x5a,
    0x59,0x4c,0x38,0x21,0x09,0x00,0x00,0x00,0x01,0x1a,0x34,0x4d,0x67,0x80,0x9a,0x93,0x79,0x60,0x46,0x2d,0x40,0x59,0x73,0x8c,0xa0,0x87,0x6d,0x54,0x3a,0x21,0x07,0x00,0x00,0x00,0x00,0x19,0x32,0x4b,0x64,0x7d,0x96,0x95,0x7c,0x63,0x4a,0x31,0x47,0x60,0x79,0x92,
    0x97,0x7e,0x65,0x4d,0x34,0x1b,0x02,0x00,0x00,0x00,0x00,0x11,0x2b,0x44,0x5e,0x77,0x91,0x91,0x78,0x5e,0x45,0x2b,0x12,0x23,0x3d,0x56,0x70,0x89,0x95,0x7b,0x62,0x48,0x2f,0x15,0x00,0x00,0x00,0x00,0x00,0x01,0x18,0x2f,0x47,0x5e,0x75,0x8c,0xa2,0x8b,0x74,0x5d,
    0x69,0x80,0x97,0x95,0x7e,0x67,0x50,0x39,0x22,0x0c,0x00,0x00,0x00,0x00,0x00,0x00,0x12,0x29,0x40,0x57,0x6e,0x85,0x9c,0x91,0x7a,0x62,0x4b,0x59,0x70,0x87,0x9f,0x8a,0x73,0x5c,0x45,0x2e,0x17,0x00,0x00,0x00,0x00,0x00,0x00,0x12,0x29,0x3f,0x51,0x58,0x58,0x58,
    0x58,0x58,0x58,0x63,0x79,0x90,0x9f,0x88,0x71,0x5b,0x44,0x2d,0x14,0x00,0x00,0x00,0x00,0x12,0x2c,0x45,0x5f,0x78,0x92,0x99,0x80,0x66,0x4d,0x40,0x40,0x3e,0x3a,0x34,0x2b,0x1f,0x11,0x01,0x00,0x00,0x00,0x00,0x00,0x00,0x00,0x00,0x00,0x0e,0x1c,0x28,0x32,0x39,
    0x3d,0x3f,0x40,0x44,0x5d,0x77,0x90,0x9b,0x81,0x68,0x4e,0x35,0x1b,0x02,0x00,0x00,0x00,0x0e,0x22,0x33,0x3e,0x43,0x5c,0x76,0x8f,0x9c,0x82,0x69,0x59,0x59,0x59,0x59,0x58,0x4b,0x37,0x20,0x08,0x00,0x00,0x00,0x00,0x12,0x2c,0x45,0x5f,0x78,0x92,0x99,0x80,0x66,
    0x4d,0x40,0x40,0x3e,0x3b,0x35,0x2c,0x20,0x11,0x01,0x00,0x00,0x00,0x00,0x00,0x00,0x06,0x1b,0x2d,0x3a,0x40,0x40,0x40,0x4f,0x61,0x65,0x65,0x65,0x64,0x54,0x3e,0x26,0x0d,0x00,0x00,0x00,0x00,0x00,0x00,0x00,0x0b,0x24,0x3e,0x57,0x71,0x8a,0xa0,0x87,0x6d,0x54,
    0x3a,0x37,0x3f,0x40,0x40,0x40,0x3f,0x38,0x2a,0x17,0x02,0x00,0x00,0x00,0x01,0x19,0x30,0x45,0x55,0x59,0x59,0x59,0x5b,0x74,0x8e,0x9d,0x84,0x6a,0x51,0x37,0x1e,0x04,0x00,0x00,0x00,0x00,0x00,0x00,0x00,0x00,0x05,0x1e,0x38,0x51,0x6b,0x84,0x9d,0x8d,0x73,0x5a,
    0x4a,0x4a,0x4a,0x60,0x79,0x93,0x98,0x7f,0x65,0x4c,0x32,0x19,0x00,0x00,0x00,0x00,0x12,0x2c,0x45,0x5f,0x78,0x92,0x99,0x80,0x66,0x4d,0x4a,0x4a,0x5f,0x78,0x92,0x98,0x7f,0x65,0x4c,0x33,0x19,0x00,0x00,0x00,0x00,0x14,0x2e,0x47,0x61,0x7a,0x94,0x97,0x7d,0x64,
    0x4a,0x4a,0x4a,0x5d,0x77,0x90,0x9b,0x81,0x68,0x4e,0x35,0x1b,0x02,0x00,0x00,0x00,0x00,0x00,0x00,0x00,0x10,0x29,0x43,0x5c,0x76,0x8f,0x9d,0x84,0x6a,0x51,0x40,0x49,0x62,0x7c,0x95,0x97,0x7e,0x64,0x4b,0x31,0x18,0x00,0x00,0x00,0x07,0x20,0x3a,0x53,0x6d,0x86,
    0xa0,0x8d,0x73,0x5a,0x40,0x40,0x5a,0x73,0x8d,0xa0,0x86,0x6d,0x53,0x3a,0x20,0x07,0x00,0x00,0x00,0x00,0x07,0x21,0x3a,0x54,0x6d,0x87,0xa0,0x8c,0x72,0x59,0x41,0x41,0x41,0x41,0x41,0x41,0x3c,0x2f,0x1d,0x08,0x00,0x00,0x00,0x00,0x00,0x0f,0x23,0x34,0x3e,0x41,
    0x41,0x41,0x53,0x6d,0x86,0xa0,0x8d,0x73,0x5a,0x41,0x41,0x41,0x40,0x37,0x28,0x14,0x00,0x00,0x00,0x00,0x01,0x1a,0x34,0x4d,0x67,0x80,0x9a,0x93,0x79,0x60,0x46,0x2d,0x40,0x59,0x73,0x8c,0xa0,0x87,0x6d,0x54,0x3a,0x21,0x07,0x00,0x00,0x00,0x00,0x14,0x2d,0x46,
    0x5f,0x77,0x90,0x9a,0x81,0x68,0x4f,0x36,0x4d,0x65,0x7e,0x97,0x92,0x79,0x60,0x47,0x2e,0x15,0x00,0x00,0x00,0x00,0x00,0x10,0x2a,0x43,0x5d,0x76,0x90,0x92,0x79,0x5f,0x46,0x2c,0x13,0x25,0x3e,0x58,0x71,0x8a,0x93,0x7a,0x60,0x47,0x2e,0x14,0x00,0x00,0x00,0x00,
    0x00,0x00,0x0e,0x25,0x3c,0x53,0x6a,0x81,0x98,0x96,0x7f,0x67,0x74,0x8b,0xa1,0x8a,0x73,0x5c,0x45,0x2e,0x17,0x00,0x00,0x00,0x00,0x00,0x00,0x00,0x07,0x1e,0x35,0x4c,0x63,0x7a,0x91,0x9b,0x84,0x6d,0x56,0x64,0x7b,0x92,0x96,0x7f,0x68,0x51,0x3a,0x23,0x0c,0x00,
    0x00,0x00,0x00,0x00,0x00,0x06,0x1b,0x2d,0x3a,0x3f,0x3f,0x3f,0x3f,0x41,0x57,0x6e,0x85,0x9c,0x93,0x7d,0x66,0x4f,0x38,0x22,0x0b,0x00,0x00,0x00,0x00,0x12,0x2c,0x45,0x5f,0x78,0x92,0x99,0x80,0x66,0x59,0x59,0x59,0x57,0x53,0x4c,0x42,0x34,0x25,0x13,0x00,0x00,
    0x00,0x00,0x00,0x00,0x00,0x00,0x0f,0x21,0x32,0x3f,0x4a,0x52,0x57,0x59,0x59,0x59,0x5d,0x77,0x90,0x9b,0x81,0x68,0x4e,0x35,0x1b,0x02,0x00,0x00,0x02,0x1a,0x31,0x46,0x56,0x59,0x5c,0x76,0x8f,0x9c,0x82,0x69,0x59,0x59,0x59,0x59,0x55,0x45,0x30,0x19,0x01,0x00,
    0x00,0x00,0x00,0x12,0x2c,0x45,0x5f,0x78,0x92,0x99,0x80,0x66,0x59,0x59,0x59,0x58,0x54,0x4d,0x43,0x35,0x25,0x13,0x00,0x00,0x00,0x00,0x00,0x00,0x11,0x29,0x3f,0x51,0x59,0x59,0x59,0x59,0x59,0x59,0x59,0x59,0x57,0x49,0x35,0x1e,0x06,0x00,0x00,0x00,0x00,0x00,
    0x00,0x00,0x0b,0x24,0x3e,0x57,0x71,0x8a,0xa0,0x87,0x6d,0x54,0x3a,0x4d,0x58,0x59,0x59,0x59,0x59,0x4e,0x3a,0x24,0x0c,0x00,0x00,0x00,0x00,0x0d,0x21,0x32,0x3d,0x40,0x40,0x41,0x5b,0x74,0x8e,0x9d,0x84,0x6a,0x51,0x37,0x1e,0x04,0x00,0x00,0x00,0x00,0x00,0x00,
    0x00,0x00,0x05,0x1e,0x38,0x51,0x6b,0x84,0x9e,0x8d,0x73,0x5a,0x40,0x30,0x46,0x60,0x79,0x93,0x98,0x7f,0x65,0x4c,0x32,0x19,0x00,0x00,0x00,0x00,0x12,0x2c,0x45,0x5f,0x78,0x92,0x99,0x80,0x66,0x4d,0x33,0x45,0x5f,0x78,0x92,0x99,0x7f,0x66,0x4c,0x33,0x19,0x00,
    0x00,0x00,0x00,0x15,0x2e,0x48,0x61,0x7b,0x94,0x97,0x7d,0x64,0x4a,0x31,0x44,0x5d,0x77,0x90,0x9b,0x81,0x68,0x4e,0x35,0x1b,0x02,0x00,0x00,0x00,0x00,0x00,0x00,0x00,0x10,0x29,0x43,0x5c,0x76,0x8f,0x9d,0x84,0x6a,0x51,0x37,0x49,0x62,0x7c,0x95,0x97,0x7e,0x64,
    0x4b,0x31,0x18,0x00,0x00,0x00,0x07,0x20,0x3a,0x53,0x6d,0x86,0xa0,0x8d,0x73,0x5a,0x40,0x40,0x5a,0x73,0x8d,0xa0,0x86,0x6d,0x53,0x3a,0x20,0x07,0x00,0x00,0x00,0x00,0x08,0x21,0x3b,0x54,0x6e,0x87,0xa1,0x8c,0x72,0x59,0x3f,0x27,0x27,0x27,0x27,0x27,0x24,0x1a,
    0x0b,0x00,0x00,0x00,0x00,0x00,0x00,0x00,0x10,0x1e,0x26,0x27,0x27,0x3a,0x53,0x6d,0x86,0xa0,0x8d,0x73,0x5a,0x40,0x27,0x27,0x26,0x20,0x14,0x04,0x00,0x00,0x00,0x00,0x01,0x1a,0x34,0x4d,0x67,0x80,0x9a,0x93,0x79,0x60,0x46,0x2d,0x40,0x59,0x73,0x8c,0xa0,0x87,
    0x6d,0x54,0x3a,0x21,0x07,0x00,0x00,0x00,0x00,0x0e,0x27,0x40,0x59,0x72,0x8b,0x9f,0x86,0x6d,0x54,0x3b,0x52,0x6b,0x84,0x9d,0x8c,0x73,0x5a,0x41,0x29,0x10,0x00,0x00,0x00,0x00,0x00,0x0f,0x28,0x42,0x5b,0x75,0x8e,0x93,0x7a,0x61,0x47,0x2e,0x25,0x26,0x3f,0x59,
    0x72,0x8c,0x92,0x79,0x5f,0x46,0x2c,0x13,0x00,0x00,0x00,0x00,0x00,0x00,0x03,0x1a,0x31,0x48,0x5f,0x76,0x8d,0xa0,0x89,0x72,0x7f,0x96,0x96,0x7f,0x68,0x51,0x3a,0x23,0x0c,0x00,0x00,0x00,0x00,0x00,0x00,0x00,0x00,0x13,0x2a,0x41,0x58,0x6f,0x86,0x9d,0x8f,0x78,
    0x60,0x6e,0x85,0x9c,0x8a,0x73,0x5d,0x46,0x2f,0x18,0x01,0x00,0x00,0x00,0x00,0x00,0x00,0x00,0x09,0x18,0x22,0x25,0x25,0x25,0x36,0x4c,0x63,0x7a,0x90,0x9f,0x88,0x71,0x5a,0x44,0x2d,0x16,0x00,0x00,0x00,0x00,0x00,0x12,0x2c,0x45,0x5f,0x78,0x92,0x99,0x80,0x6f,
    0x72,0x73,0x73,0x71,0x6c,0x64,0x58,0x49,0x37,0x23,0x0e,0x00,0x00,0x00,0x00,0x00,0x00,0x0a,0x1f,0x33,0x45,0x55,0x61,0x6a,0x70,0x72,0x73,0x73,0x73,0x77,0x90,0x9b,0x81,0x68,0x4e,0x35,0x1b,0x02,0x00,0x00,0x08,0x21,0x3a,0x53,0x6a,0x73,0x73,0x76,0x8f,0x9c,
    0x82,0x73,0x73,0x73,0x73,0x73,0x69,0x51,0x38,0x1f,0x06,0x00,0x00,0x00,0x00,0x12,0x2c,0x45,0x5f,0x78,0x92,0x99,0x80,0x6f,0x72,0x73,0x73,0x71,0x6d,0x65,0x59,0x49,0x37,0x23,0x0e,0x00,0x00,0x00,0x00,0x00,0x17,0x30,0x49,0x62,0x73,0x73,0x73,0x73,0x73,0x73,
    0x73,0x73,0x6d,0x57,0x3e,0x25,0x0c,0x00,0x00,0x00,0x00,0x00,0x00,0x00,0x0b,0x24,0x3e,0x57,0x71,0x8a,0xa0,0x87,0x6d,0x54,0x4b,0x5e,0x70,0x73,0x73,0x73,0x71,0x5d,0x44,0x2b,0x12,0x00,0x00,0x00,0x00,0x00,0x0e,0x1c,0x24,0x26,0x28,0x41,0x5b,0x74,0x8e,0x9d,
    0x84,0x6a,0x51,0x37,0x1e,0x04,0x00,0x00,0x00,0x00,0x00,0x00,0x00,0x00,0x05,0x1e,0x38,0x51,0x6b,0x84,0x9e,0x8d,0x73,0x5a,0x49,0x49,0x49,0x60,0x79,0x93,0x97,0x7e,0x65,0x4b,0x32,0x18,0x00,0x00,0x00,0x00,0x12,0x2c,0x45,0x5f,0x78,0x92,0x99,0x80,0x66,0x4d,
    0x33,0x45,0x5f,0x78,0x92,0x99,0x7f,0x66,0x4c,0x33,0x19,0x00,0x00,0x00,0x00,0x15,0x2e,0x48,0x61,0x7b,0x94,0x97,0x7d,0x64,0x4a,0x31,0x44,0x5d,0x77,0x90,0x9b,0x81,0x68,0x4e,0x35,0x1b,0x02,0x00,0x00,0x00,0x00,0x00,0x00,0x00,0x10,0x29,0x43,0x5c,0x76,0x8f,
    0x9d,0x84,0x6a,0x51,0x37,0x49,0x62,0x7c,0x95,0x97,0x7e,0x64,0x4b,0x31,0x18,0x00,0x00,0x00,0x07,0x20,0x3a,0x53,0x6d,0x86,0xa0,0x8d,0x73,0x5a,0x40,0x40,0x5a,0x73,0x8d,0xa0,0x86,0x6d,0x53,0x3a,0x20,0x07,0x00,0x00,0x00,0x00,0x08,0x21,0x3b,0x54,0x6e,0x87,
    0xa1,0x8c,0x72,0x59,0x3f,0x3b,0x39,0x35,0x2d,0x22,0x15,0x06,0x00,0x00,0x00,0x00,0x00,0x00,0x00,0x00,0x00,0x06,0x0c,0x0e,0x20,0x3a,0x53,0x6d,0x86,0xa0,0x8d,0x73,0x5a,0x40,0x27,0x0e,0x0d,0x08,0x00,0x00,0x00,0x00,0x00,0x00,0x01,0x1a,0x34,0x4d,0x67,0x80,
    0x9a,0x93,0x79,0x60,0x46,0x2d,0x40,0x59,0x73,0x8c,0xa0,0x87,0x6d,0x54,0x3a,0x21,0x07,0x00,0x00,0x00,0x00,0x09,0x22,0x3b,0x54,0x6d,0x86,0x9f,0x8b,0x72,0x59,0x40,0x57,0x70,0x89,0x9f,0x86,0x6e,0x55,0x3c,0x23,0x0a,0x00,0x00,0x00,0x00,0x00,0x0e,0x27,0x41,
    0x5a,0x74,0x8d,0x95,0x7b,0x62,0x48,0x3f,0x3f,0x3f,0x41,0x5a,0x74,0x8d,0x91,0x77,0x5e,0x45,0x2b,0x12,0x00,0x00,0x00,0x00,0x00,0x00,0x00,0x0f,0x26,0x3d,0x54,0x6b,0x83,0x9a,0x94,0x7d,0x8a,0xa1,0x8b,0x74,0x5d,0x46,0x2f,0x18,0x01,0x00,0x00,0x00,0x00,0x00,
    0x00,0x00,0x00,0x08,0x1f,0x36,0x4d,0x64,0x7b,0x92,0x99,0x82,0x6b,0x79,0x90,0x96,0x7f,0x68,0x51,0x3a,0x24,0x0d,0x00,0x00,0x00,0x00,0x00,0x00,0x00,0x00,0x00,0x01,0x09,0x0c,0x14,0x2a,0x41,0x58,0x6f,0x85,0x9c,0x93,0x7c,0x66,0x4f,0x38,0x21,0x0b,0x00,0x00,
    0x00,0x00,0x00,0x12,0x2c,0x45,0x5f,0x78,0x92,0x99,0x80,0x87,0x8c,0x8c,0x8c,0x8a,0x84,0x7b,0x6c,0x5b,0x47,0x31,0x1b,0x03,0x00,0x00,0x00,0x00,0x00,0x16,0x2d,0x43,0x57,0x69,0x78,0x83,0x89,0x8c,0x8c,0x8c,0x8c,0x8c,0x95,0x9b,0x81,0x68,0x4e,0x35,0x1b,0x02,
    0x00,0x00,0x08,0x22,0x3b,0x55,0x6e,0x88,0x8c,0x8c,0x94,0x9e,0x8d,0x8c,0x8c,0x8c,0x8c,0x86,0x6d,0x53,0x3a,0x20,0x07,0x00,0x00,0x00,0x00,0x12,0x2c,0x45,0x5f,0x78,0x92,0x99,0x80,0x87,0x8c,0x8c,0x8c,0x8b,0x85,0x7c,0x6d,0x5b,0x47,0x31,0x1b,0x04,0x00,0x00,
    0x00,0x00,0x18,0x31,0x4b,0x64,0x7e,0x8c,0x8c,0x8c,0x8c,0x8c,0x8c,0x8c,0x72,0x59,0x3f,0x26,0x0c,0x00,0x00,0x00,0x00,0x00,0x00,0x00,0x0b,0x24,0x3e,0x57,0x71,0x8a,0xa0,0x87,0x6d,0x54,0x5c,0x6f,0x82,0x8c,0x8c,0x85,0x72,0x5d,0x44,0x2b,0x12,0x00,0x00,0x00,
    0x00,0x00,0x00,0x04,0x0b,0x0e,0x28,0x41,0x5b,0x74,0x8e,0x9d,0x84,0x6a,0x51,0x37,0x1e,0x04,0x00,0x00,0x00,0x00,0x00,0x00,0x00,0x00,0x03,0x1c,0x36,0x4f,0x68,0x81,0x9a,0x90,0x79,0x66,0x62,0x62,0x62,0x6a,0x80,0x97,0x93,0x7a,0x61,0x48,0x2f,0x16,0x00,0x00,
    0x00,0x00,0x12,0x2c,0x45,0x5f,0x78,0x92,0x99,0x80,0x66,0x4d,0x33,0x45,0x5f,0x78,0x92,0x99,0x7f,0x66,0x4c,0x33,0x19,0x00,0x00,0x00,0x00,0x15,0x2e,0x48,0x61,0x7b,0x94,0x97,0x7d,0x64,0x4a,0x31,0x44,0x5d,0x77,0x90,0x9b,0x81,0x68,0x4e,0x35,0x1b,0x02,0x00,
    0x00,0x00,0x00,0x00,0x00,0x00,0x10,0x29,0x43,0x5c,0x76,0x8f,0x9d,0x84,0x6a,0x51,0x37,0x49,0x62,0x7c,0x95,0x97,0x7e,0x64,0x4b,0x31,0x18,0x00,0x00,0x00,0x07,0x20,0x3a,0x53,0x6d,0x86,0xa0,0x8d,0x73,0x5a,0x40,0x40,0x5a,0x73,0x8d,0xa0,0x86,0x6d,0x53,0x3a,
    0x20,0x07,0x00,0x00,0x00,0x00,0x06,0x20,0x39,0x52,0x6c,0x85,0x9e,0x8d,0x75,0x5d,0x55,0x55,0x53,0x4d,0x44,0x38,0x29,0x19,0x06,0x00,0x00,0x00,0x00,0x00,0x00,0x00,0x00,0x00,0x00,0x07,0x20,0x3a,0x53,0x6d,0x86,0xa0,0x8d,0x73,0x5a,0x40,0x27,0x0d,0x00,0x00,
    0x00,0x00,0x00,0x00,0x00,0x00,0x01,0x1a,0x34,0x4d,0x67,0x80,0x9a,0x93,0x79,0x60,0x46,0x2d,0x40,0x59,0x73,0x8c,0xa0,0x87,0x6d,0x54,0x3a,0x21,0x07,0x00,0x00,0x00,0x00,0x04,0x1d,0x36,0x4f,0x68,0x81,0x9a,0x90,0x77,0x5e,0x45,0x5c,0x75,0x8e,0x9a,0x81,0x68,
    0x4f,0x36,0x1d,0x04,0x00,0x00,0x00,0x00,0x00,0x0c,0x26,0x3f,0x59,0x72,0x8c,0x96,0x7c,0x63,0x4f,0x58,0x58,0x58,0x52,0x5b,0x75,0x8e,0x90,0x76,0x5d,0x43,0x2a,0x10,0x00,0x00,0x00,0x00,0x00,0x00,0x00,0x04,0x1b,0x32,0x4a,0x61,0x78,0x8f,0x9f,0x89,0x95,0x97,
    0x80,0x69,0x52,0x3b,0x24,0x0d,0x00,0x00,0x00,0x00,0x00,0x00,0x00,0x00,0x00,0x00,0x14,0x2b,0x42,0x59,0x70,0x87,0x9e,0x8d,0x75,0x83,0x9a,0x8b,0x74,0x5d,0x46,0x2f,0x18,0x01,0x00,0x00,0x00,0x00,0x00,0x00,0x00,0x00,0x00,0x00,0x00,0x09,0x1f,0x36,0x4d,0x63,
    0x7a,0x91,0x9e,0x88,0x71,0x5a,0x43,0x2d,0x16,0x00,0x00,0x00,0x00,0x00,0x00,0x12,0x2c,0x45,0x5f,0x78,0x92,0xa1,0x95,0x9a,0x96,0x96,0x96,0x9a,0x9c,0x90,0x7f,0x6a,0x54,0x3c,0x24,0x0c,0x00,0x00,0x00,0x00,0x08,0x20,0x38,0x4f,0x66,0x7b,0x8d,0x9a,0x9b,0x97,
    0x96,0x96,0x96,0x96,0x9c,0x9b,0x81,0x68,0x4e,0x35,0x1b,0x02,0x00,0x00,0x08,0x22,0x3b,0x55,0x6e,0x88,0x96,0x96,0x9b,0xa4,0x97,0x96,0x96,0x96,0x96,0x86,0x6d,0x53,0x3a,0x20,0x07,0x00,0x00,0x00,0x00,0x12,0x2c,0x45,0x5f,0x78,0x92,0xa1,0x95,0x9a,0x96,0x96,
    0x96,0x99,0x9d,0x91,0x7f,0x6a,0x54,0x3c,0x25,0x0c,0x00,0x00,0x00,0x00,0x18,0x31,0x4b,0x64,0x7e,0x96,0x96,0x96,0x96,0x97,0xa5,0x8c,0x72,0x59,0x3f,0x26,0x0c,0x00,0x00,0x00,0x00,0x00,0x00,0x00,0x0b,0x24,0x3e,0x57,0x71,0x8a,0xa0,0x87,0x6d,0x59,0x6d,0x80,
    0x93,0x9b,0x87,0x74,0x61,0x4e,0x3a,0x24,0x0c,0x00,0x00,0x00,0x00,0x00,0x00,0x00,0x00,0x0e,0x28,0x41,0x5b,0x74,0x8e,0x9d,0x84,0x6a,0x51,0x37,0x1e,0x04,0x00,0x00,0x00,0x00,0x00,0x00,0x00,0x00,0x00,0x18,0x31,0x4a,0x62,0x7a,0x92,0x9c,0x8a,0x7f,0x7c,0x7c,
    0x7c,0x80,0x8e,0xa0,0x8a,0x73,0x5b,0x43,0x2a,0x11,0x00,0x00,0x00,0x00,0x12,0x2c,0x45,0x5f,0x78,0x92,0x99,0x80,0x66,0x4d,0x33,0x45,0x5f,0x78,0x92,0x99,0x7f,0x66,0x4c,0x33,0x19,0x00,0x00,0x00,0x00,0x15,0x2e,0x48,0x61,0x7b,0x94,0x97,0x7d,0x64,0x4a,0x31,
    0x44,0x5d,0x77,0x90,0x9b,0x81,0x68,0x4e,0x35,0x1b,0x02,0x00,0x00,0x00,0x00,0x00,0x00,0x00,0x10,0x29,0x43,0x5c,0x76,0x8f,0x9d,0x84,0x6a,0x51,0x42,0x49,0x62,0x7c,0x95,0x97,0x7e,0x64,0x4b,0x31,0x18,0x00,0x00,0x00,0x07,0x20,0x3a,0x53,0x6d,0x86,0xa0,0x8d,
    0x73,0x5a,0x51,0x51,0x5b,0x74,0x8e,0x9e,0x85,0x6c,0x52,0x39,0x1f,0x06,0x00,0x00,0x00,0x00,0x03,0x1c,0x35,0x4e,0x67,0x7f,0x97,0x96,0x81,0x72,0x6e,0x6e,0x6c,0x66,0x5b,0x4d,0x3d,0x2a,0x16,0x01,0x00,0x00,0x00,0x00,0x00,0x00,0x00,0x00,0x00,0x07,0x20,0x3a,
    0x53,0x6d,0x86,0xa0,0x8d,0x73,0x5a,0x40,0x27,0x0d,0x00,0x00,0x00,0x00,0x00,0x00,0x00,0x00,0x01,0x1a,0x34,0x4d,0x67,0x80,0x9a,0x93,0x79,0x60,0x46,0x2d,0x40,0x59,0x73,0x8c,0xa0,0x87,0x6d,0x54,0x3a,0x21,0x07,0x00,0x00,0x00,0x00,0x00,0x18,0x31,0x4a,0x63,
    0x7b,0x94,0x95,0x7c,0x63,0x4a,0x62,0x7b,0x93,0x94,0x7b,0x62,0x4a,0x31,0x18,0x00,0x00,0x00,0x00,0x00,0x00,0x0b,0x25,0x3e,0x58,0x71,0x8b,0x97,0x7e,0x64,0x60,0x71,0x72,0x72,0x65,0x5d,0x76,0x90,0x8e,0x75,0x5c,0x42,0x29,0x0f,0x00,0x00,0x00,0x00,0x00,0x00,
    0x00,0x00,0x11,0x28,0x3f,0x56,0x6d,0x84,0x9b,0xa1,0xa3,0x8c,0x75,0x5e,0x47,0x30,0x19,0x02,0x00,0x00,0x00,0x00,0x00,0x00,0x00,0x00,0x00,0x00,0x09,0x20,0x37,0x4e,0x65,0x7c,0x93,0x97,0x80,0x8e,0x97,0x80,0x69,0x52,0x3b,0x24,0x0d,0x00,0x00,0x00,0x00,0x00,
    0x00,0x00,0x00,0x00,0x00,0x00,0x00,0x14,0x2b,0x42,0x58,0x6f,0x86,0x9c,0x93,0x7c,0x65,0x4e,0x38,0x21,0x0a,0x00,0x00,0x00,0x00,0x00,0x00,0x12,0x2c,0x45,0x5f,0x78,0x92,0xa6,0x91,0x82,0x7d,0x7d,0x7d,0x81,0x8e,0xa1,0x8d,0x75,0x5d,0x44,0x2c,0x13,0x00,0x00,
    0x00,0x00,0x0e,0x27,0x40,0x58,0x71,0x88,0x9f,0x91,0x83,0x7d,0x7d,0x7d,0x7d,0x7d,0x90,0x9b,0x81,0x68,0x4e,0x35,0x1b,0x02,0x00,0x00,0x08,0x22,0x3b,0x55,0x6e,0x7d,0x7d,0x7d,0x8f,0x9c,0x82,0x7d,0x7d,0x7d,0x7d,0x7d,0x6c,0x53,0x3a,0x20,0x07,0x00,0x00,0x00,
    0x00,0x12,0x2c,0x45,0x5f,0x78,0x92,0xa6,0x91,0x82,0x7d,0x7d,0x7d,0x80,0x8e,0xa1,0x8d,0x75,0x5d,0x44,0x2c,0x13,0x00,0x00,0x00,0x00,0x18,0x31,0x4b,0x64,0x7d,0x7d,0x7d,0x7d,0x7d,0x86,0x9f,0x8c,0x72,0x59,0x3f,0x26,0x0c,0x00,0x00,0x00,0x00,0x00,0x00,0x00,
    0x0b,0x24,0x3e,0x57,0x71,0x8a,0xa0,0x87,0x6d,0x6a,0x7d,0x91,0x9d,0x8a,0x77,0x63,0x50,0x3d,0x2a,0x17,0x02,0x00,0x00,0x00,0x00,0x00,0x00,0x00,0x00,0x0e,0x28,0x41,0x5b,0x74,0x8e,0x9d,0x84,0x6a,0x51,0x37,0x1e,0x04,0x00,0x00,0x00,0x00,0x00,0x00,0x00,0x00,
    0x00,0x12,0x2a,0x42,0x59,0x6f,0x84,0x95,0x9f,0x98,0x95,0x95,0x95,0x98,0x9d,0x8f,0x7c,0x67,0x51,0x3a,0x22,0x0a,0x00,0x00,0x00,0x00,0x12,0x2c,0x45,0x5f,0x78,0x92,0x99,0x80,0x66,0x4d,0x33,0x45,0x5f,0x78,0x92,0x99,0x7f,0x66,0x4c,0x33,0x19,0x00,0x00,0x00,
    0x00,0x15,0x2e,0x48,0x61,0x7b,0x94,0x97,0x7d,0x64,0x4a,0x31,0x44,0x5d,0x77,0x90,0x9b,0x81,0x68,0x4e,0x35,0x1b,0x02,0x00,0x00,0x00,0x00,0x00,0x00,0x00,0x10,0x29,0x43,0x5c,0x76,0x8f,0x9d,0x84,0x6a,0x5c,0x5c,0x5c,0x67,0x7f,0x97,0x95,0x7b,0x62,0x49,0x30,
    0x16,0x00,0x00,0x00,0x07,0x20,0x3a,0x53,0x6d,0x86,0xa0,0x8d,0x73,0x6b,0x6b,0x6b,0x6d,0x7d,0x94,0x98,0x80,0x68,0x4f,0x36,0x1c,0x03,0x00,0x00,0x00,0x00,0x00,0x16,0x2f,0x47,0x5e,0x75,0x8b,0x9f,0x95,0x8a,0x88,0x88,0x85,0x7d,0x71,0x61,0x4e,0x39,0x24,0x0d,
    0x00,0x00,0x00,0x00,0x00,0x00,0x00,0x00,0x00,0x07,0x20,0x3a,0x53,0x6d,0x86,0xa0,0x8d,0x73,0x5a,0x40,0x27,0x0d,0x00,0x00,0x00,0x00,0x00,0x00,0x00,0x00,0x01,0x1a,0x34,0x4d,0x67,0x80,0x9a,0x93,0x79,0x60,0x46,0x2d,0x40,0x59,0x73,0x8c,0xa0,0x87,0x6d,0x54,
    0x3a,0x21,0x07,0x00,0x00,0x00,0x00,0x00,0x12,0x2b,0x44,0x5d,0x76,0x8f,0x9a,0x81,0x68,0x4f,0x67,0x80,0x99,0x8f,0x76,0x5d,0x44,0x2b,0x12,0x00,0x00,0x00,0x00,0x00,0x00,0x0a,0x23,0x3d,0x56,0x70,0x89,0x98,0x7f,0x65,0x67,0x7f,0x8b,0x85,0x6c,0x5e,0x77,0x91,
    0x8d,0x74,0x5a,0x41,0x27,0x0e,0x00,0x00,0x00,0x00,0x00,0x00,0x00,0x00,0x06,0x1d,0x34,0x4b,0x62,0x79,0x90,0xa7,0x98,0x81,0x6a,0x53,0x3c,0x25,0x0e,0x00,0x00,0x00,0x00,0x00,0x00,0x00,0x00,0x00,0x00,0x00,0x00,0x15,0x2c,0x43,0x5a,0x71,0x88,0x9f,0x8f,0x99,
    0x8c,0x75,0x5e,0x47,0x30,0x19,0x02,0x00,0x00,0x00,0x00,0x00,0x00,0x00,0x00,0x00,0x00,0x00,0x09,0x20,0x36,0x4d,0x64,0x7b,0x91,0x9e,0x87,0x70,0x5a,0x43,0x2c,0x15,0x00,0x00,0x00,0x00,0x00,0x00,0x00,0x12,0x2c,0x45,0x5f,0x78,0x92,0x9b,0x83,0x6d,0x63,0x63,
    0x64,0x6a,0x7e,0x95,0x95,0x7c,0x63,0x4a,0x30,0x17,0x00,0x00,0x00,0x00,0x12,0x2c,0x45,0x5e,0x77,0x90,0x9a,0x82,0x6d,0x64,0x63,0x63,0x63,0x77,0x90,0x9b,0x81,0x68,0x4e,0x35,0x1b,0x02,0x00,0x00,0x05,0x1e,0x36,0x4d,0x5f,0x63,0x63,0x76,0x8f,0x9c,0x82,0x69,
    0x63,0x63,0x63,0x63,0x5e,0x4b,0x34,0x1c,0x03,0x00,0x00,0x00,0x00,0x12,0x2c,0x45,0x5f,0x78,0x92,0x9b,0x83,0x6d,0x63,0x63,0x63,0x69,0x7e,0x95,0x95,0x7c,0x63,0x4a,0x30,0x17,0x00,0x00,0x00,0x00,0x14,0x2d,0x44,0x59,0x63,0x63,0x63,0x63,0x6c,0x86,0x9f,0x8c,
    0x72,0x59,0x3f,0x26,0x0c,0x00,0x00,0x00,0x00,0x00,0x00,0x00,0x0b,0x24,0x3e,0x57,0x71,0x8a,0xa0,0x87,0x6d,0x7b,0x8e,0x9f,0x8c,0x79,0x66,0x53,0x3f,0x2c,0x19,0x06,0x00,0x00,0x00,0x00,0x00,0x00,0x00,0x00,0x00,0x0e,0x28,0x41,0x5b,0x74,0x8e,0x9d,0x84,0x6a,
    0x51,0x37,0x1e,0x04,0x00,0x00,0x00,0x00,0x00,0x00,0x00,0x00,0x00,0x09,0x20,0x36,0x4c,0x60,0x71,0x82,0x9c,0x94,0x8d,0x8d,0x8d,0x8c,0x85,0x7a,0x6b,0x58,0x44,0x2e,0x18,0x01,0x00,0x00,0x00,0x00,0x12,0x2c,0x45,0x5f,0x78,0x92,0x99,0x80,0x66,0x4d,0x33,0x45,
    0x5f,0x78,0x92,0x99,0x7f,0x66,0x4c,0x33,0x19,0x00,0x00,0x00,0x00,0x15,0x2e,0x48,0x61,0x7b,0x94,0x97,0x7d,0x64,0x4a,0x31,0x44,0x5d,0x77,0x90,0x9b,0x81,0x68,0x4e,0x35,0x1b,0x02,0x00,0x00,0x00,0x00,0x00,0x00,0x00,0x10,0x29,0x43,0x5c,0x76,0x8f,0x9d,0x84,
    0x75,0x75,0x75,0x75,0x7b,0x8a,0xa0,0x8d,0x76,0x5d,0x44,0x2c,0x13,0x00,0x00,0x00,0x07,0x20,0x3a,0x53,0x6d,0x86,0xa0,0x8e,0x84,0x84,0x84,0x84,0x86,0x90,0x9f,0x8c,0x77,0x60,0x48,0x30,0x17,0x00,0x00,0x00,0x00,0x00,0x00,0x0e,0x25,0x3c,0x53,0x68,0x7b,0x8b,
    0x97,0x9d,0x9e,0x9e,0x9e,0x94,0x85,0x72,0x5c,0x46,0x2f,0x17,0x00,0x00,0x00,0x00,0x00,0x00,0x00,0x00,0x00,0x07,0x20,0x3a,0x53,0x6d,0x86,0xa0,0x8d,0x73,0x5a,0x40,0x27,0x0d,0x00,0x00,0x00,0x00,0x00,0x00,0x00,0x00,0x01,0x1a,0x34,0x4d,0x67,0x80,0x9a,0x93,
    0x79,0x60,0x46,0x2d,0x40,0x59,0x73,0x8c,0xa0,0x87,0x6d,0x54,0x3a,0x21,0x07,0x00,0x00,0x00,0x00,0x00,0x0d,0x26,0x3f,0x58,0x71,0x8a,0x9f,0x86,0x6d,0x54,0x6c,0x85,0x9e,0x89,0x70,0x57,0x3e,0x26,0x0d,0x00,0x00,0x00,0x00,0x00,0x00,0x09,0x22,0x3c,0x55,0x6f,
    0x88,0x9a,0x80,0x67,0x6d,0x86,0x9e,0x8b,0x73,0x5f,0x79,0x92,0x8c,0x73,0x59,0x40,0x26,0x0d,0x00,0x00,0x00,0x00,0x00,0x00,0x00,0x00,0x00,0x14,0x2b,0x42,0x59,0x70,0x87,0xa1,0x90,0x79,0x62,0x4a,0x33,0x1c,0x05,0x00,0x00,0x00,0x00,0x00,0x00,0x00,0x00,0x00,
    0x00,0x00,0x00,0x0a,0x21,0x38,0x4f,0x66,0x7d,0x94,0xa8,0x98,0x81,0x6a,0x53,0x3c,0x25,0x0e,0x00,0x00,0x00,0x00,0x00,0x00,0x00,0x00,0x00,0x00,0x00,0x00,0x15,0x2b,0x42,0x59,0x6f,0x86,0x9d,0x92,0x7c,0x65,0x4e,0x37,0x21,0x0a,0x00,0x00,0x00,0x00,0x00,0x00,
    0x00,0x12,0x2c,0x45,0x5f,0x78,0x92,0x99,0x80,0x66,0x4d,0x4a,0x4a,0x5f,0x78,0x92,0x98,0x7f,0x65,0x4c,0x33,0x19,0x00,0x00,0x00,0x00,0x14,0x2e,0x47,0x61,0x7a,0x94,0x97,0x7d,0x64,0x4a,0x4a,0x4a,0x5d,0x77,0x90,0x9b,0x81,0x68,0x4e,0x35,0x1b,0x02,0x00,0x00,
    0x00,0x14,0x29,0x3b,0x47,0x4a,0x5c,0x76,0x8f,0x9c,0x82,0x69,0x4f,0x4a,0x4a,0x4a,0x47,0x3a,0x27,0x12,0x00,0x00,0x00,0x00,0x00,0x12,0x2c,0x45,0x5f,0x78,0x92,0x99,0x80,0x66,0x4d,0x4a,0x4a,0x5f,0x78,0x92,0x98,0x7f,0x65,0x4c,0x33,0x19,0x00,0x00,0x00,0x00,
    0x0b,0x21,0x34,0x44,0x4a,0x4a,0x4a,0x53,0x6c,0x86,0x9f,0x8c,0x72,0x59,0x3f,0x26,0x0c,0x00,0x00,0x00,0x00,0x00,0x00,0x00,0x0b,0x24,0x3e,0x57,0x71,0x8a,0xa0,0x87,0x79,0x8c,0x9f,0x8e,0x7b,0x68,0x55,0x42,0x2f,0x1b,0x08,0x00,0x00,0x00,0x00,0x00,0x00,0x00,
    0x00,0x00,0x00,0x0e,0x28,0x41,0x5b,0x74,0x8e,0x9d,0x84,0x6a,0x51,0x37,0x1e,0x04,0x00,0x00,0x00,0x00,0x00,0x00,0x00,0x00,0x00,0x00,0x13,0x28,0x3c,0x4f,0x69,0x82,0x9c,0x8f,0x75,0x74,0x74,0x73,0x6d,0x64,0x57,0x49,0x3a,0x28,0x14,0x00,0x00,0x00,0x00,0x00,
    0x12,0x2c,0x45,0x5f,0x78,0x92,0x99,0x80,0x66,0x4d,0x4a,0x4a,0x5f,0x78,0x92,0x98,0x7f,0x65,0x4c,0x33,0x19,0x00,0x00,0x00,0x00,0x14,0x2e,0x47,0x61,0x7a,0x94,0x97,0x7d,0x64,0x4a,0x4a,0x4a,0x5d,0x77,0x90,0x9b,0x81,0x68,0x4e,0x35,0x1b,0x02,0x00,0x00,0x00,
    0x00,0x00,0x00,0x00,0x10,0x29,0x43,0x5c,0x76,0x8f,0xa1,0x8f,0x8f,0x8f,0x8f,0x8f,0x93,0x9d,0x94,0x81,0x6b,0x55,0x3d,0x25,0x0d,0x00,0x00,0x00,0x07,0x20,0x3a,0x53,0x6d,0x86,0xa0,0xa0,0x9e,0x9e,0x9e,0x9e,0x9f,0x93,0x89,0x7b,0x69,0x54,0x3e,0x27,0x0f,0x00,
    0x00,0x00,0x00,0x00,0x00,0x03,0x1a,0x2f,0x44,0x57,0x67,0x75,0x7e,0x83,0x84,0x85,0x8b,0x9b,0x95,0x7f,0x68,0x50,0x37,0x1f,0x06,0x00,0x00,0x00,0x00,0x00,0x00,0x00,0x00,0x07,0x20,0x3a,0x53,0x6d,0x86,0xa0,0x8d,0x73,0x5a,0x40,0x27,0x0d,0x00,0x00,0x00,0x00,
    0x00,0x00,0x00,0x00,0x01,0x1a,0x34,0x4d,0x67,0x80,0x9a,0x93,0x79,0x60,0x46,0x2d,0x40,0x59,0x73,0x8c,0xa0,0x87,0x6d,0x54,0x3a,0x21,0x07,0x00,0x00,0x00,0x00,0x00,0x08,0x21,0x3a,0x53,0x6c,0x85,0x9e,0x8b,0x72,0x58,0x71,0x8a,0x9c,0x83,0x6b,0x52,0x39,0x20,
    0x07,0x00,0x00,0x00,0x00,0x00,0x00,0x08,0x21,0x3a,0x54,0x6d,0x87,0x9b,0x81,0x68,0x73,0x8c,0xa4,0x92,0x79,0x60,0x7a,0x93,0x8b,0x71,0x58,0x3e,0x25,0x0b,0x00,0x00,0x00,0x00,0x00,0x00,0x00,0x00,0x08,0x1f,0x36,0x4d,0x64,0x7b,0x92,0xa9,0x9b,0x83,0x6c,0x55,
    0x3e,0x27,0x10,0x00,0x00,0x00,0x00,0x00,0x00,0x00,0x00,0x00,0x00,0x00,0x00,0x00,0x16,0x2d,0x44,0x5b,0x72,0x89,0xa2,0x8d,0x76,0x5f,0x48,0x31,0x1a,0x03,0x00,0x00,0x00,0x00,0x00,0x00,0x00,0x00,0x00,0x00,0x00,0x09,0x20,0x37,0x4e,0x64,0x7b,0x92,0x9e,0x87,
    0x70,0x59,0x43,0x2c,0x15,0x00,0x00,0x00,0x00,0x00,0x00,0x00,0x00,0x12,0x2c,0x45,0x5f,0x78,0x92,0x99,0x80,0x66,0x4d,0x33,0x45,0x5f,0x78,0x92,0x99,0x7f,0x66,0x4c,0x33,0x19,0x00,0x00,0x00,0x00,0x15,0x2e,0x48,0x61,0x7b,0x94,0x97,0x7d,0x64,0x4a,0x31,0x44,
    0x5d,0x77,0x90,0x9b,0x81,0x68,0x4e,0x35,0x1b,0x02,0x00,0x00,0x00,0x05,0x17,0x26,0x2f,0x43,0x5c,0x76,0x8f,0x9c,0x82,0x69,0x4f,0x36,0x30,0x30,0x2e,0x25,0x16,0x04,0x00,0x00,0x00,0x00,0x00,0x12,0x2c,0x45,0x5f,0x78,0x92,0x99,0x80,0x66,0x4d,0x33,0x45,0x5f,
    0x78,0x92,0x99,0x7f,0x66,0x4c,0x33,0x19,0x00,0x00,0x00,0x00,0x00,0x10,0x21,0x2c,0x30,0x30,0x39,0x53,0x6c,0x86,0x9f,0x8c,0x72,0x59,0x3f,0x26,0x0c,0x00,0x00,0x00,0x00,0x00,0x00,0x00,0x0b,0x24,0x3e,0x57,0x71,0x8a,0xa0,0x87,0x8a,0x9d,0x90,0x7d,0x6a,0x57,
    0x44,0x31,0x1e,0x0b,0x00,0x00,0x00,0x00,0x00,0x00,0x00,0x00,0x00,0x00,0x00,0x0e,0x28,0x41,0x5b,0x74,0x8e,0x9d,0x84,0x6a,0x51,0x37,0x1e,0x04,0x00,0x00,0x00,0x00,0x00,0x00,0x00,0x00,0x00,0x00,0x04,0x1c,0x36,0x4f,0x69,0x82,0x9c,0x8f,0x82,0x82,0x82,0x81,
    0x7e,0x77,0x6c,0x5e,0x4c,0x38,0x23,0x0d,0x00,0x00,0x00,0x00,0x12,0x2c,0x45,0x5f,0x78,0x92,0x99,0x80,0x66,0x63,0x63,0x64,0x6a,0x7e,0x95,0x95,0x7c,0x63,0x49,0x30,0x17,0x00,0x00,0x00,0x00,0x12,0x2c,0x45,0x5e,0x77,0x90,0x9a,0x82,0x6d,0x64,0x63,0x63,0x67,
    0x7b,0x93,0x9b,0x81,0x68,0x4e,0x35,0x1b,0x02,0x00,0x00,0x00,0x00,0x00,0x00,0x00,0x10,0x29,0x43,0x5c,0x76,0x8f,0xa3,0x94,0x94,0x94,0x94,0x93,0x91,0x8a,0x7f,0x70,0x5d,0x48,0x32,0x1c,0x04,0x00,0x00,0x00,0x07,0x20,0x3a,0x53,0x6d,0x86,0xa0,0x8e,0x85,0x85,
    0x85,0x8a,0xa1,0x8c,0x75,0x66,0x57,0x45,0x30,0x1b,0x05,0x00,0x00,0x00,0x00,0x00,0x00,0x00,0x0c,0x20,0x33,0x44,0x52,0x5e,0x66,0x6a,0x6b,0x6b,0x77,0x8d,0xa0,0x88,0x6f,0x56,0x3d,0x24,0x0b,0x00,0x00,0x00,0x00,0x00,0x00,0x00,0x00,0x07,0x20,0x3a,0x53,0x6d,
    0x86,0xa0,0x8d,0x73,0x5a,0x40,0x27,0x0d,0x00,0x00,0x00,0x00,0x00,0x00,0x00,0x00,0x01,0x1a,0x34,0x4d,0x67,0x80,0x9a,0x93,0x79,0x60,0x46,0x2d,0x40,0x59,0x73,0x8c,0xa0,0x87,0x6d,0x54,0x3a,0x21,0x07,0x00,0x00,0x00,0x00,0x00,0x03,0x1c,0x35,0x4e,0x67,0x7f,
    0x98,0x8f,0x76,0x5e,0x77,0x90,0x97,0x7e,0x65,0x4c,0x33,0x1a,0x01,0x00,0x00,0x00,0x00,0x00,0x00,0x06,0x20,0x39,0x53,0x6c,0x86,0x9c,0x83,0x69,0x79,0x92,0x8a,0x98,0x7f,0x67,0x7b,0x95,0x8a,0x70,0x57,0x3d,0x24,0x0a,0x00,0x00,0x00,0x00,0x00,0x00,0x00,0x00,
    0x14,0x2b,0x41,0x58,0x6f,0x86,0x9d,0x9b,0xa2,0x8e,0x77,0x60,0x49,0x32,0x1b,0x04,0x00,0x00,0x00,0x00,0x00,0x00,0x00,0x00,0x00,0x00,0x00,0x00,0x0b,0x23,0x3c,0x56,0x6f,0x89,0xa2,0x8d,0x73,0x5a,0x40,0x27,0x0f,0x00,0x00,0x00,0x00,0x00,0x00,0x00,0x00,0x00,
    0x00,0x00,0x00,0x15,0x2c,0x42,0x59,0x70,0x87,0x9d,0x92,0x7b,0x65,0x4e,0x37,0x20,0x0a,0x00,0x00,0x00,0x00,0x00,0x00,0x00,0x00,0x12,0x2c,0x45,0x5f,0x78,0x92,0x99,0x80,0x66,0x4d,0x33,0x45,0x5f,0x78,0x92,0x99,0x7f,0x66,0x4c,0x33,0x19,0x00,0x00,0x00,0x00,
    0x15,0x2e,0x48,0x61,0x7b,0x94,0x97,0x7d,0x64,0x4a,0x31,0x44,0x5d,0x77,0x90,0x9b,0x81,0x68,0x4e,0x35,0x1b,0x02,0x00,0x00,0x00,0x00,0x03,0x10,0x29,0x43,0x5c,0x76,0x8f,0x9c,0x82,0x69,0x4f,0x36,0x1c,0x17,0x15,0x0e,0x02,0x00,0x00,0x00,0x00,0x00,0x00,0x12,
    0x2c,0x45,0x5f,0x78,0x92,0x99,0x80,0x66,0x4d,0x33,0x45,0x5f,0x78,0x92,0x99,0x7f,0x66,0x4c,0x33,0x19,0x00,0x00,0x00,0x00,0x00,0x00,0x0a,0x14,0x17,0x20,0x39,0x53,0x6c,0x86,0x9f,0x8c,0x72,0x59,0x3f,0x26,0x0c,0x00,0x00,0x00,0x00,0x00,0x00,0x00,0x0b,0x24,
    0x3e,0x57,0x71,0x8a,0xa4,0x95,0x9b,0x9e,0x86,0x70,0x5b,0x46,0x33,0x20,0x0d,0x00,0x00,0x00,0x00,0x00,0x00,0x00,0x00,0x00,0x00,0x00,0x00,0x0e,0x28,0x41,0x5b,0x74,0x8e,0x9d,0x84,0x6a,0x51,0x37,0x1e,0x04,0x00,0x00,0x00,0x00,0x00,0x00,0x00,0x00,0x00,0x00,
    0x03,0x1c,0x36,0x4f,0x69,0x82,0x9c,0x9f,0x9b,0x9b,0x9b,0x9a,0x97,0x8f,0x82,0x70,0x5c,0x46,0x2e,0x17,0x00,0x00,0x00,0x00,0x12,0x2c,0x45,0x5f,0x78,0x92,0x99,0x80,0x7d,0x7d,0x7d,0x7d,0x81,0x8e,0xa1,0x8c,0x75,0x5d,0x44,0x2c,0x13,0x00,0x00,0x00,0x00,0x0e,
    0x27,0x40,0x59,0x71,0x88,0x9f,0x91,0x83,0x7d,0x7d,0x7d,0x7f,0x8b,0x9e,0x9b,0x81,0x68,0x4e,0x35,0x1b,0x02,0x00,0x00,0x00,0x00,0x00,0x00,0x00,0x10,0x29,0x43,0x5c,0x76,0x8f,0x9d,0x84,0x7a,0x7a,0x7a,0x7a,0x78,0x72,0x69,0x5c,0x4c,0x39,0x25,0x10,0x00,0x00,
    0x00,0x00,0x07,0x20,0x3a,0x53,0x6d,0x86,0xa0,0x8d,0x73,0x6c,0x6c,0x7f,0x97,0x96,0x7f,0x68,0x51,0x39,0x22,0x0d,0x00,0x00,0x00,0x00,0x00,0x00,0x00,0x00,0x00,0x0f,0x20,0x2f,0x3c,0x46,0x4d,0x51,0x51,0x54,0x6d,0x86,0x9f,0x8c,0x73,0x59,0x40,0x27,0x0d,0x00,
    0x00,0x00,0x00,0x00,0x00,0x00,0x00,0x07,0x20,0x3a,0x53,0x6d,0x86,0xa0,0x8d,0x73,0x5a,0x40,0x27,0x0d,0x00,0x00,0x00,0x00,0x00,0x00,0x00,0x00,0x01,0x1a,0x34,0x4d,0x67,0x80,0x9a,0x93,0x79,0x60,0x46,0x2d,0x40,0x59,0x73,0x8c,0xa0,0x87,0x6d,0x54,0x3a,0x21,
    0x07,0x00,0x00,0x00,0x00,0x00,0x00,0x16,0x2f,0x48,0x61,0x7a,0x93,0x94,0x7b,0x63,0x7c,0x95,0x91,0x78,0x5f,0x47,0x2e,0x15,0x00,0x00,0x00,0x00,0x00,0x00,0x00,0x05,0x1f,0x38,0x51,0x6b,0x84,0x9d,0x84,0x6a,0x80,0x97,0x7e,0x94,0x86,0x6d,0x7c,0x96,0x88,0x6f,
    0x55,0x3c,0x22,0x09,0x00,0x00,0x00,0x00,0x00,0x00,0x00,0x08,0x1f,0x36,0x4d,0x64,0x7a,0x91,0x9b,0x84,0x94,0x99,0x82,0x6b,0x54,0x3d,0x26,0x0f,0x00,0x00,0x00,0x00,0x00,0x00,0x00,0x00,0x00,0x00,0x00,0x00,0x09,0x23,0x3c,0x56,0x6f,0x89,0xa2,0x8d,0x73,0x5a,
    0x40,0x27,0x0d,0x00,0x00,0x00,0x00,0x00,0x00,0x00,0x00,0x00,0x00,0x00,0x0a,0x21,0x37,0x4e,0x65,0x7b,0x92,0x9d,0x86,0x70,0x59,0x42,0x2c,0x15,0x00,0x00,0x00,0x00,0x00,0x00,0x00,0x00,0x00,0x12,0x2c,0x45,0x5f,0x78,0x92,0x99,0x80,0x66,0x4d,0x33,0x45,0x5f,
    0x78,0x92,0x99,0x7f,0x66,0x4c,0x33,0x19,0x00,0x00,0x00,0x00,0x15,0x2e,0x48,0x61,0x7b,0x94,0x97,0x7d,0x64,0x4a,0x31,0x44,0x5d,0x77,0x90,0x9b,0x81,0x68,0x4e,0x35,0x1b,0x02,0x00,0x00,0x00,0x00,0x00,0x10,0x29,0x43,0x5c,0x76,0x8f,0x9c,0x82,0x69,0x4f,0x36,
    0x1c,0x03,0x00,0x00,0x00,0x00,0x00,0x00,0x00,0x00,0x00,0x12,0x2c,0x45,0x5f,0x78,0x92,0x99,0x80,0x66,0x4d,0x33,0x45,0x5f,0x78,0x92,0x99,0x7f,0x66,0x4c,0x33,0x19,0x00,0x00,0x00,0x00,0x00,0x00,0x00,0x00,0x06,0x20,0x39,0x53,0x6c,0x86,0x9f,0x8c,0x72,0x59,
    0x3f,0x26,0x0c,0x00,0x00,0x00,0x00,0x00,0x00,0x00,0x0b,0x24,0x3e,0x57,0x71,0x8a,0xa4,0xa1,0x91,0x9c,0x93,0x7e,0x68,0x52,0x3d,0x27,0x11,0x00,0x00,0x00,0x00,0x00,0x00,0x00,0x00,0x00,0x00,0x00,0x00,0x0e,0x28,0x41,0x5b,0x74,0x8e,0x9d,0x84,0x6a,0x51,0x37,
    0x1e,0x04,0x00,0x00,0x00,0x00,0x00,0x00,0x00,0x00,0x00,0x00,0x03,0x1c,0x36,0x4f,0x69,0x82,0x88,0x88,0x88,0x88,0x88,0x88,0x8f,0x9c,0x94,0x7f,0x67,0x4f,0x37,0x1e,0x05,0x00,0x00,0x00,0x12,0x2c,0x45,0x5f,0x78,0x92,0xa2,0x96,0x96,0x96,0x96,0x96,0x9a,0x9c,
    0x90,0x7e,0x69,0x53,0x3c,0x24,0x0c,0x00,0x00,0x00,0x00,0x08,0x20,0x38,0x4f,0x66,0x7b,0x8e,0x9b,0x9b,0x97,0x96,0x96,0x98,0x97,0x9b,0x9b,0x81,0x68,0x4e,0x35,0x1b,0x02,0x00,0x00,0x00,0x00,0x00,0x00,0x00,0x10,0x29,0x43,0x5c,0x76,0x8f,0x9d,0x84,0x6a,0x61,
    0x61,0x61,0x5e,0x59,0x51,0x46,0x38,0x28,0x15,0x01,0x00,0x00,0x00,0x00,0x07,0x20,0x3a,0x53,0x6d,0x86,0xa0,0x8d,0x73,0x5a,0x5e,0x75,0x8c,0xa1,0x8a,0x72,0x5b,0x44,0x2d,0x15,0x00,0x00,0x00,0x00,0x00,0x00,0x00,0x00,0x00,0x00,0x0c,0x19,0x25,0x2e,0x34,0x37,
    0x39,0x53,0x6c,0x86,0x9f,0x8d,0x74,0x5a,0x41,0x27,0x0e,0x00,0x00,0x00,0x00,0x00,0x00,0x00,0x00,0x07,0x20,0x3a,0x53,0x6d,0x86,0xa0,0x8d,0x73,0x5a,0x40,0x27,0x0d,0x00,0x00,0x00,0x00,0x00,0x00,0x00,0x00,0x01,0x1a,0x34,0x4d,0x67,0x80,0x9a,0x93,0x79,0x60,
    0x46,0x2d,0x40,0x59,0x73,0x8c,0xa0,0x87,0x6d,0x54,0x3a,0x21,0x07,0x00,0x00,0x00,0x00,0x00,0x00,0x11,0x2a,0x43,0x5c,0x75,0x8e,0x99,0x80,0x68,0x81,0x9a,0x8c,0x73,0x5a,0x41,0x28,0x0f,0x00,0x00,0x00,0x00,0x00,0x00,0x00,0x04,0x1d,0x37,0x50,0x6a,0x83,0x9d,
    0x85,0x6d,0x86,0x92,0x79,0x8f,0x8c,0x73,0x7e,0x97,0x87,0x6e,0x54,0x3b,0x21,0x08,0x00,0x00,0x00,0x00,0x00,0x00,0x00,0x13,0x2a,0x41,0x58,0x6f,0x86,0x9d,0x90,0x79,0x89,0xa0,0x8d,0x76,0x5f,0x48,0x31,0x1a,0x03,0x00,0x00,0x00,0x00,0x00,0x00,0x00,0x00,0x00,
    0x00,0x00,0x09,0x23,0x3c,0x56,0x6f,0x89,0xa2,0x8d,0x73,0x5a,0x40,0x27,0x0d,0x00,0x00,0x00,0x00,0x00,0x00,0x00,0x00,0x00,0x00,0x00,0x15,0x2c,0x43,0x5a,0x70,0x87,0x9e,0x92,0x7b,0x64,0x4d,0x37,0x20,0x09,0x00,0x00,0x00,0x00,0x00,0x00,0x00,0x00,0x00,0x12,
    0x2c,0x45,0x5f,0x78,0x92,0x99,0x80,0x66,0x4d,0x33,0x45,0x5f,0x78,0x92,0x99,0x7f,0x66,0x4c,0x33,0x19,0x00,0x00,0x00,0x00,0x15,0x2e,0x48,0x61,0x7b,0x94,0x97,0x7d,0x64,0x4a,0x31,0x44,0x5d,0x77,0x90,0x9b,0x81,0x68,0x4e,0x35,0x1b,0x02,0x00,0x00,0x00,0x00,
    0x00,0x10,0x29,0x43,0x5c,0x76,0x8f,0x9c,0x82,0x69,0x4f,0x36,0x1c,0x03,0x00,0x00,0x00,0x00,0x00,0x00,0x00,0x00,0x00,0x12,0x2c,0x45,0x5f,0x78,0x92,0x99,0x80,0x66,0x4d,0x33,0x45,0x5f,0x78,0x92,0x99,0x7f,0x66,0x4c,0x33,0x19,0x00,0x00,0x00,0x00,0x00,0x00,
    0x00,0x00,0x06,0x20,0x39,0x53,0x6c,0x86,0x9f,0x8c,0x72,0x59,0x3f,0x26,0x0c,0x00,0x00,0x00,0x00,0x00,0x00,0x00,0x0b,0x24,0x3e,0x57,0x71,0x8a,0xa4,0x90,0x7d,0x8f,0xa1,0x8b,0x75,0x60,0x4a,0x34,0x1f,0x09,0x00,0x00,0x00,0x00,0x00,0x00,0x00,0x00,0x00,0x00,
    0x00,0x0e,0x28,0x41,0x5b,0x74,0x8e,0x9d,0x84,0x6a,0x51,0x37,0x1e,0x04,0x00,0x00,0x00,0x00,0x00,0x00,0x00,0x00,0x00,0x00,0x02,0x1b,0x34,0x4c,0x63,0x6e,0x6e,0x6e,0x6e,0x6e,0x6e,0x6f,0x78,0x8c,0xa0,0x87,0x6e,0x55,0x3c,0x23,0x0a,0x00,0x00,0x00,0x12,0x2c,
    0x45,0x5f,0x78,0x92,0x9c,0x8c,0x8c,0x8c,0x8c,0x8c,0x8a,0x84,0x7a,0x6c,0x5a,0x46,0x31,0x1a,0x03,0x00,0x00,0x00,0x00,0x00,0x16,0x2d,0x43,0x58,0x6a,0x79,0x83,0x89,0x8c,0x8c,0x8c,0x89,0x81,0x90,0x9b,0x81,0x68,0x4e,0x35,0x1b,0x02,0x00,0x00,0x00,0x00,0x00,
    0x00,0x00,0x10,0x29,0x43,0x5c,0x76,0x8f,0x9d,0x84,0x6a,0x51,0x47,0x47,0x45,0x41,0x3a,0x30,0x23,0x15,0x04,0x00,0x00,0x00,0x00,0x00,0x07,0x20,0x3a,0x53,0x6d,0x86,0xa0,0x8d,0x73,0x5a,0x53,0x6b,0x82,0x99,0x94,0x7d,0x66,0x4e,0x37,0x20,0x09,0x00,0x00,0x00,
    0x00,0x00,0x00,0x00,0x00,0x09,0x13,0x18,0x18,0x18,0x1b,0x20,0x39,0x53,0x6c,0x86,0x9f,0x8d,0x74,0x5a,0x41,0x27,0x0e,0x00,0x00,0x00,0x00,0x00,0x00,0x00,0x00,0x07,0x20,0x3a,0x53,0x6d,0x86,0xa0,0x8d,0x73,0x5a,0x40,0x27,0x0d,0x00,0x00,0x00,0x00,0x00,0x00,
    0x00,0x00,0x01,0x1a,0x34,0x4d,0x67,0x80,0x9a,0x93,0x79,0x60,0x46,0x2d,0x40,0x59,0x73,0x8c,0xa0,0x87,0x6d,0x54,0x3a,0x21,0x07,0x00,0x00,0x00,0x00,0x00,0x00,0x0c,0x25,0x3e,0x57,0x70,0x89,0x9e,0x85,0x6d,0x86,0x9f,0x86,0x6d,0x54,0x3b,0x22,0x0a,0x00,0x00,
    0x00,0x00,0x00,0x00,0x00,0x03,0x1c,0x36,0x4f,0x68,0x82,0x9b,0x86,0x73,0x8c,0x8c,0x73,0x8a,0x92,0x7a,0x7f,0x98,0x86,0x6c,0x53,0x39,0x20,0x06,0x00,0x00,0x00,0x00,0x00,0x00,0x07,0x1e,0x35,0x4c,0x63,0x7a,0x91,0x9c,0x85,0x6e,0x7e,0x96,0x98,0x81,0x6a,0x53,
    0x3c,0x25,0x0e,0x00,0x00,0x00,0x00,0x00,0x00,0x00,0x00,0x00,0x00,0x00,0x09,0x23,0x3c,0x56,0x6f,0x89,0xa2,0x8d,0x73,0x5a,0x40,0x27,0x0d,0x00,0x00,0x00,0x00,0x00,0x00,0x00,0x00,0x00,0x00,0x0a,0x21,0x38,0x4e,0x65,0x7c,0x93,0x9d,0x86,0x6f,0x59,0x42,0x2b,
    0x16,0x16,0x16,0x10,0x06,0x00,0x00,0x00,0x00,0x00,0x00,0x12,0x2c,0x45,0x5f,0x78,0x92,0x99,0x80,0x66,0x4d,0x33,0x45,0x5f,0x78,0x92,0x99,0x7f,0x66,0x4c,0x33,0x19,0x00,0x00,0x00,0x00,0x15,0x2e,0x48,0x61,0x7b,0x94,0x97,0x7d,0x64,0x4a,0x31,0x44,0x5d,0x77,
    0x90,0x9b,0x81,0x68,0x4e,0x35,0x1b,0x02,0x00,0x00,0x00,0x00,0x03,0x10,0x29,0x43,0x5c,0x76,0x8f,0x9c,0x82,0x69,0x4f,0x36,0x1c,0x14,0x0b,0x00,0x00,0x00,0x00,0x00,0x00,0x00,0x00,0x12,0x2c,0x45,0x5f,0x78,0x92,0x99,0x80,0x66,0x4d,0x33,0x45,0x5f,0x78,0x92,
    0x99,0x7f,0x66,0x4c,0x33,0x19,0x00,0x00,0x00,0x00,0x00,0x00,0x00,0x00,0x06,0x20,0x39,0x53,0x6c,0x86,0x9f,0x8c,0x72,0x59,0x3f,0x26,0x17,0x15,0x0e,0x01,0x00,0x00,0x00,0x00,0x0b,0x24,0x3e,0x57,0x71,0x8a,0xa0,0x87,0x6d,0x81,0x97,0x99,0x83,0x6d,0x58,0x42,
    0x2c,0x17,0x01,0x00,0x00,0x00,0x00,0x00,0x00,0x00,0x00,0x00,0x00,0x0e,0x28,0x41,0x5b,0x74,0x8e,0x9d,0x84,0x6a,0x51,0x37,0x1e,0x17,0x16,0x11,0x06,0x00,0x00,0x00,0x00,0x00,0x00,0x00,0x12,0x26,0x35,0x3f,0x4f,0x55,0x55,0x55,0x55,0x55,0x55,0x56,0x6d,0x87,
    0xa0,0x8b,0x71,0x58,0x3e,0x25,0x0b,0x00,0x00,0x00,0x12,0x2c,0x45,0x5f,0x78,0x92,0x99,0x80,0x73,0x73,0x73,0x73,0x70,0x6c,0x63,0x57,0x48,0x36,0x23,0x0e,0x00,0x00,0x00,0x00,0x00,0x00,0x0a,0x20,0x34,0x46,0x56,0x62,0x6b,0x70,0x72,0x73,0x73,0x70,0x77,0x90,
    0x9b,0x81,0x68,0x4e,0x35,0x1b,0x02,0x00,0x00,0x00,0x00,0x00,0x00,0x00,0x10,0x29,0x43,0x5c,0x76,0x8f,0x9d,0x84,0x6a,0x51,0x37,0x2e,0x2c,0x28,0x21,0x19,0x0d,0x00,0x00,0x00,0x00,0x00,0x00,0x00,0x07,0x20,0x3a,0x53,0x6d,0x86,0xa0,0x8d,0x73,0x5a,0x49,0x60,
    0x78,0x8f,0x9f,0x87,0x70,0x59,0x42,0x2a,0x13,0x00,0x00,0x00,0x00,0x00,0x00,0x00,0x0e,0x1f,0x2b,0x31,0x31,0x31,0x31,0x31,0x39,0x53,0x6c,0x86,0x9f,0x8d,0x74,0x5a,0x41,0x27,0x0e,0x00,0x00,0x00,0x00,0x00,0x00,0x00,0x00,0x07,0x20,0x3a,0x53,0x6d,0x86,0xa0,
    0x8d,0x73,0x5a,0x40,0x27,0x0d,0x00,0x00,0x00,0x00,0x00,0x00,0x00,0x00,0x01,0x1a,0x34,0x4d,0x67,0x80,0x9a,0x93,0x79,0x60,0x46,0x31,0x40,0x59,0x73,0x8c,0xa0,0x87,0x6d,0x54,0x3a,0x21,0x07,0x00,0x00,0x00,0x00,0x00,0x00,0x07,0x20,0x39,0x52,0x6b,0x83,0x9c,
    0x8a,0x73,0x8c,0x99,0x80,0x68,0x4f,0x36,0x1d,0x04,0x00,0x00,0x00,0x00,0x00,0x00,0x00,0x01,0x1b,0x34,0x4e,0x67,0x81,0x9a,0x87,0x7a,0x92,0x86,0x6e,0x85,0x99,0x80,0x80,0x9a,0x85,0x6b,0x52,0x38,0x1f,0x05,0x00,0x00,0x00,0x00,0x00,0x00,0x12,0x29,0x40,0x57,
    0x6e,0x85,0x9c,0x91,0x7a,0x63,0x74,0x8b,0xa2,0x8c,0x75,0x5e,0x47,0x30,0x19,0x02,0x00,0x00,0x00,0x00,0x00,0x00,0x00,0x00,0x00,0x00,0x09,0x23,0x3c,0x56,0x6f,0x89,0xa2,0x8d,0x73,0x5a,0x40,0x27,0x0d,0x00,0x00,0x00,0x00,0x00,0x00,0x00,0x00,0x00,0x00,0x16,
    0x2d,0x43,0x5a,0x71,0x87,0x9e,0x91,0x7b,0x64,0x4d,0x36,0x30,0x30,0x30,0x2f,0x28,0x1b,0x0a,0x00,0x00,0x00,0x00,0x00,0x12,0x2c,0x45,0x5f,0x78,0x92,0x99,0x80,0x66,0x4d,0x33,0x45,0x5f,0x78,0x92,0x99,0x7f,0x66,0x4c,0x33,0x19,0x00,0x00,0x00,0x00,0x15,0x2e,
    0x48,0x61,0x7b,0x94,0x97,0x7d,0x64,0x4a,0x31,0x44,0x5d,0x77,0x90,0x9b,0x81,0x68,0x4e,0x35,0x1b,0x02,0x00,0x00,0x00,0x05,0x17,0x26,0x2f,0x43,0x5c,0x76,0x8f,0x9c,0x82,0x69,0x4f,0x36,0x30,0x2c,0x21,0x11,0x00,0x00,0x00,0x00,0x00,0x00,0x00,0x12,0x2c,0x45,
    0x5f,0x78,0x92,0x99,0x80,0x66,0x4d,0x33,0x45,0x5f,0x78,0x92,0x99,0x7f,0x66,0x4c,0x33,0x19,0x00,0x00,0x00,0x00,0x00,0x00,0x00,0x00,0x06,0x20,0x39,0x53,0x6c,0x86,0x9f,0x8c,0x72,0x59,0x3f,0x30,0x30,0x2e,0x24,0x15,0x03,0x00,0x00,0x00,0x0b,0x24,0x3e,0x57,
    0x71,0x8a,0xa0,0x87,0x6d,0x74,0x8a,0xa0,0x90,0x7b,0x65,0x4f,0x3a,0x24,0x0e,0x00,0x00,0x00,0x00,0x00,0x00,0x00,0x00,0x00,0x00,0x0e,0x28,0x41,0x5b,0x74,0x8e,0x9d,0x84,0x6a,0x51,0x37,0x30,0x30,0x30,0x28,0x1b,0x09,0x00,0x00,0x00,0x00,0x00,0x08,0x1f,0x36,
    0x4a,0x57,0x58,0x58,0x58,0x58,0x58,0x58,0x58,0x5a,0x6d,0x87,0xa0,0x8b,0x71,0x58,0x3e,0x25,0x0b,0x00,0x00,0x00,0x12,0x2c,0x45,0x5f,0x78,0x92,0x99,0x80,0x66,0x59,0x59,0x59,0x57,0x53,0x4c,0x41,0x34,0x24,0x12,0x00,0x00,0x00,0x00,0x00,0x00,0x00,0x00,0x10,
    0x22,0x32,0x40,0x4a,0x52,0x57,0x59,0x59,0x59,0x5d,0x77,0x90,0x9b,0x81,0x68,0x4e,0x35,0x1b,0x02,0x00,0x00,0x00,0x00,0x00,0x00,0x00,0x10,0x29,0x43,0x5c,0x76,0x8f,0x9d,0x84,0x6a,0x51,0x37,0x1e,0x12,0x0f,0x09,0x01,0x00,0x00,0x00,0x00,0x00,0x00,0x00,0x00,
    0x07,0x20,0x3a,0x53,0x6d,0x86,0xa0,0x8d,0x73,0x5a,0x40,0x56,0x6d,0x84,0x9c,0x92,0x7b,0x63,0x4c,0x35,0x1e,0x06,0x00,0x00,0x00,0x00,0x00,0x07,0x1d,0x32,0x42,0x4a,0x4b,0x4b,0x4b,0x4b,0x4b,0x55,0x6d,0x86,0x9f,0x8c,0x73,0x59,0x40,0x27,0x0d,0x00,0x00,0x00,
    0x00,0x00,0x00,0x00,0x00,0x07,0x20,0x3a,0x53,0x6d,0x86,0xa0,0x8d,0x73,0x5a,0x40,0x27,0x0d,0x00,0x00,0x00,0x00,0x00,0x00,0x00,0x00,0x00,0x1a,0x33,0x4c,0x66,0x7f,0x99,0x93,0x7a,0x61,0x4c,0x4b,0x4b,0x5b,0x73,0x8d,0x9f,0x85,0x6c,0x53,0x39,0x20,0x06,0x00,
    0x00,0x00,0x00,0x00,0x00,0x01,0x1a,0x33,0x4c,0x65,0x7e,0x97,0x8f,0x78,0x91,0x94,0x7b,0x62,0x49,0x30,0x17,0x00,0x00,0x00,0x00,0x00,0x00,0x00,0x00,0x00,0x1a,0x33,0x4d,0x66,0x7f,0x99,0x89,0x80,0x99,0x81,0x68,0x80,0x99,0x86,0x81,0x9b,0x83,0x6a,0x50,0x37,
    0x1d,0x04,0x00,0x00,0x00,0x00,0x00,0x06,0x1d,0x34,0x4b,0x62,0x79,0x90,0x9d,0x86,0x6f,0x58,0x69,0x80,0x98,0x97,0x80,0x69,0x52,0x3b,0x24,0x0d,0x00,0x00,0x00,0x00,0x00,0x00,0x00,0x00,0x00,0x00,0x09,0x23,0x3c,0x56,0x6f,0x89,0xa2,0x8d,0x73,0x5a,0x40,0x27,
    0x0d,0x00,0x00,0x00,0x00,0x00,0x00,0x00,0x00,0x00,0x0a,0x21,0x38,0x4f,0x66,0x7c,0x93,0x9d,0x86,0x6f,0x58,0x49,0x49,0x49,0x49,0x49,0x48,0x3f,0x2e,0x19,0x03,0x00,0x00,0x00,0x00,0x12,0x2c,0x45,0x5f,0x78,0x92,0x99,0x80,0x66,0x4d,0x4a,0x4a,0x5f,0x78,0x92,
    0x98,0x7f,0x65,0x4c,0x33,0x19,0x00,0x00,0x00,0x00,0x14,0x2e,0x47,0x61,0x7a,0x94,0x97,0x7d,0x64,0x4a,0x4a,0x4a,0x5d,0x77,0x90,0x9b,0x81,0x68,0x4e,0x35,0x1b,0x02,0x00,0x00,0x00,0x14,0x29,0x3b,0x47,0x4a,0x5c,0x76,0x8f,0x9c,0x82,0x69,0x4f,0x4a,0x4a,0x44,
    0x35,0x22,0x0c,0x00,0x00,0x00,0x00,0x00,0x00,0x12,0x2c,0x45,0x5f,0x78,0x92,0x99,0x80,0x66,0x4d,0x33,0x45,0x5f,0x78,0x92,0x99,0x7f,0x66,0x4c,0x33,0x19,0x00,0x00,0x00,0x00,0x00,0x00,0x00,0x00,0x06,0x20,0x39,0x53,0x6c,0x86,0x9f,0x8c,0x72,0x59,0x4a,0x4a,
    0x4a,0x46,0x39,0x27,0x11,0x00,0x00,0x00,0x0b,0x24,0x3e,0x57,0x71,0x8a,0xa0,0x87,0x6d,0x67,0x7d,0x93,0x9e,0x88,0x72,0x5d,0x47,0x31,0x1c,0x06,0x00,0x00,0x00,0x00,0x00,0x00,0x00,0x00,0x00,0x0e,0x28,0x41,0x5b,0x74,0x8e,0x9d,0x84,0x6a,0x51,0x4a,0x4a,0x4a,
    0x49,0x3e,0x2d,0x18,0x02,0x00,0x00,0x00,0x00,0x0d,0x27,0x40,0x58,0x6e,0x72,0x72,0x72,0x72,0x72,0x72,0x72,0x73,0x7b,0x8e,0x9f,0x87,0x6e,0x55,0x3c,0x22,0x09,0x00,0x00,0x00,0x12,0x2c,0x45,0x5f,0x78,0x92,0x99,0x80,0x66,0x4d,0x40,0x40,0x3e,0x3a,0x33,0x2a,
    0x1e,0x10,0x00,0x00,0x00,0x00,0x00,0x00,0x00,0x00,0x00,0x00,0x0e,0x1d,0x29,0x32,0x39,0x3d,0x3f,0x40,0x44,0x5d,0x77,0x90,0x9b,0x81,0x68,0x4e,0x35,0x1b,0x02,0x00,0x00,0x00,0x00,0x00,0x00,0x00,0x10,0x29,0x43,0x5c,0x76,0x8f,0x9d,0x84,0x6a,0x51,0x37,0x1e,
    0x04,0x00,0x00,0x00,0x00,0x00,0x00,0x00,0x00,0x00,0x00,0x00,0x07,0x20,0x3a,0x53,0x6d,0x86,0xa0,0x8d,0x73,0x5a,0x40,0x4c,0x63,0x7a,0x91,0x9c,0x85,0x6e,0x57,0x3f,0x28,0x11,0x00,0x00,0x00,0x00,0x00,0x10,0x28,0x40,0x56,0x64,0x64,0x64,0x64,0x64,0x64,0x69,
    0x79,0x8e,0x9f,0x87,0x6f,0x56,0x3d,0x24,0x0a,0x00,0x00,0x00,0x00,0x00,0x00,0x00,0x00,0x07,0x20,0x3a,0x53,0x6d,0x86,0xa0,0x8d,0x73,0x5a,0x40,0x27,0x0d,0x00,0x00,0x00,0x00,0x00,0x00,0x00,0x00,0x00,0x17,0x30,0x49,0x62,0x7b,0x93,0x99,0x83,0x70,0x65,0x64,
    0x64,0x6c,0x7e,0x94,0x99,0x81,0x68,0x4f,0x36,0x1d,0x04,0x00,0x00,0x00,0x00,0x00,0x00,0x00,0x15,0x2e,0x47,0x60,0x79,0x92,0x94,0x7d,0x96,0x8e,0x75,0x5c,0x44,0x2b,0x12,0x00,0x00,0x00,0x00,0x00,0x00,0x00,0x00,0x00,0x18,0x32,0x4b,0x65,0x7e,0x98,0x8a,0x86,
    0x94,0x7b,0x63,0x7b,0x94,0x8d,0x83,0x9c,0x82,0x69,0x4f,0x36,0x1c,0x03,0x00,0x00,0x00,0x00,0x00,0x11,0x28,0x3f,0x56,0x6d,0x84,0x9b,0x92,0x7b,0x64,0x4d,0x5f,0x76,0x8d,0xa2,0x8b,0x74,0x5d,0x46,0x2f,0x18,0x01,0x00,0x00,0x00,0x00,0x00,0x00,0x00,0x00,0x00,
    0x09,0x23,0x3c,0x56,0x6f,0x89,0xa2,0x8d,0x73,0x5a,0x40,0x27,0x0d,0x00,0x00,0x00,0x00,0x00,0x00,0x00,0x00,0x00,0x11,0x2a,0x43,0x5a,0x71,0x88,0x9f,0x91,0x7a,0x64,0x63,0x63,0x63,0x63,0x63,0x63,0x61,0x52,0x3c,0x24,0x0c,0x00,0x00,0x00,0x00,0x12,0x2c,0x45,
    0x5f,0x78,0x92,0x99,0x80,0x66,0x63,0x63,0x64,0x6a,0x7e,0x95,0x95,0x7c,0x63,0x49,0x30,0x17,0x00,0x00,0x00,0x00,0x12,0x2c,0x45,0x5e,0x77,0x90,0x9a,0x82,0x6d,0x64,0x63,0x63,0x67,0x7b,0x93,0x9b,0x81,0x68,0x4e,0x35,0x1b,0x02,0x00,0x00,0x05,0x1e,0x36,0x4d,
    0x5f,0x63,0x63,0x76,0x8f,0x9c,0x82,0x69,0x63,0x63,0x63,0x59,0x45,0x2e,0x15,0x00,0x00,0x00,0x00,0x00,0x00,0x12,0x2c,0x45,0x5f,0x78,0x92,0x99,0x80,0x66,0x4d,0x33,0x45,0x5f,0x78,0x92,0x99,0x7f,0x66,0x4c,0x33,0x19,0x00,0x00,0x00,0x00,0x00,0x00,0x00,0x00,
    0x06,0x20,0x39,0x53,0x6c,0x86,0x9f,0x8c,0x72,0x63,0x63,0x63,0x63,0x5d,0x4a,0x33,0x1b,0x02,0x00,0x00,0x0b,0x24,0x3e,0x57,0x71,0x8a,0xa0,0x87,0x6d,0x5a,0x70,0x86,0x9b,0x96,0x80,0x6a,0x55,0x3f,0x29,0x14,0x00,0x00,0x00,0x00,0x00,0x00,0x00,0x00,0x00,0x0e,
    0x28,0x41,0x5b,0x74,0x8e,0x9d,0x84,0x6a,0x63,0x63,0x63,0x63,0x61,0x51,0x3b,0x23,0x0a,0x00,0x00,0x00,0x00,0x0e,0x28,0x41,0x5b,0x74,0x8b,0x8b,0x8b,0x8b,0x8b,0x8b,0x8b,0x8c,0x92,0x9f,0x92,0x7d,0x66,0x4e,0x36,0x1d,0x05,0x00,0x00,0x00,0x12,0x2c,0x45,0x5f,
    0x78,0x92,0x99,0x80,0x66,0x4d,0x33,0x26,0x24,0x21,0x1b,0x13,0x08,0x00,0x00,0x00,0x00,0x00,0x00,0x00,0x00,0x00,0x00,0x00,0x00,0x07,0x12,0x1a,0x20,0x24,0x26,0x2a,0x44,0x5d,0x77,0x90,0x9b,0x81,0x68,0x4e,0x35,0x1b,0x02,0x00,0x00,0x00,0x00,0x00,0x00,0x00,
    0x10,0x29,0x43,0x5c,0x76,0x8f,0x9d,0x84,0x6a,0x51,0x37,0x1e,0x04,0x00,0x00,0x00,0x00,0x00,0x00,0x00,0x00,0x00,0x00,0x00,0x07,0x20,0x3a,0x53,0x6d,0x86,0xa0,0x8d,0x73,0x5a,0x40,0x41,0x58,0x70,0x87,0x9e,0x90,0x78,0x61,0x4a,0x33,0x1c,0x04,0x00,0x00,0x00,
    0x00,0x13,0x2d,0x46,0x60,0x79,0x7e,0x7e,0x7e,0x7e,0x7e,0x81,0x8c,0x9d,0x94,0x7e,0x67,0x4f,0x37,0x1e,0x05,0x00,0x00,0x00,0x00,0x00,0x00,0x00,0x00,0x07,0x20,0x3a,0x53,0x6d,0x86,0xa0,0x8d,0x73,0x5a,0x40,0x27,0x0d,0x00,0x00,0x00,0x00,0x00,0x00,0x00,0x00,
    0x00,0x12,0x2a,0x43,0x5b,0x72,0x89,0x9e,0x94,0x85,0x7e,0x7e,0x7e,0x83,0x90,0xa2,0x8e,0x78,0x60,0x48,0x30,0x18,0x00,0x00,0x00,0x00,0x00,0x00,0x00,0x00,0x10,0x29,0x42,0x5b,0x74,0x8d,0x99,0x88,0x9c,0x89,0x70,0x57,0x3e,0x25,0x0c,0x00,0x00,0x00,0x00,0x00,
    0x00,0x00,0x00,0x00,0x17,0x31,0x4a,0x64,0x7d,0x96,0x8b,0x8c,0x8f,0x76,0x5d,0x76,0x8f,0x93,0x84,0x9a,0x81,0x67,0x4e,0x34,0x1b,0x02,0x00,0x00,0x00,0x00,0x05,0x1c,0x33,0x4a,0x61,0x78,0x8f,0x9e,0x87,0x70,0x59,0x42,0x54,0x6b,0x82,0x9a,0x96,0x7f,0x68,0x51,
    0x3a,0x22,0x0b,0x00,0x00,0x00,0x00,0x00,0x00,0x00,0x00,0x00,0x09,0x23,0x3c,0x56,0x6f,0x89,0xa2,0x8d,0x73,0x5a,0x40,0x27,0x0d,0x00,0x00,0x00,0x00,0x00,0x00,0x00,0x00,0x00,0x12,0x2c,0x45,0x5f,0x78,0x92,0x9e,0x85,0x7c,0x7c,0x7c,0x7c,0x7c,0x7c,0x7c,0x7c,
    0x75,0x5c,0x43,0x29,0x10,0x00,0x00,0x00,0x00,0x12,0x2c,0x45,0x5f,0x78,0x92,0x99,0x80,0x7d,0x7d,0x7d,0x7d,0x81,0x8e,0xa1,0x8c,0x75,0x5d,0x44,0x2c,0x13,0x00,0x00,0x00,0x00,0x0e,0x27,0x40,0x59,0x71,0x88,0x9f,0x91,0x83,0x7d,0x7d,0x7d,0x7f,0x8b,0x9e,0x9b,
    0x81,0x68,0x4e,0x35,0x1b,0x02,0x00,0x00,0x08,0x22,0x3b,0x55,0x6e,0x7d,0x7d,0x7d,0x8f,0x9c,0x82,0x7d,0x7d,0x7d,0x7d,0x65,0x4c,0x32,0x19,0x00,0x00,0x00,0x00,0x00,0x00,0x12,0x2c,0x45,0x5f,0x78,0x92,0x99,0x80,0x66,0x4d,0x33,0x45,0x5f,0x78,0x92,0x99,0x7f,
    0x66,0x4c,0x33,0x19,0x00,0x00,0x00,0x00,0x00,0x00,0x00,0x00,0x06,0x20,0x39,0x53,0x6c,0x86,0x9f,0x8c,0x7d,0x7d,0x7d,0x7d,0x7d,0x6b,0x52,0x39,0x1f,0x06,0x00,0x00,0x0b,0x24,0x3e,0x57,0x71,0x8a,0xa0,0x87,0x6d,0x54,0x63,0x78,0x8e,0xa3,0x8d,0x78,0x62,0x4c,
    0x37,0x21,0x0b,0x00,0x00,0x00,0x00,0x00,0x00,0x00,0x00,0x0e,0x27,0x40,0x5a,0x73,0x8d,0xa1,0x8a,0x7d,0x7d,0x7d,0x7d,0x7d,0x73,0x5a,0x41,0x27,0x0e,0x00,0x00,0x00,0x00,0x0e,0x28,0x41,0x5b,0x74,0x8e,0x97,0x97,0x97,0x97,0x97,0x97,0x97,0x93,0x8c,0x7f,0x6e,
    0x5a,0x44,0x2d,0x16,0x00,0x00,0x00,0x00,0x12,0x2c,0x45,0x5f,0x78,0x92,0x97,0x80,0x66,0x4d,0x33,0x1a,0x0b,0x08,0x02,0x00,0x00,0x00,0x00,0x00,0x00,0x00,0x00,0x00,0x00,0x00,0x00,0x00,0x00,0x00,0x00,0x02,0x07,0x0b,0x11,0x2a,0x44,0x5d,0x77,0x90,0x97,0x81,
    0x68,0x4e,0x35,0x1b,0x02,0x00,0x00,0x00,0x00,0x00,0x00,0x00,0x10,0x29,0x43,0x5c,0x76,0x8f,0x9d,0x84,0x6a,0x51,0x37,0x1e,0x04,0x00,0x00,0x00,0x00,0x00,0x00,0x00,0x00,0x00,0x00,0x00,0x07,0x20,0x3a,0x53,0x6d,0x86,0xa0,0x8d,0x73,0x5a,0x40,0x37,0x4e,0x65,
    0x7d,0x94,0x9a,0x83,0x6c,0x54,0x3d,0x26,0x0e,0x00,0x00,0x00,0x00,0x13,0x2d,0x46,0x60,0x79,0x93,0x97,0x97,0x97,0x97,0x9a,0x9e,0x93,0x83,0x70,0x5b,0x45,0x2e,0x16,0x00,0x00,0x00,0x00,0x00,0x00,0x00,0x00,0x00,0x07,0x20,0x3a,0x53,0x6d,0x86,0xa0,0x8d,0x73,
    0x5a,0x40,0x27,0x0d,0x00,0x00,0x00,0x00,0x00,0x00,0x00,0x00,0x00,0x0a,0x22,0x39,0x50,0x66,0x7a,0x8c,0x99,0x9d,0x98,0x97,0x97,0x9b,0x9b,0x8f,0x7e,0x6b,0x55,0x3f,0x28,0x10,0x00,0x00,0x00,0x00,0x00,0x00,0x00,0x00,0x0b,0x24,0x3d,0x56,0x6f,0x87,0xa0,0xa1,
    0x9c,0x83,0x6a,0x51,0x38,0x1f,0x07,0x00,0x00,0x00,0x00,0x00,0x00,0x00,0x00,0x00,0x16,0x2f,0x49,0x62,0x7c,0x95,0x99,0x9a,0x89,0x70,0x58,0x71,0x8a,0x9f,0x97,0x99,0x80,0x66,0x4d,0x33,0x1a,0x00,0x00,0x00,0x00,0x00,0x0f,0x27,0x3e,0x55,0x6c,0x83,0x9a,0x93,
    0x7c,0x65,0x4e,0x37,0x4a,0x61,0x78,0x8f,0xa1,0x8a,0x73,0x5b,0x44,0x2d,0x16,0x00,0x00,0x00,0x00,0x00,0x00,0x00,0x00,0x00,0x09,0x23,0x3c,0x56,0x6f,0x89,0xa2,0x8d,0x73,0x5a,0x40,0x27,0x0d,0x00,0x00,0x00,0x00,0x00,0x00,0x00,0x00,0x00,0x12,0x2c,0x45,0x5f,
    0x78,0x92,0xa5,0x96,0x96,0x96,0x96,0x96,0x96,0x96,0x96,0x8f,0x76,0x5c,0x43,0x29,0x10,0x00,0x00,0x00,0x00,0x12,0x2c,0x45,0x5f,0x78,0x92,0xa2,0x96,0x96,0x96,0x96,0x96,0x9a,0x9c,0x90,0x7e,0x69,0x53,0x3c,0x24,0x0c,0x00,0x00,0x00,0x00,0x08,0x20,0x38,0x4f,
    0x66,0x7b,0x8e,0x9b,0x9b,0x97,0x96,0x96,0x98,0x97,0x97,0x9b,0x81,0x68,0x4e,0x35,0x1b,0x02,0x00,0x00,0x08,0x22,0x3b,0x55,0x6e,0x88,0x96,0x96,0x9b,0xa4,0x97,0x96,0x96,0x96,0x7f,0x65,0x4c,0x32,0x19,0x00,0x00,0x00,0x00,0x00,0x00,0x12,0x2c,0x45,0x5f,0x78,
    0x92,0x99,0x80,0x66,0x4d,0x33,0x45,0x5f,0x78,0x92,0x99,0x7f,0x66,0x4c,0x33,0x19,0x00,0x00,0x00,0x00,0x00,0x00,0x00,0x00,0x06,0x20,0x39,0x53,0x6c,0x86,0x9f,0x9a,0x96,0x96,0x96,0x96,0x85,0x6c,0x52,0x39,0x1f,0x06,0x00,0x00,0x0b,0x24,0x3e,0x57,0x71,0x8a,
    0xa0,0x87,0x6d,0x54,0x55,0x6b,0x81,0x97,0x9b,0x85,0x6f,0x5a,0x44,0x2e,0x17,0x00,0x00,0x00,0x00,0x00,0x00,0x00,0x00,0x0b,0x24,0x3d,0x55,0x6e,0x85,0x9a,0x9d,0x97,0x96,0x96,0x96,0x8d,0x74,0x5a,0x41,0x27,0x0e,0x00,0x00,0x00,0x00,0x0e,0x28,0x41,0x5b,0x74,
    0x7e,0x7e,0x7e,0x7e,0x7e,0x7e,0x7e,0x7d,0x7a,0x74,0x6a,0x5b,0x4a,0x36,0x21,0x0b,0x00,0x00,0x00,0x00,0x12,0x2c,0x45,0x5f,0x78,0x7e,0x7e,0x7e,0x66,0x4d,0x33,0x1a,0x00,0x00,0x00,0x00,0x00,0x00,0x00,0x00,0x00,0x00,0x00,0x00,0x00,0x00,0x00,0x00,0x00,0x00,
    0x00,0x00,0x00,0x00,0x11,0x2a,0x44,0x5d,0x77,0x7e,0x7e,0x7e,0x67,0x4e,0x35,0x1b,0x02,0x00,0x00,0x00,0x00,0x00,0x00,0x00,0x10,0x29,0x43,0x5c,0x76,0x8c,0x8c,0x84,0x6a,0x51,0x37,0x1e,0x04,0x00,0x00,0x00,0x00,0x00,0x00,0x00,0x00,0x00,0x00,0x00,0x07,0x20,
    0x3a,0x53,0x6d,0x86,0x8c,0x8c,0x73,0x5a,0x40,0x2c,0x44,0x5b,0x72,0x8a,0x8c,0x8c,0x76,0x5f,0x47,0x2e,0x14,0x00,0x00,0x00,0x00,0x13,0x2d,0x46,0x60,0x79,0x8c,0x8c,0x8c,0x8c,0x8c,0x8a,0x85,0x7c,0x6f,0x5f,0x4c,0x38,0x22,0x0c,0x00,0x00,0x00,0x00,0x00,0x00,
    0x00,0x00,0x00,0x07,0x20,0x3a,0x53,0x6d,0x86,0x8c,0x8c,0x73,0x5a,0x40,0x27,0x0d,0x00,0x00,0x00,0x00,0x00,0x00,0x00,0x00,0x00,0x00,0x17,0x2d,0x42,0x56,0x68,0x76,0x81,0x88,0x8c,0x8c,0x8c,0x89,0x83,0x79,0x6b,0x5a,0x47,0x32,0x1c,0x06,0x00,0x00,0x00,0x00,
    0x00,0x00,0x00,0x00,0x05,0x1e,0x37,0x50,0x69,0x82,0x8c,0x8c,0x8c,0x7d,0x65,0x4c,0x33,0x1a,0x01,0x00,0x00,0x00,0x00,0x00,0x00,0x00,0x00,0x00,0x15,0x2e,0x48,0x61,0x7b,0x8c,0x8c,0x8c,0x84,0x6b,0x53,0x6c,0x85,0x8c,0x8c,0x8c,0x7e,0x65,0x4b,0x32,0x19,0x00,
    0x00,0x00,0x00,0x00,0x15,0x2f,0x48,0x60,0x77,0x8c,0x8c,0x88,0x71,0x5a,0x43,0x2c,0x3f,0x56,0x6d,0x85,0x8c,0x8c,0x7d,0x66,0x4f,0x36,0x1c,0x03,0x00,0x00,0x00,0x00,0x00,0x00,0x00,0x00,0x09,0x23,0x3c,0x56,0x6f,0x89,0x8c,0x8c,0x73,0x5a,0x40,0x27,0x0d,0x00,
    0x00,0x00,0x00,0x00,0x00,0x00,0x00,0x00,0x12,0x2c,0x45,0x5f,0x78,0x8c,0x8c,0x8c,0x8c,0x8c,0x8c,0x8c,0x8c,0x8c,0x8c,0x8c,0x76,0x5c,0x43,0x29,0x10,0x00,0x00,0x00,0x00,0x12,0x2c,0x45,0x5f,0x78,0x8c,0x8c,0x8c,0x8c,0x8c,0x8c,0x8c,0x8a,0x84,0x7a,0x6c,0x5a,
    0x46,0x31,0x1a,0x03,0x00,0x00,0x00,0x00,0x00,0x16,0x2d,0x43,0x58,0x6a,0x79,0x83,0x89,0x8c,0x8c,0x8c,0x89,0x81,0x8c,0x8c,0x81,0x68,0x4e,0x35,0x1b,0x02,0x00,0x00,0x08,0x22,0x3b,0x55,0x6e,0x88,0x8c,0x8c,0x8c,0x8c,0x8c,0x8c,0x8c,0x8c,0x7f,0x65,0x4c,0x32,
    0x19,0x00,0x00,0x00,0x00,0x00,0x00,0x12,0x2c,0x45,0x5f,0x78,0x8c,0x8c,0x80,0x66,0x4d,0x33,0x45,0x5f,0x78,0x8c,0x8c,0x7f,0x66,0x4c,0x33,0x19,0x00,0x00,0x00,0x00,0x00,0x00,0x00,0x00,0x06,0x20,0x39,0x53,0x6c,0x86,0x8c,0x8c,0x8c,0x8c,0x8c,0x8c,0x85,0x6c,
    0x52,0x39,0x1f,0x06,0x00,0x00,0x0b,0x24,0x3e,0x57,0x71,0x8a,0x8c,0x87,0x6d,0x54,0x48,0x5e,0x74,0x8a,0x8c,0x8c,0x7d,0x67,0x50,0x37,0x1d,0x04,0x00,0x00,0x00,0x00,0x00,0x00,0x00,0x05,0x1d,0x35,0x4c,0x63,0x76,0x85,0x8c,0x8c,0x8c,0x8c,0x8c,0x8c,0x74,0x5a,
    0x41,0x27,0x0e,0x00,0x00,0x00,0x00,0x0b,0x24,0x3c,0x52,0x62,0x64,0x64,0x64,0x64,0x64,0x64,0x64,0x64,0x61,0x5b,0x53,0x47,0x38,0x26,0x13,0x00,0x00,0x00,0x00,0x00,0x0f,0x28,0x3f,0x55,0x64,0x64,0x64,0x64,0x5a,0x46,0x2e,0x16,0x00,0x00,0x00,0x00,0x00,0x00,
    0x00,0x00,0x00,0x00,0x00,0x00,0x00,0x00,0x00,0x00,0x00,0x00,0x00,0x00,0x00,0x00,0x0e,0x26,0x3e,0x54,0x63,0x64,0x64,0x64,0x5b,0x47,0x30,0x17,0x00,0x00,0x00,0x00,0x00,0x00,0x00,0x00,0x0f,0x28,0x41,0x5a,0x6f,0x73,0x73,0x73,0x67,0x4f,0x36,0x1d,0x04,0x00,
    0x00,0x00,0x00,0x00,0x00,0x00,0x00,0x00,0x00,0x00,0x06,0x1f,0x38,0x51,0x69,0x73,0x73,0x73,0x6e,0x58,0x3f,0x26,0x39,0x51,0x68,0x73,0x73,0x73,0x72,0x5f,0x47,0x2e,0x14,0x00,0x00,0x00,0x00,0x13,0x2c,0x45,0x5d,0x71,0x73,0x73,0x73,0x73,0x73,0x71,0x6d,0x65,
    0x5a,0x4c,0x3b,0x28,0x14,0x00,0x00,0x00,0x00,0x00,0x00,0x00,0x00,0x00,0x00,0x06,0x1f,0x39,0x52,0x69,0x73,0x73,0x73,0x6e,0x58,0x3f,0x26,0x0c,0x00,0x00,0x00,0x00,0x00,0x00,0x00,0x00,0x00,0x00,0x0a,0x1f,0x32,0x44,0x53,0x60,0x69,0x6f,0x72,0x73,0x73,0x70,
    0x6b,0x62,0x56,0x48,0x36,0x23,0x0f,0x00,0x00,0x00,0x00,0x00,0x00,0x00,0x00,0x00,0x00,0x19,0x32,0x4b,0x63,0x73,0x73,0x73,0x73,0x72,0x5e,0x46,0x2d,0x14,0x00,0x00,0x00,0x00,0x00,0x00,0x00,0x00,0x00,0x00,0x13,0x2c,0x45,0x5e,0x72,0x73,0x73,0x73,0x73,0x64,
    0x4d,0x65,0x73,0x73,0x73,0x73,0x73,0x61,0x49,0x30,0x17,0x00,0x00,0x00,0x00,0x00,0x15,0x2f,0x48,0x60,0x72,0x73,0x73,0x73,0x66,0x4f,0x38,0x21,0x34,0x4c,0x63,0x73,0x73,0x73,0x73,0x66,0x4f,0x36,0x1c,0x03,0x00,0x00,0x00,0x00,0x00,0x00,0x00,0x00,0x09,0x22,
    0x3b,0x54,0x6b,0x73,0x73,0x73,0x6e,0x58,0x3f,0x26,0x0c,0x00,0x00,0x00,0x00,0x00,0x00,0x00,0x00,0x00,0x12,0x2b,0x44,0x5c,0x71,0x73,0x73,0x73,0x73,0x73,0x73,0x73,0x73,0x73,0x73,0x73,0x6f,0x5a,0x41,0x28,0x0f,0x00,0x00,0x00,0x00,0x12,0x2b,0x44,0x5c,0x71,
    0x73,0x73,0x73,0x73,0x73,0x73,0x73,0x70,0x6c,0x63,0x57,0x48,0x36,0x23,0x0e,0x00,0x00,0x00,0x00,0x00,0x00,0x0a,0x20,0x34,0x46,0x56,0x62,0x6b,0x70,0x72,0x73,0x73,0x70,0x6d,0x73,0x73,0x73,0x64,0x4c,0x33,0x1a,0x01,0x00,0x00,0x08,0x21,0x3a,0x53,0x6a,0x73,
    0x73,0x73,0x73,0x73,0x73,0x73,0x73,0x73,0x73,0x63,0x4a,0x31,0x18,0x00,0x00,0x00,0x00,0x00,0x00,0x12,0x2b,0x44,0x5c,0x71,0x73,0x73,0x73,0x63,0x4b,0x32,0x44,0x5d,0x71,0x73,0x73,0x73,0x63,0x4b,0x32,0x19,0x00,0x00,0x00,0x00,0x00,0x00,0x00,0x00,0x05,0x1f,
    0x38,0x51,0x68,0x73,0x73,0x73,0x73,0x73,0x73,0x73,0x73,0x68,0x50,0x37,0x1e,0x05,0x00,0x00,0x0a,0x24,0x3d,0x55,0x6c,0x73,0x73,0x73,0x69,0x52,0x3b,0x51,0x67,0x73,0x73,0x73,0x73,0x67,0x50,0x37,0x1d,0x04,0x00,0x00,0x00,0x00,0x00,0x00,0x00,0x00,0x13,0x2a,
    0x3f,0x52,0x62,0x6e,0x73,0x73,0x73,0x73,0x73,0x73,0x6e,0x58,0x3f,0x26,0x0d,0x00,0x00,0x00,0x00,0x03,0x19,0x2e,0x3f,0x4a,0x4b,0x4b,0x4b,0x4b,0x4b,0x4b,0x4b,0x4a,0x48,0x43,0x3b,0x31,0x23,0x14,0x02,0x00,0x00,0x00,0x00,0x00,0x06,0x1d,0x31,0x42,0x4a,0x4b,
    0x4b,0x4b,0x45,0x36,0x23,0x0d,0x00,0x00,0x00,0x00,0x00,0x00,0x00,0x00,0x00,0x00,0x00,0x00,0x00,0x00,0x00,0x00,0x00,0x00,0x00,0x00,0x00,0x00,0x05,0x1b,0x30,0x41,0x4a,0x4b,0x4b,0x4b,0x46,0x37,0x24,0x0e,0x00,0x00,0x00,0x00,0x00,0x00,0x00,0x00,0x09,0x21,
    0x38,0x4c,0x58,0x59,0x59,0x59,0x54,0x43,0x2e,0x16,0x00,0x00,0x00,0x00,0x00,0x00,0x00,0x00,0x00,0x00,0x00,0x00,0x01,0x19,0x30,0x45,0x55,0x59,0x59,0x59,0x57,0x4a,0x36,0x1f,0x2f,0x44,0x54,0x59,0x59,0x59,0x59,0x4f,0x3c,0x26,0x0e,0x00,0x00,0x00,0x00,0x0d,
    0x24,0x3b,0x4e,0x59,0x59,0x59,0x59,0x59,0x59,0x58,0x54,0x4d,0x43,0x37,0x28,0x17,0x04,0x00,0x00,0x00,0x00,0x00,0x00,0x00,0x00,0x00,0x00,0x01,0x19,0x30,0x45,0x55,0x59,0x59,0x59,0x57,0x4a,0x36,0x1f,0x07,0x00,0x00,0x00,0x00,0x00,0x00,0x00,0x00,0x00,0x00,
    0x00,0x0e,0x20,0x30,0x3e,0x49,0x51,0x56,0x59,0x59,0x59,0x57,0x52,0x4b,0x40,0x33,0x24,0x12,0x00,0x00,0x00,0x00,0x00,0x00,0x00,0x00,0x00,0x00,0x00,0x13,0x2a,0x40,0x52,0x59,0x59,0x59,0x59,0x59,0x4f,0x3c,0x25,0x0e,0x00,0x00,0x00,0x00,0x00,0x00,0x00,0x00,
    0x00,0x00,0x0d,0x25,0x3b,0x4e,0x59,0x59,0x59,0x59,0x59,0x52,0x42,0x53,0x59,0x59,0x59,0x59,0x59,0x51,0x3e,0x28,0x11,0x00,0x00,0x00,0x00,0x00,0x0f,0x27,0x3d,0x50,0x59,0x59,0x59,0x59,0x53,0x43,0x2d,0x16,0x2a,0x40,0x51,0x59,0x59,0x59,0x59,0x54,0x43,0x2d,
    0x16,0x00,0x00,0x00,0x00,0x00,0x00,0x00,0x00,0x00,0x03,0x1b,0x32,0x47,0x56,0x59,0x59,0x59,0x57,0x4a,0x36,0x1f,0x07,0x00,0x00,0x00,0x00,0x00,0x00,0x00,0x00,0x00,0x0c,0x23,0x3a,0x4d,0x59,0x59,0x59,0x59,0x59,0x59,0x59,0x59,0x59,0x59,0x59,0x59,0x58,0x4b,
    0x38,0x21,0x09,0x00,0x00,0x00,0x00,0x0c,0x23,0x3a,0x4d,0x59,0x59,0x59,0x59,0x59,0x59,0x59,0x59,0x57,0x53,0x4c,0x41,0x34,0x24,0x12,0x00,0x00,0x00,0x00,0x00,0x00,0x00,0x00,0x10,0x22,0x32,0x40,0x4a,0x52,0x57,0x59,0x59,0x59,0x57,0x57,0x59,0x59,0x59,0x52,
    0x41,0x2b,0x14,0x00,0x00,0x00,0x02,0x1a,0x31,0x46,0x56,0x59,0x59,0x59,0x59,0x59,0x59,0x59,0x59,0x59,0x59,0x51,0x3f,0x2a,0x12,0x00,0x00,0x00,0x00,0x00,0x00,0x0c,0x23,0x3a,0x4d,0x59,0x59,0x59,0x59,0x52,0x40,0x2a,0x3a,0x4d,0x59,0x59,0x59,0x59,0x51,0x40,
    0x2a,0x12,0x00,0x00,0x00,0x00,0x00,0x00,0x00,0x00,0x00,0x18,0x2f,0x44,0x55,0x59,0x59,0x59,0x59,0x59,0x59,0x59,0x59,0x54,0x44,0x2f,0x18,0x00,0x00,0x00,0x05,0x1d,0x34,0x48,0x57,0x59,0x59,0x59,0x55,0x46,0x31,0x43,0x54,0x59,0x59,0x59,0x59,0x54,0x44,0x2e,
    0x17,0x00,0x00,0x00,0x00,0x00,0x00,0x00,0x00,0x00,0x07,0x1b,0x2e,0x3f,0x4c,0x55,0x59,0x59,0x59,0x59,0x59,0x59,0x57,0x4a,0x36,0x1f,0x08,0x00,0x00,0x00,0x00,0x00,0x0a,0x1c,0x29,0x31,0x31,0x31,0x31,0x31,0x31,0x31,0x31,0x31,0x2e,0x2a,0x23,0x1a,0x0e,0x00,
    0x00,0x00,0x00,0x00,0x00,0x00,0x00,0x0d,0x1e,0x2b,0x31,0x31,0x31,0x31,0x2d,0x22,0x12,0x00,0x00,0x00,0x00,0x00,0x00,0x00,0x00,0x00,0x00,0x00,0x00,0x00,0x00,0x00,0x00,0x00,0x00,0x00,0x00,0x00,0x00,0x00,0x00,0x0c,0x1d,0x2a,0x31,0x31,0x31,0x31,0x2e,0x23,
    0x13,0x00,0x00,0x00,0x00,0x00,0x00,0x00,0x00,0x00,0x00,0x14,0x27,0x37,0x3f,0x40,0x40,0x40,0x3c,0x30,0x1f,0x0b,0x00,0x00,0x00,0x00,0x00,0x00,0x00,0x00,0x00,0x00,0x00,0x00,0x00,0x0d,0x21,0x32,0x3d,0x40,0x40,0x40,0x3f,0x35,0x26,0x12,0x20,0x31,0x3d,0x40,
    0x40,0x40,0x40,0x39,0x2b,0x19,0x03,0x00,0x00,0x00,0x00,0x02,0x17,0x2a,0x38,0x3f,0x40,0x40,0x40,0x40,0x40,0x3e,0x3b,0x35,0x2c,0x21,0x13,0x04,0x00,0x00,0x00,0x00,0x00,0x00,0x00,0x00,0x00,0x00,0x00,0x00,0x0d,0x21,0x32,0x3d,0x40,0x40,0x40,0x3f,0x35,0x26,
    0x12,0x00,0x00,0x00,0x00,0x00,0x00,0x00,0x00,0x00,0x00,0x00,0x00,0x00,0x0c,0x1b,0x27,0x31,0x38,0x3d,0x3f,0x40,0x40,0x3e,0x39,0x33,0x29,0x1e,0x10,0x00,0x00,0x00,0x00,0x00,0x00,0x00,0x00,0x00,0x00,0x00,0x00,0x07,0x1c,0x2e,0x3b,0x40,0x40,0x40,0x40,0x40,
    0x39,0x2b,0x18,0x03,0x00,0x00,0x00,0x00,0x00,0x00,0x00,0x00,0x00,0x00,0x02,0x18,0x2a,0x39,0x40,0x40,0x40,0x40,0x40,0x3b,0x2f,0x3c,0x40,0x40,0x40,0x40,0x40,0x3a,0x2d,0x1b,0x06,0x00,0x00,0x00,0x00,0x00,0x04,0x19,0x2c,0x3a,0x40,0x40,0x40,0x40,0x3c,0x30,
    0x1f,0x0a,0x1c,0x2e,0x3b,0x40,0x40,0x40,0x40,0x3c,0x30,0x1f,0x0a,0x00,0x00,0x00,0x00,0x00,0x00,0x00,0x00,0x00,0x00,0x0f,0x23,0x33,0x3e,0x40,0x40,0x40,0x3f,0x35,0x26,0x12,0x00,0x00,0x00,0x00,0x00,0x00,0x00,0x00,0x00,0x00,0x01,0x16,0x29,0x38,0x3f,0x40,
    0x40,0x40,0x40,0x40,0x40,0x40,0x40,0x40,0x40,0x40,0x3f,0x37,0x27,0x14,0x00,0x00,0x00,0x00,0x00,0x01,0x16,0x29,0x38,0x3f,0x40,0x40,0x40,0x40,0x40,0x40,0x40,0x3e,0x3a,0x33,0x2a,0x1e,0x10,0x00,0x00,0x00,0x00,0x00,0x00,0x00,0x00,0x00,0x00,0x0e,0x1d,0x29,
    0x32,0x39,0x3d,0x3f,0x40,0x40,0x3e,0x3e,0x40,0x40,0x40,0x3b,0x2f,0x1d,0x09,0x00,0x00,0x00,0x00,0x0e,0x22,0x33,0x3e,0x40,0x40,0x40,0x40,0x40,0x40,0x40,0x40,0x40,0x40,0x3b,0x2e,0x1c,0x07,0x00,0x00,0x00,0x00,0x00,0x00,0x01,0x16,0x29,0x38,0x3f,0x40,0x40,
    0x40,0x3b,0x2e,0x1c,0x29,0x38,0x3f,0x40,0x40,0x40,0x3b,0x2e,0x1c,0x07,0x00,0x00,0x00,0x00,0x00,0x00,0x00,0x00,0x00,0x0c,0x20,0x31,0x3d,0x40,0x40,0x40,0x40,0x40,0x40,0x40,0x40,0x3d,0x31,0x20,0x0c,0x00,0x00,0x00,0x00,0x10,0x24,0x34,0x3e,0x40,0x40,0x40,
    0x3d,0x32,0x22,0x31,0x3c,0x40,0x40,0x40,0x40,0x3c,0x31,0x20,0x0b,0x00,0x00,0x00,0x00,0x00,0x00,0x00,0x00,0x00,0x00,0x0a,0x1b,0x29,0x35,0x3d,0x40,0x40,0x40,0x40,0x40,0x40,0x3f,0x36,0x26,0x13,0x00,0x00,0x00,0x00,0x00,0x00,0x00,0x07,0x12,0x17,0x18,0x18,
    0x18,0x18,0x18,0x18,0x18,0x17,0x15,0x11,0x0b,0x02,0x00,0x00,0x00,0x00,0x00,0x00,0x00,0x00,0x00,0x00,0x09,0x13,0x18,0x18,0x18,0x18,0x15,0x0c,0x00,0x00,0x00,0x00,0x00,0x00,0x00,0x00,0x00,0x00,0x00,0x00,0x00,0x00,0x00,0x00,0x00,0x00,0x00,0x00,0x00,0x00,
    0x00,0x00,0x00,0x00,0x08,0x12,0x18,0x18,0x18,0x18,0x15,0x0d,0x00,0x00,0x00,0x00,0x00,0x00,0x00,0x00,0x00,0x00,0x00,0x03,0x14,0x20,0x26,0x26,0x26,0x26,0x24,0x1b,0x0d,0x00,0x00,0x00,0x00,0x00,0x00,0x00,0x00,0x00,0x00,0x00,0x00,0x00,0x00,0x00,0x0e,0x1c,
    0x24,0x26,0x26,0x26,0x25,0x1f,0x12,0x02,0x0d,0x1b,0x24,0x26,0x26,0x26,0x26,0x21,0x16,0x07,0x00,0x00,0x00,0x00,0x00,0x00,0x06,0x15,0x21,0x26,0x26,0x26,0x26,0x26,0x26,0x25,0x22,0x1c,0x14,0x0a,0x00,0x00,0x00,0x00,0x00,0x00,0x00,0x00,0x00,0x00,0x00,0x00,
    0x00,0x00,0x00,0x0e,0x1c,0x24,0x26,0x26,0x26,0x25,0x1f,0x12,0x02,0x00,0x00,0x00,0x00,0x00,0x00,0x00,0x00,0x00,0x00,0x00,0x00,0x00,0x00,0x05,0x10,0x19,0x1f,0x24,0x26,0x26,0x26,0x24,0x20,0x1a,0x12,0x07,0x00,0x00,0x00,0x00,0x00,0x00,0x00,0x00,0x00,0x00,
    0x00,0x00,0x00,0x00,0x0a,0x19,0x23,0x26,0x26,0x26,0x26,0x26,0x21,0x16,0x07,0x00,0x00,0x00,0x00,0x00,0x00,0x00,0x00,0x00,0x00,0x00,0x00,0x06,0x16,0x21,0x26,0x26,0x26,0x26,0x26,0x23,0x1a,0x23,0x26,0x26,0x26,0x26,0x26,0x22,0x18,0x09,0x00,0x00,0x00,0x00,
    0x00,0x00,0x00,0x08,0x17,0x22,0x26,0x26,0x26,0x26,0x24,0x1a,0x0c,0x00,0x0a,0x19,0x23,0x26,0x26,0x26,0x26,0x24,0x1b,0x0c,0x00,0x00,0x00,0x00,0x00,0x00,0x00,0x00,0x00,0x00,0x00,0x00,0x10,0x1d,0x25,0x26,0x26,0x26,0x25,0x1f,0x12,0x02,0x00,0x00,0x00,0x00,
    0x00,0x00,0x00,0x00,0x00,0x00,0x00,0x05,0x15,0x20,0x26,0x26,0x26,0x26,0x26,0x26,0x26,0x26,0x26,0x26,0x26,0x26,0x26,0x1f,0x13,0x03,0x00,0x00,0x00,0x00,0x00,0x00,0x05,0x15,0x20,0x26,0x26,0x26,0x26,0x26,0x26,0x26,0x26,0x24,0x21,0x1b,0x13,0x08,0x00,0x00,
    0x00,0x00,0x00,0x00,0x00,0x00,0x00,0x00,0x00,0x00,0x07,0x12,0x1a,0x20,0x24,0x26,0x26,0x26,0x25,0x25,0x26,0x26,0x26,0x23,0x19,0x0b,0x00,0x00,0x00,0x00,0x00,0x00,0x0f,0x1d,0x25,0x26,0x26,0x26,0x26,0x26,0x26,0x26,0x26,0x26,0x26,0x23,0x18,0x0a,0x00,0x00,
    0x00,0x00,0x00,0x00,0x00,0x00,0x05,0x15,0x20,0x26,0x26,0x26,0x26,0x23,0x19,0x0a,0x15,0x21,0x26,0x26,0x26,0x26,0x23,0x19,0x0a,0x00,0x00,0x00,0x00,0x00,0x00,0x00,0x00,0x00,0x00,0x00,0x0e,0x1c,0x24,0x26,0x26,0x26,0x26,0x26,0x26,0x26,0x26,0x24,0x1b,0x0e,
    0x00,0x00,0x00,0x00,0x00,0x00,0x11,0x1e,0x25,0x26,0x26,0x26,0x24,0x1c,0x0f,0x1b,0x24,0x26,0x26,0x26,0x26,0x24,0x1b,0x0d,0x00,0x00,0x00,0x00,0x00,0x00,0x00,0x00,0x00,0x00,0x00,0x00,0x06,0x13,0x1d,0x24,0x26,0x26,0x26,0x26,0x26,0x26,0x25,0x1f,0x12,0x02,
    0x00,0x00,0x00,0x00,0x00,0x00,0x00,0x00,0x00,0x00,0x00,0x00,0x00,0x00,0x00,0x00,0x00,0x00,0x00,0x00,0x00,0x00,0x00,0x00,0x00,0x00,0x00,0x00,0x00,0x00,0x00,0x00,0x00,0x00,0x00,0x00,0x00,0x00,0x00,0x00,0x00,0x00,0x00,0x00,0x00,0x00,0x00,0x00,0x00,0x00,
    0x00,0x00,0x00,0x00,0x00,0x00,0x00,0x00,0x00,0x00,0x00,0x00,0x00,0x00,0x00,0x00,0x00,0x00,0x00,0x00,0x00,0x00,0x00,0x00,0x00,0x00,0x00,0x00,0x00,0x00,0x00,0x00,0x00,0x00,0x00,0x00,0x00,0x07,0x0c,0x0d,0x0d,0x0d,0x0b,0x04,0x00,0x00,0x00,0x00,0x00,0x00,
    0x00,0x00,0x00,0x00,0x00,0x00,0x00,0x00,0x00,0x00,0x00,0x04,0x0b,0x0d,0x0d,0x0d,0x0c,0x07,0x00,0x00,0x00,0x04,0x0b,0x0d,0x0d,0x0d,0x0d,0x09,0x00,0x00,0x00,0x00,0x00,0x00,0x00,0x00,0x00,0x00,0x08,0x0d,0x0d,0x0d,0x0d,0x0d,0x0d,0x0c,0x08,0x03,0x00,0x00,
    0x00,0x00,0x00,0x00,0x00,0x00,0x00,0x00,0x00,0x00,0x00,0x00,0x00,0x00,0x00,0x00,0x05,0x0b,0x0d,0x0d,0x0d,0x0c,0x07,0x00,0x00,0x00,0x00,0x00,0x00,0x00,0x00,0x00,0x00,0x00,0x00,0x00,0x00,0x00,0x00,0x00,0x00,0x00,0x06,0x0a,0x0c,0x0d,0x0d,0x0b,0x07,0x02,
    0x00,0x00,0x00,0x00,0x00,0x00,0x00,0x00,0x00,0x00,0x00,0x00,0x00,0x00,0x00,0x00,0x00,0x02,0x0a,0x0d,0x0d,0x0d,0x0d,0x0d,0x09,0x00,0x00,0x00,0x00,0x00,0x00,0x00,0x00,0x00,0x00,0x00,0x00,0x00,0x00,0x00,0x00,0x09,0x0d,0x0d,0x0d,0x0d,0x0d,0x0a,0x03,0x0a,
    0x0d,0x0d,0x0d,0x0d,0x0d,0x0a,0x01,0x00,0x00,0x00,0x00,0x00,0x00,0x00,0x00,0x00,0x01,0x09,0x0d,0x0d,0x0d,0x0d,0x0b,0x03,0x00,0x00,0x00,0x02,0x0a,0x0d,0x0d,0x0d,0x0d,0x0b,0x03,0x00,0x00,0x00,0x00,0x00,0x00,0x00,0x00,0x00,0x00,0x00,0x00,0x00,0x00,0x05,
    0x0c,0x0d,0x0d,0x0d,0x0c,0x07,0x00,0x00,0x00,0x00,0x00,0x00,0x00,0x00,0x00,0x00,0x00,0x00,0x00,0x00,0x00,0x08,0x0d,0x0d,0x0d,0x0d,0x0d,0x0d,0x0d,0x0d,0x0d,0x0d,0x0d,0x0d,0x0c,0x07,0x00,0x00,0x00,0x00,0x00,0x00,0x00,0x00,0x00,0x00,0x08,0x0d,0x0d,0x0d,
    0x0d,0x0d,0x0d,0x0d,0x0d,0x0b,0x08,0x02,0x00,0x00,0x00,0x00,0x00,0x00,0x00,0x00,0x00,0x00,0x00,0x00,0x00,0x00,0x00,0x00,0x02,0x07,0x0b,0x0c,0x0d,0x0d,0x0b,0x0c,0x0d,0x0d,0x0d,0x0a,0x03,0x00,0x00,0x00,0x00,0x00,0x00,0x00,0x00,0x05,0x0b,0x0d,0x0d,0x0d,
    0x0d,0x0d,0x0d,0x0d,0x0d,0x0d,0x0d,0x0a,0x02,0x00,0x00,0x00,0x00,0x00,0x00,0x00,0x00,0x00,0x00,0x00,0x08,0x0d,0x0d,0x0d,0x0d,0x0a,0x02,0x00,0x00,0x08,0x0d,0x0d,0x0d,0x0d,0x0a,0x02,0x00,0x00,0x00,0x00,0x00,0x00,0x00,0x00,0x00,0x00,0x00,0x00,0x00,0x04,
    0x0b,0x0d,0x0d,0x0d,0x0d,0x0d,0x0d,0x0d,0x0d,0x0b,0x04,0x00,0x00,0x00,0x00,0x00,0x00,0x00,0x00,0x06,0x0c,0x0d,0x0d,0x0d,0x0b,0x05,0x00,0x04,0x0b,0x0d,0x0d,0x0d,0x0d,0x0b,0x04,0x00,0x00,0x00,0x00,0x00,0x00,0x00,0x00,0x00,0x00,0x00,0x00,0x00,0x00,0x00,
    0x05,0x0a,0x0d,0x0d,0x0d,0x0d,0x0d,0x0d,0x0c,0x07,0x00,0x00,0x00,0x00,0x00,0x00,0x00,0x00,0x00,0x00,0x00,0x00,0x00,0x00,0x00,0x00,0x00,0x00,0x00,0x00,0x00,0x00,0x00,0x00,0x00,0x00,0x00,0x00,0x00,0x00,0x00,0x00,0x00,0x00,0x00,0x00,0x00,0x00,0x00,0x00,
    0x00,0x00,0x00,0x00,0x00,0x00,0x00,0x00,0x00,0x00,0x00,0x00,0x00,0x00,0x00,0x00,0x00,0x00,0x00,0x00,0x00,0x00,0x00,0x00,0x00,0x00,0x00,0x00,0x00,0x00,0x00,0x00,0x00,0x00,0x00,0x00,0x00,0x00,0x00,0x00,0x00,0x00,0x00,0x00,0x00,0x00,0x00,0x00,0x00,0x00,
    0x00,0x00,0x00,0x00,0x00,0x00,0x00,0x00,0x00,0x00,0x00,0x00,0x00,0x00,0x00,0x00,0x00,0x00,0x00,0x00,0x00,0x00,0x00,0x00,0x00,0x00,0x00,0x00,0x00,0x00,0x00,0x00,0x00,0x00,0x00,0x00,0x00,0x00,0x00,0x00,0x00,0x00,0x00,0x00,0x00,0x00,0x00,0x00,0x00,0x00,
    0x00,0x00,0x00,0x00,0x00,0x00,0x00,0x00,0x00,0x00,0x00,0x00,0x00,0x00,0x00,0x00,0x00,0x00,0x00,0x00,0x00,0x00,0x00,0x00,0x00,0x00,0x00,0x00,0x00,0x00,0x00,0x00,0x00,0x00,0x00,0x00,0x00,0x00,0x00,0x00,0x00,0x00,0x00,0x00,0x00,0x00,0x00,0x00,0x00,0x00,
    0x00,0x00,0x00,0x00,0x00,0x00,0x00,0x00,0x00,0x00,0x00,0x00,0x00,0x00,0x00,0x00,0x00,0x00,0x00,0x00,0x00,0x00,0x00,0x00,0x00,0x00,0x00,0x00,0x00,0x00,0x00,0x00,0x00,0x00,0x00,0x00,0x00,0x00,0x00,0x00,0x00,0x00,0x00,0x00,0x00,0x00,0x00,0x00,0x00,0x00,
    0x00,0x00,0x00,0x00,0x00,0x00,0x00,0x00,0x00,0x00,0x00,0x00,0x00,0x00,0x00,0x00,0x00,0x00,0x00,0x00,0x00,0x00,0x00,0x00,0x00,0x00,0x00,0x00,0x00,0x00,0x00,0x00,0x00,0x00,0x00,0x00,0x00,0x00,0x00,0x00,0x00,0x00,0x00,0x00,0x00,0x00,0x00,0x00,0x00,0x00,
    0x00,0x00,0x00,0x00,0x00,0x00,0x00,0x00,0x00,0x00,0x00,0x00,0x00,0x00,0x00,0x00,0x00,0x00,0x00,0x00,0x00,0x00,0x00,0x00,0x00,0x00,0x00,0x00,0x00,0x00,0x00,0x00,0x00,0x00,0x00,0x00,0x00,0x00,0x00,0x00,0x00,0x00,0x00,0x00,0x00,0x00,0x00,0x00,0x00,0x00,
    0x00,0x00,0x00,0x00,0x00,0x00,0x00,0x00,0x00,0x00,0x00,0x00,0x00,0x00,0x00,0x00,0x00,0x00,0x00,0x00,0x00,0x00,0x00,0x00,0x00,0x00,0x00,0x00,0x00,0x00,0x00,0x00,0x00,0x00,0x00,0x00,0x00,0x00,0x00,0x00,0x00,0x00,0x00,0x00,0x00,0x00,0x00,0x00,0x00,0x00,
    0x00,0x00,0x00,0x00,0x00,0x00,0x00,0x00,0x00,0x00,0x00,0x00,0x00,0x00,0x00,0x00,0x00,0x00,0x00,0x00,0x00,0x00,0x00,0x00,0x00,0x00,0x00,0x00,0x00,0x00,0x00,0x00,0x00,0x00,0x00,0x00,0x00,0x00,0x00,0x00,0x00,0x00,0x00,0x00,0x00,0x00,0x00,0x00,0x00,0x00,
    0x00,0x00,0x00,0x00,0x00,0x00,0x00,0x00,0x00,0x00,0x00,0x00,0x00,0x00,0x00,0x00,0x00,0x00,0x00,0x00,0x00,0x00,0x00,0x00,0x00,0x00,0x00,0x00,0x00,0x00,0x00,0x00,0x00,0x00,0x00,0x00,0x00,0x00,0x00,0x00,0x00,0x00,0x00,0x00,0x00,0x00,0x00,0x00,0x00,0x00,
    0x00,0x00,0x00,0x00,0x00,0x00,0x00,0x00,0x00,0x00,0x00,0x00,0x00,0x00,0x00,0x00,0x00,0x00,0x00,0x00,0x00,0x00,0x00,0x00,0x00,0x00,0x00,0x00,0x00,0x00,0x00,0x00,0x00,0x00,0x00,0x00,0x00,0x00,0x00,0x00,0x00,0x00,0x00,0x00,0x00,0x00,0x00,0x00,0x00,0x00,
    0x00,0x00,0x00,0x00,0x00,0x00,0x00,0x00,0x00,0x00,0x00,0x00,0x00,0x00,0x00,0x00,0x00,0x00,0x00,0x00,0x00,0x00,0x00,0x00,0x00,0x00,0x00,0x00,0x00,0x00,0x00,0x00,0x00,0x00,0x00,0x00,0x00,0x00,0x00,0x00,0x00,0x00,0x00,0x00,0x00,0x00,0x00,0x00,0x00,0x00,
    0x00,0x00,0x00,0x00,0x00,0x00,0x00,0x00,0x00,0x00,0x00,0x00,0x00,0x00,0x00,0x00,0x00,0x00,0x00,0x00,0x00,0x00,0x00,0x00,0x00,0x00,0x00,0x00,0x00,0x00,0x00,0x00,0x00,0x00,0x00,0x00,0x00,0x00,0x00,0x00,0x00,0x00,0x00,0x00,0x00,0x00,0x00,0x00,0x00,0x00,
    0x00,0x00,0x00,0x00,0x00,0x00,0x00,0x00,0x00,0x00,0x00,0x00,0x00,0x00,0x00,0x00,0x00,0x00,0x00,0x00,0x00,0x00,0x00,0x00,0x00,0x00,0x00,0x00,0x00,0x00,0x00,0x00,0x00,0x00,0x00,0x00,0x00,0x00,0x00,0x00,0x00,0x00,0x00,0x00,0x00,0x00,0x00,0x00,0x00,0x00,
    0x00,0x00,0x00,0x00,0x00,0x00,0x00,0x00,0x00,0x00,0x00,0x00,0x00,0x00,0x00,0x00,0x00,0x00,0x00,0x00,0x00,0x00,0x00,0x00,0x00,0x00,0x00,0x00,0x00,0x00,0x00,0x00,0x00,0x00,0x00,0x00,0x00,0x00,0x00,0x00,0x00,0x00,0x00,0x00,0x00,0x00,0x00,0x00,0x00,0x00,
    0x00,0x00,0x00,0x00,0x00,0x00,0x00,0x00,0x00,0x00,0x00,0x00,0x00,0x00,0x00,0x00,0x00,0x00,0x00,0x00,0x00,0x00,0x00,0x00,0x00,0x00,0x00,0x00,0x00,0x00,0x00,0x00,0x00,0x00,0x00,0x00,0x00,0x00,0x00,0x00,0x00,0x00,0x00,0x00,0x00,0x00,0x00,0x00,0x00,0x00,
    0x00,0x00,0x00,0x00,0x00,0x00,0x00,0x00,0x00,0x00,0x00,0x00,0x00,0x00,0x00,0x00,0x00,0x00,0x00,0x00,0x00,0x00,0x00,0x00,0x00,0x00,0x00,0x00,0x00,0x00,0x00,0x00,0x00,0x00,0x00,0x00,0x00,0x00,0x00,0x00,0x00,0x00,0x00,0x00,0x00,0x00,0x00,0x00,0x00,0x00,
    0x00,0x00,0x00,0x00,0x00,0x00,0x00,0x00,0x00,0x00,0x00,0x00,0x00,0x00,0x00,0x00,0x00,0x00,0x00,0x00,0x00,0x00,0x00,0x00,0x00,0x00,0x00,0x00,0x00,0x00,0x00,0x00,0x00,0x00,0x00,0x00,0x00,0x00,0x00,0x00,0x00,0x00,0x00,0x00,0x00,0x00,0x00,0x00,0x00,0x00,
    0x00,0x00,0x00,0x00,0x00,0x00,0x00,0x00,0x00,0x00,0x00,0x00,0x00,0x00,0x00,0x00,0x00,0x00,0x00,0x00,0x00,0x00,0x00,0x00,0x00,0x00,0x00,0x00,0x00,0x00,0x00,0x00,0x00,0x00,0x00,0x00,0x00,0x00,0x00,0x00,0x00,0x00,0x00,0x00,0x00,0x00,0x00,0x00,0x00,0x00,
    0x00,0x00,0x00,0x00,0x00,0x00,0x00,0x00,0x00,0x00,0x00,0x00,0x00,0x00,0x00,0x00,0x00,0x00,0x00,0x00,0x00,0x00,0x00,0x00,0x00,0x00,0x00,0x00,0x00,0x00,0x00,0x00,0x00,0x00,0x00,0x00,0x00,0x00,0x00,0x00,0x00,0x00,0x00,0x00,0x00,0x00,0x00,0x00,0x00,0x00,
    0x00,0x00,0x00,0x00,0x00,0x00,0x00,0x00,0x00,0x00,0x00,0x00,0x00,0x00,0x00,0x00,0x00,0x00,0x00,0x00,0x00,0x00,0x00,0x00,0x00,0x00,0x00,0x00,0x00,0x00,0x00,0x00,0x00,0x00,0x00,0x00,0x00,0x00,0x00,0x00,0x00,0x00,0x00,0x00,0x00,0x00,0x00,0x00,0x00,0x00,
    0x00,0x00,0x00,0x00,0x00,0x00,0x00,0x00,0x00,0x00,0x00,0x00,0x00,0x00,0x00,0x00,0x00,0x00,0x00,0x00,0x00,0x00,0x00,0x00,0x00,0x00,0x00,0x00,0x00,0x00,0x00,0x00,0x00,0x00,0x00,0x00,0x00,0x00,0x00,0x00,0x00,0x00,0x00,0x00,0x00,0x00,0x00,0x00,0x00,0x00,
    0x00,0x00,0x00,0x00,0x00,0x00,0x00,0x00,0x00,0x00,0x00,0x00,0x00,0x00,0x00,0x00,0x00,0x00,0x00,0x00,0x00,0x00,0x06,0x0c,0x0d,0x0d,0x0d,0x0c,0x06,0x00,0x00,0x00,0x02,0x0a,0x0d,0x0d,0x0d,0x0d,0x08,0x00,0x00,0x00,0x00,0x00,0x00,0x00,0x00,0x00,0x00,0x00,
    0x09,0x0d,0x0d,0x0d,0x0d,0x0c,0x06,0x00,0x00,0x00,0x00,0x00,0x00,0x00,0x00,0x00,0x00,0x00,0x00,0x06,0x09,0x09,0x09,0x08,0x04,0x00,0x00,0x00,0x00,0x00,0x00,0x00,0x00,0x00,0x00,0x00,0x00,0x00,0x06,0x0c,0x0d,0x0d,0x0d,0x0d,0x08,0x00,0x00,0x00,0x00,0x00,
    0x00,0x00,0x00,0x00,0x00,0x00,0x00,0x00,0x00,0x00,0x00,0x00,0x00,0x00,0x00,0x00,0x00,0x00,0x00,0x00,0x00,0x00,0x00,0x00,0x00,0x00,0x00,0x00,0x00,0x00,0x00,0x00,0x00,0x00,0x00,0x00,0x00,0x00,0x00,0x00,0x00,0x00,0x00,0x00,0x00,0x00,0x00,0x00,0x00,0x00,
    0x00,0x00,0x00,0x00,0x00,0x03,0x0a,0x0d,0x0d,0x0d,0x0d,0x0d,0x0d,0x0b,0x08,0x02,0x00,0x00,0x00,0x00,0x00,0x00,0x00,0x00,0x00,0x00,0x00,0x00,0x00,0x00,0x00,0x00,0x00,0x00,0x00,0x06,0x0a,0x0c,0x0d,0x0d,0x0d,0x0d,0x0d,0x09,0x01,0x00,0x00,0x00,0x00,0x00,
    0x00,0x00,0x00,0x00,0x00,0x00,0x01,0x07,0x0b,0x0c,0x0d,0x0d,0x0c,0x09,0x04,0x00,0x00,0x00,0x00,0x00,0x00,0x00,0x00,0x00,0x00,0x00,0x00,0x03,0x0b,0x0d,0x0d,0x0d,0x0b,0x0d,0x0c,0x0a,0x05,0x04,0x0a,0x0d,0x0d,0x0b,0x06,0x00,0x00,0x00,0x00,0x00,0x00,0x00,
    0x00,0x00,0x00,0x00,0x00,0x08,0x0d,0x0d,0x0d,0x0d,0x0a,0x0d,0x0d,0x0d,0x0c,0x09,0x04,0x00,0x00,0x00,0x00,0x00,0x00,0x00,0x00,0x00,0x00,0x00,0x00,0x00,0x00,0x00,0x00,0x01,0x07,0x0b,0x0c,0x0d,0x0d,0x0b,0x08,0x03,0x00,0x00,0x00,0x00,0x00,0x00,0x00,0x00,
    0x00,0x00,0x00,0x00,0x05,0x0b,0x0d,0x0d,0x0d,0x0d,0x0d,0x0c,0x0b,0x0d,0x0d,0x0d,0x0d,0x0c,0x06,0x00,0x00,0x00,0x00,0x00,0x00,0x00,0x00,0x00,0x00,0x00,0x00,0x04,0x09,0x0c,0x0d,0x0d,0x0d,0x0d,0x0d,0x0c,0x05,0x00,0x00,0x00,0x00,0x00,0x00,0x00,0x00,0x00,
    0x00,0x07,0x0c,0x0d,0x0d,0x0d,0x0b,0x04,0x00,0x01,0x09,0x0d,0x0d,0x0d,0x0d,0x09,0x00,0x00,0x00,0x00,0x00,0x00,0x00,0x00,0x00,0x06,0x0c,0x0d,0x0d,0x0d,0x0c,0x06,0x00,0x00,0x00,0x03,0x0b,0x0d,0x0d,0x0d,0x0d,0x08,0x00,0x00,0x00,0x00,0x00,0x00,0x00,0x00,
    0x00,0x06,0x0c,0x0d,0x0d,0x0d,0x0c,0x05,0x00,0x00,0x00,0x00,0x00,0x01,0x09,0x0d,0x0d,0x0d,0x0c,0x08,0x00,0x00,0x00,0x00,0x00,0x00,0x00,0x00,0x00,0x02,0x0a,0x0d,0x0d,0x0d,0x0d,0x0b,0x03,0x00,0x00,0x08,0x0d,0x0d,0x0d,0x0d,0x0b,0x04,0x00,0x00,0x00,0x00,
    0x00,0x00,0x00,0x00,0x00,0x00,0x06,0x0c,0x0d,0x0d,0x0d,0x0d,0x0d,0x0d,0x0d,0x0d,0x0d,0x0d,0x0c,0x06,0x00,0x00,0x00,0x00,0x00,0x00,0x00,0x00,0x00,0x00,0x00,0x00,0x00,0x00,0x00,0x00,0x00,0x00,0x00,0x00,0x00,0x00,0x00,0x00,0x00,0x00,0x00,0x00,0x00,0x00,
    0x00,0x00,0x00,0x00,0x00,0x00,0x00,0x00,0x00,0x00,0x00,0x00,0x00,0x00,0x00,0x00,0x00,0x00,0x00,0x00,0x00,0x00,0x00,0x00,0x00,0x00,0x00,0x00,0x00,0x00,0x00,0x00,0x01,0x12,0x1e,0x25,0x26,0x26,0x26,0x25,0x1e,0x11,0x01,0x0b,0x19,0x23,0x26,0x26,0x26,0x26,
    0x21,0x15,0x05,0x00,0x00,0x00,0x00,0x00,0x00,0x00,0x07,0x16,0x21,0x26,0x26,0x26,0x26,0x25,0x1d,0x10,0x00,0x00,0x00,0x00,0x00,0x00,0x00,0x00,0x00,0x07,0x16,0x1f,0x22,0x22,0x22,0x22,0x1c,0x11,0x02,0x00,0x00,0x00,0x00,0x00,0x00,0x00,0x00,0x00,0x01,0x11,
    0x1e,0x25,0x26,0x26,0x26,0x26,0x21,0x15,0x06,0x00,0x00,0x00,0x00,0x00,0x00,0x00,0x00,0x00,0x00,0x00,0x00,0x00,0x00,0x00,0x00,0x00,0x00,0x00,0x01,0x0a,0x0e,0x0c,0x05,0x00,0x00,0x00,0x00,0x00,0x00,0x00,0x00,0x02,0x0b,0x0e,0x0b,0x04,0x00,0x00,0x00,0x00,
    0x00,0x00,0x00,0x00,0x00,0x00,0x00,0x00,0x00,0x00,0x00,0x00,0x00,0x00,0x00,0x00,0x0b,0x1a,0x23,0x26,0x26,0x26,0x26,0x26,0x26,0x24,0x21,0x1b,0x13,0x08,0x00,0x00,0x00,0x00,0x00,0x00,0x00,0x00,0x00,0x00,0x00,0x00,0x00,0x00,0x04,0x10,0x19,0x1f,0x24,0x26,
    0x26,0x26,0x26,0x26,0x26,0x22,0x18,0x08,0x00,0x00,0x00,0x00,0x00,0x00,0x00,0x00,0x05,0x11,0x19,0x20,0x24,0x26,0x26,0x26,0x25,0x22,0x1c,0x13,0x08,0x00,0x00,0x00,0x00,0x00,0x00,0x00,0x00,0x00,0x0c,0x1a,0x23,0x26,0x26,0x26,0x24,0x26,0x26,0x23,0x1e,0x1d,
    0x23,0x26,0x26,0x24,0x1f,0x17,0x0c,0x00,0x00,0x00,0x00,0x00,0x00,0x00,0x00,0x05,0x15,0x20,0x26,0x26,0x26,0x26,0x24,0x26,0x26,0x26,0x25,0x22,0x1c,0x14,0x09,0x00,0x00,0x00,0x00,0x00,0x00,0x00,0x00,0x00,0x00,0x00,0x00,0x07,0x11,0x1a,0x20,0x24,0x26,0x26,
    0x26,0x25,0x21,0x1c,0x14,0x09,0x00,0x00,0x00,0x00,0x00,0x00,0x00,0x00,0x00,0x0f,0x1c,0x24,0x26,0x26,0x26,0x26,0x26,0x26,0x24,0x26,0x26,0x26,0x26,0x25,0x1e,0x11,0x00,0x00,0x00,0x00,0x00,0x00,0x00,0x00,0x00,0x0b,0x15,0x1d,0x22,0x25,0x26,0x26,0x26,0x26,
    0x26,0x25,0x1d,0x10,0x00,0x00,0x00,0x00,0x00,0x00,0x00,0x02,0x12,0x1f,0x25,0x26,0x26,0x26,0x24,0x1b,0x0d,0x18,0x22,0x26,0x26,0x26,0x26,0x21,0x16,0x07,0x00,0x00,0x00,0x00,0x00,0x00,0x11,0x1e,0x25,0x26,0x26,0x26,0x25,0x1e,0x12,0x01,0x0c,0x1a,0x23,0x26,
    0x26,0x26,0x26,0x21,0x15,0x05,0x00,0x00,0x00,0x00,0x00,0x00,0x10,0x1d,0x25,0x26,0x26,0x26,0x25,0x1d,0x0f,0x00,0x00,0x00,0x08,0x17,0x22,0x26,0x26,0x26,0x26,0x20,0x14,0x04,0x00,0x00,0x00,0x00,0x00,0x00,0x0b,0x19,0x23,0x26,0x26,0x26,0x26,0x24,0x1a,0x0c,
    0x15,0x21,0x26,0x26,0x26,0x26,0x24,0x1c,0x0e,0x00,0x00,0x00,0x00,0x00,0x00,0x00,0x01,0x11,0x1e,0x25,0x26,0x26,0x26,0x26,0x26,0x26,0x26,0x26,0x26,0x26,0x25,0x1d,0x10,0x00,0x00,0x00,0x00,0x00,0x00,0x00,0x00,0x00,0x00,0x00,0x00,0x07,0x0e,0x0f,0x0f,0x0f,
    0x0f,0x0a,0x00,0x00,0x00,0x00,0x00,0x00,0x00,0x00,0x00,0x00,0x00,0x00,0x00,0x00,0x00,0x00,0x00,0x00,0x00,0x09,0x11,0x13,0x13,0x13,0x12,0x0c,0x01,0x00,0x00,0x00,0x00,0x00,0x00,0x00,0x00,0x00,0x00,0x00,0x00,0x00,0x00,0x00,0x11,0x25,0x35,0x3e,0x40,0x40,
    0x40,0x3e,0x35,0x25,0x11,0x1d,0x2f,0x3b,0x40,0x40,0x40,0x3f,0x38,0x29,0x17,0x01,0x00,0x00,0x00,0x00,0x00,0x03,0x18,0x2b,0x39,0x40,0x40,0x40,0x40,0x3e,0x34,0x23,0x0f,0x00,0x00,0x00,0x00,0x00,0x00,0x00,0x06,0x1a,0x2b,0x37,0x3c,0x3c,0x3c,0x3b,0x34,0x26,
    0x13,0x00,0x00,0x00,0x00,0x00,0x00,0x00,0x00,0x00,0x11,0x25,0x35,0x3e,0x40,0x40,0x40,0x3f,0x38,0x2a,0x17,0x02,0x00,0x00,0x00,0x00,0x00,0x00,0x00,0x00,0x00,0x00,0x00,0x00,0x00,0x00,0x00,0x00,0x02,0x0d,0x18,0x22,0x27,0x25,0x1c,0x0e,0x00,0x00,0x00,0x00,
    0x00,0x00,0x0a,0x19,0x23,0x27,0x24,0x1b,0x10,0x05,0x00,0x00,0x00,0x00,0x00,0x00,0x00,0x00,0x00,0x00,0x00,0x00,0x00,0x00,0x00,0x00,0x00,0x09,0x1d,0x2f,0x3c,0x40,0x40,0x40,0x40,0x40,0x40,0x3e,0x3a,0x34,0x2a,0x1f,0x10,0x00,0x00,0x00,0x00,0x00,0x00,0x00,
    0x00,0x00,0x00,0x00,0x00,0x0b,0x1a,0x27,0x31,0x38,0x3d,0x3f,0x40,0x40,0x40,0x40,0x40,0x3a,0x2c,0x1a,0x05,0x00,0x00,0x00,0x00,0x00,0x00,0x0c,0x1b,0x28,0x32,0x39,0x3d,0x3f,0x40,0x40,0x3f,0x3b,0x34,0x2a,0x1e,0x0e,0x00,0x00,0x00,0x00,0x00,0x00,0x00,0x0a,
    0x1e,0x30,0x3c,0x40,0x40,0x40,0x3d,0x40,0x3f,0x3c,0x36,0x35,0x3c,0x3f,0x40,0x3d,0x37,0x2e,0x22,0x12,0x01,0x00,0x00,0x00,0x00,0x00,0x01,0x16,0x29,0x38,0x3f,0x40,0x40,0x40,0x3d,0x40,0x40,0x40,0x3e,0x3b,0x35,0x2c,0x20,0x11,0x01,0x00,0x00,0x00,0x00,0x00,
    0x00,0x00,0x00,0x00,0x0e,0x1d,0x29,0x32,0x39,0x3d,0x3f,0x40,0x40,0x3e,0x3a,0x34,0x2b,0x20,0x12,0x02,0x00,0x00,0x00,0x00,0x00,0x00,0x0e,0x22,0x32,0x3d,0x40,0x40,0x40,0x40,0x40,0x3f,0x3d,0x40,0x40,0x40,0x40,0x3e,0x35,0x24,0x11,0x00,0x00,0x00,0x00,0x00,
    0x00,0x03,0x13,0x21,0x2d,0x35,0x3b,0x3f,0x40,0x40,0x40,0x40,0x40,0x3e,0x33,0x23,0x0f,0x00,0x00,0x00,0x00,0x00,0x00,0x12,0x26,0x35,0x3f,0x40,0x40,0x40,0x3d,0x31,0x20,0x2d,0x3a,0x40,0x40,0x40,0x40,0x39,0x2b,0x18,0x03,0x00,0x00,0x00,0x00,0x11,0x24,0x35,
    0x3e,0x40,0x40,0x40,0x3e,0x35,0x25,0x12,0x1e,0x30,0x3c,0x40,0x40,0x40,0x3f,0x38,0x29,0x17,0x01,0x00,0x00,0x00,0x00,0x0f,0x23,0x34,0x3e,0x40,0x40,0x40,0x3e,0x33,0x22,0x0e,0x00,0x05,0x1a,0x2c,0x3a,0x40,0x40,0x40,0x3f,0x37,0x28,0x15,0x00,0x00,0x00,0x00,
    0x00,0x08,0x1d,0x2e,0x3b,0x40,0x40,0x40,0x40,0x3c,0x30,0x1e,0x29,0x38,0x3f,0x40,0x40,0x40,0x3d,0x32,0x21,0x0d,0x00,0x00,0x00,0x00,0x00,0x00,0x11,0x25,0x35,0x3e,0x40,0x40,0x40,0x40,0x40,0x40,0x40,0x40,0x40,0x40,0x3e,0x34,0x23,0x0f,0x00,0x00,0x00,0x00,
    0x00,0x00,0x00,0x00,0x00,0x00,0x11,0x1f,0x27,0x29,0x29,0x29,0x28,0x22,0x15,0x05,0x00,0x00,0x00,0x00,0x00,0x00,0x00,0x00,0x00,0x00,0x00,0x00,0x00,0x00,0x00,0x00,0x11,0x20,0x2a,0x2d,0x2d,0x2d,0x2b,0x23,0x16,0x04,0x00,0x00,0x00,0x00,0x00,0x00,0x00,0x00,
    0x00,0x00,0x00,0x00,0x00,0x06,0x1e,0x35,0x49,0x57,0x59,0x59,0x59,0x57,0x49,0x34,0x1d,0x2b,0x41,0x52,0x59,0x59,0x59,0x59,0x4d,0x3a,0x24,0x0c,0x00,0x00,0x00,0x00,0x00,0x0e,0x26,0x3c,0x4f,0x59,0x59,0x59,0x59,0x56,0x47,0x33,0x1c,0x04,0x00,0x00,0x00,0x00,
    0x00,0x00,0x12,0x29,0x3e,0x4f,0x55,0x55,0x55,0x54,0x49,0x37,0x21,0x0a,0x00,0x00,0x00,0x00,0x00,0x00,0x00,0x06,0x1d,0x34,0x49,0x57,0x59,0x59,0x59,0x59,0x4e,0x3a,0x24,0x0c,0x00,0x00,0x00,0x00,0x00,0x00,0x00,0x00,0x00,0x00,0x00,0x00,0x00,0x00,0x03,0x0e,
    0x19,0x24,0x2f,0x3a,0x41,0x3e,0x32,0x21,0x0d,0x00,0x00,0x00,0x00,0x07,0x1c,0x2e,0x3b,0x41,0x3d,0x32,0x27,0x1c,0x11,0x06,0x00,0x00,0x00,0x00,0x00,0x00,0x00,0x00,0x00,0x00,0x00,0x00,0x00,0x00,0x00,0x14,0x2c,0x41,0x53,0x59,0x59,0x59,0x59,0x59,0x59,0x57,
    0x53,0x4c,0x41,0x34,0x24,0x12,0x00,0x00,0x00,0x00,0x00,0x00,0x00,0x00,0x00,0x00,0x0c,0x1f,0x2f,0x3d,0x49,0x51,0x56,0x59,0x59,0x59,0x59,0x59,0x59,0x50,0x3e,0x28,0x10,0x00,0x00,0x00,0x00,0x00,0x0c,0x1f,0x30,0x3e,0x49,0x52,0x57,0x59,0x59,0x59,0x58,0x54,
    0x4c,0x41,0x32,0x21,0x0f,0x00,0x00,0x00,0x00,0x00,0x00,0x16,0x2d,0x42,0x53,0x59,0x59,0x59,0x55,0x59,0x59,0x56,0x4e,0x4c,0x55,0x59,0x59,0x56,0x4f,0x45,0x36,0x25,0x12,0x00,0x00,0x00,0x00,0x00,0x0c,0x23,0x3a,0x4d,0x59,0x59,0x59,0x59,0x56,0x59,0x59,0x59,
    0x58,0x54,0x4d,0x43,0x35,0x25,0x13,0x00,0x00,0x00,0x00,0x00,0x00,0x00,0x00,0x10,0x22,0x32,0x40,0x4a,0x52,0x57,0x59,0x59,0x59,0x57,0x53,0x4c,0x42,0x35,0x26,0x14,0x01,0x00,0x00,0x00,0x00,0x02,0x1a,0x31,0x46,0x55,0x59,0x59,0x59,0x59,0x59,0x58,0x57,0x59,
    0x59,0x59,0x59,0x57,0x49,0x34,0x1d,0x05,0x00,0x00,0x00,0x00,0x01,0x15,0x27,0x36,0x44,0x4e,0x54,0x58,0x59,0x59,0x59,0x59,0x59,0x56,0x47,0x32,0x1b,0x03,0x00,0x00,0x00,0x00,0x07,0x1f,0x36,0x4a,0x57,0x59,0x59,0x59,0x54,0x44,0x2e,0x3e,0x50,0x59,0x59,0x59,
    0x59,0x4f,0x3c,0x25,0x0e,0x00,0x00,0x00,0x05,0x1d,0x34,0x49,0x57,0x59,0x59,0x59,0x57,0x49,0x35,0x1e,0x2d,0x42,0x53,0x59,0x59,0x59,0x59,0x4d,0x3a,0x24,0x0c,0x00,0x00,0x00,0x04,0x1c,0x33,0x47,0x56,0x59,0x59,0x59,0x56,0x46,0x32,0x1b,0x10,0x10,0x28,0x3e,
    0x50,0x59,0x59,0x59,0x58,0x4c,0x39,0x22,0x0a,0x00,0x00,0x00,0x00,0x13,0x2b,0x40,0x52,0x59,0x59,0x59,0x59,0x53,0x42,0x2d,0x3a,0x4d,0x59,0x59,0x59,0x59,0x55,0x45,0x30,0x19,0x01,0x00,0x00,0x00,0x00,0x06,0x1e,0x34,0x49,0x57,0x59,0x59,0x59,0x59,0x59,0x59,
    0x59,0x59,0x59,0x59,0x56,0x47,0x33,0x1c,0x04,0x00,0x00,0x00,0x00,0x00,0x00,0x00,0x00,0x0f,0x23,0x35,0x40,0x42,0x42,0x42,0x41,0x38,0x29,0x15,0x00,0x00,0x00,0x00,0x00,0x00,0x00,0x00,0x00,0x00,0x00,0x00,0x00,0x00,0x00,0x0e,0x23,0x35,0x42,0x46,0x46,0x46,
    0x44,0x3a,0x28,0x14,0x00,0x00,0x00,0x00,0x00,0x00,0x00,0x00,0x00,0x00,0x00,0x00,0x00,0x0c,0x25,0x3e,0x57,0x6d,0x73,0x73,0x73,0x6d,0x56,0x3e,0x25,0x34,0x4c,0x64,0x73,0x73,0x73,0x71,0x5d,0x44,0x2b,0x12,0x00,0x00,0x00,0x00,0x00,0x14,0x2d,0x46,0x5f,0x72,
    0x73,0x73,0x73,0x6b,0x54,0x3b,0x22,0x09,0x00,0x00,0x00,0x00,0x00,0x03,0x19,0x32,0x4b,0x62,0x6f,0x6f,0x6f,0x6d,0x5a,0x42,0x29,0x10,0x0c,0x05,0x00,0x00,0x00,0x00,0x00,0x0b,0x24,0x3d,0x56,0x6d,0x73,0x73,0x73,0x71,0x5d,0x44,0x2b,0x12,0x00,0x00,0x00,0x00,
    0x00,0x00,0x00,0x00,0x00,0x00,0x00,0x00,0x05,0x10,0x1a,0x25,0x30,0x3b,0x46,0x51,0x5a,0x55,0x45,0x30,0x18,0x00,0x00,0x00,0x00,0x12,0x29,0x3f,0x52,0x5a,0x54,0x49,0x3e,0x33,0x28,0x1d,0x13,0x08,0x00,0x00,0x00,0x00,0x00,0x00,0x00,0x00,0x00,0x00,0x00,0x00,
    0x01,0x1b,0x34,0x4d,0x65,0x73,0x73,0x73,0x73,0x73,0x73,0x70,0x6c,0x63,0x57,0x48,0x36,0x23,0x0e,0x00,0x00,0x00,0x00,0x00,0x00,0x00,0x00,0x07,0x1c,0x30,0x43,0x53,0x60,0x69,0x6f,0x72,0x73,0x73,0x73,0x73,0x73,0x61,0x49,0x30,0x16,0x00,0x00,0x00,0x00,0x05,
    0x1b,0x30,0x43,0x53,0x61,0x6a,0x70,0x72,0x73,0x73,0x72,0x6d,0x63,0x56,0x45,0x33,0x1f,0x09,0x00,0x00,0x00,0x00,0x03,0x1c,0x35,0x4e,0x66,0x73,0x73,0x73,0x6d,0x73,0x72,0x6e,0x66,0x63,0x6d,0x72,0x72,0x6f,0x67,0x5a,0x49,0x36,0x20,0x0a,0x00,0x00,0x00,0x00,
    0x12,0x2b,0x44,0x5c,0x71,0x73,0x73,0x72,0x6f,0x72,0x73,0x73,0x71,0x6d,0x65,0x59,0x49,0x37,0x23,0x0e,0x00,0x00,0x00,0x00,0x00,0x00,0x0b,0x20,0x34,0x46,0x55,0x62,0x6b,0x70,0x72,0x73,0x73,0x71,0x6c,0x64,0x59,0x4a,0x38,0x24,0x10,0x00,0x00,0x00,0x00,0x07,
    0x20,0x39,0x52,0x6a,0x73,0x73,0x73,0x73,0x73,0x6f,0x70,0x73,0x73,0x73,0x73,0x6d,0x56,0x3d,0x24,0x0b,0x00,0x00,0x00,0x00,0x0f,0x24,0x39,0x4b,0x5a,0x65,0x6d,0x71,0x73,0x73,0x73,0x73,0x73,0x6b,0x54,0x3b,0x22,0x09,0x00,0x00,0x00,0x00,0x0d,0x26,0x3f,0x58,
    0x6e,0x73,0x73,0x73,0x67,0x50,0x37,0x49,0x61,0x73,0x73,0x73,0x72,0x5e,0x46,0x2d,0x14,0x00,0x00,0x00,0x0b,0x24,0x3d,0x56,0x6d,0x73,0x73,0x73,0x6d,0x57,0x3e,0x26,0x35,0x4e,0x66,0x73,0x73,0x73,0x71,0x5d,0x44,0x2b,0x12,0x00,0x00,0x00,0x09,0x22,0x3b,0x54,
    0x6b,0x73,0x73,0x73,0x6a,0x53,0x3a,0x29,0x29,0x29,0x2f,0x48,0x61,0x72,0x73,0x73,0x70,0x5b,0x42,0x29,0x10,0x00,0x00,0x00,0x00,0x1a,0x33,0x4c,0x64,0x73,0x73,0x73,0x73,0x66,0x50,0x3a,0x47,0x5d,0x71,0x73,0x73,0x73,0x69,0x51,0x38,0x1f,0x06,0x00,0x00,0x00,
    0x00,0x0b,0x25,0x3e,0x56,0x6d,0x73,0x73,0x73,0x73,0x73,0x73,0x73,0x73,0x73,0x73,0x6b,0x54,0x3c,0x23,0x09,0x00,0x00,0x00,0x00,0x00,0x00,0x07,0x0d,0x1b,0x32,0x47,0x58,0x5c,0x5c,0x5c,0x5a,0x4d,0x38,0x21,0x0d,0x08,0x00,0x00,0x00,0x00,0x00,0x00,0x00,0x00,
    0x00,0x00,0x00,0x00,0x00,0x18,0x30,0x46,0x59,0x60,0x60,0x60,0x5c,0x4c,0x36,0x1f,0x06,0x00,0x00,0x00,0x00,0x00,0x00,0x00,0x00,0x00,0x00,0x00,0x00,0x0c,0x25,0x3e,0x57,0x6f,0x87,0x8c,0x8c,0x76,0x5e,0x45,0x2d,0x3a,0x53,0x6b,0x84,0x8c,0x8c,0x75,0x5d,0x44,
    0x2b,0x12,0x00,0x00,0x00,0x00,0x00,0x15,0x2e,0x48,0x61,0x7b,0x8c,0x8c,0x89,0x70,0x56,0x3d,0x23,0x0a,0x00,0x00,0x00,0x00,0x0b,0x1a,0x23,0x34,0x4d,0x67,0x80,0x88,0x88,0x77,0x5e,0x44,0x2b,0x26,0x25,0x1d,0x10,0x00,0x00,0x00,0x00,0x0c,0x25,0x3f,0x58,0x72,
    0x8b,0x8c,0x8c,0x79,0x5f,0x46,0x2c,0x13,0x00,0x00,0x00,0x00,0x00,0x00,0x00,0x00,0x00,0x00,0x06,0x11,0x1c,0x27,0x31,0x3c,0x47,0x52,0x5d,0x68,0x73,0x69,0x51,0x38,0x1e,0x05,0x00,0x00,0x00,0x17,0x31,0x4a,0x62,0x74,0x6b,0x60,0x55,0x4a,0x3f,0x35,0x2a,0x1f,
    0x14,0x09,0x00,0x00,0x00,0x00,0x00,0x00,0x00,0x00,0x00,0x00,0x02,0x1b,0x35,0x4e,0x68,0x81,0x8c,0x8c,0x8c,0x8c,0x8c,0x8a,0x84,0x7a,0x6c,0x5a,0x46,0x31,0x1a,0x03,0x00,0x00,0x00,0x00,0x00,0x00,0x00,0x13,0x29,0x3f,0x54,0x67,0x76,0x81,0x88,0x8c,0x8c,0x8c,
    0x8c,0x8c,0x7d,0x64,0x4a,0x31,0x17,0x00,0x00,0x00,0x00,0x10,0x28,0x3e,0x53,0x67,0x77,0x82,0x89,0x8c,0x8c,0x8c,0x8b,0x85,0x7a,0x6a,0x57,0x42,0x2c,0x15,0x00,0x00,0x00,0x00,0x03,0x1d,0x36,0x50,0x69,0x83,0x8c,0x87,0x85,0x8c,0x8c,0x87,0x7c,0x78,0x85,0x8c,
    0x8c,0x88,0x7e,0x6d,0x59,0x43,0x2c,0x14,0x00,0x00,0x00,0x00,0x12,0x2c,0x45,0x5f,0x78,0x8c,0x8c,0x7c,0x87,0x8c,0x8c,0x8c,0x8b,0x85,0x7c,0x6d,0x5b,0x47,0x31,0x1b,0x04,0x00,0x00,0x00,0x00,0x00,0x17,0x2e,0x43,0x58,0x6a,0x79,0x83,0x89,0x8c,0x8c,0x8c,0x8a,
    0x85,0x7b,0x6d,0x5c,0x48,0x33,0x1c,0x05,0x00,0x00,0x00,0x08,0x21,0x3b,0x54,0x6e,0x87,0x8c,0x8c,0x8c,0x8c,0x7e,0x88,0x8c,0x8c,0x8c,0x8b,0x72,0x58,0x3f,0x25,0x0c,0x00,0x00,0x00,0x03,0x1b,0x32,0x48,0x5c,0x6f,0x7d,0x86,0x8b,0x8c,0x8c,0x8c,0x8c,0x89,0x6f,
    0x56,0x3c,0x23,0x09,0x00,0x00,0x00,0x00,0x0d,0x27,0x40,0x5a,0x73,0x8c,0x8c,0x84,0x6b,0x51,0x38,0x4a,0x64,0x7d,0x8c,0x8c,0x7b,0x61,0x48,0x2e,0x15,0x00,0x00,0x00,0x0b,0x24,0x3d,0x56,0x6f,0x87,0x8c,0x8c,0x76,0x5e,0x45,0x2d,0x3c,0x54,0x6d,0x86,0x8c,0x8c,
    0x75,0x5d,0x44,0x2b,0x12,0x00,0x00,0x00,0x09,0x22,0x3b,0x55,0x6e,0x87,0x8c,0x8a,0x71,0x57,0x3e,0x42,0x43,0x43,0x41,0x4c,0x66,0x7f,0x8c,0x8c,0x75,0x5c,0x43,0x29,0x10,0x00,0x00,0x00,0x00,0x1a,0x33,0x4c,0x64,0x7a,0x8c,0x8c,0x89,0x73,0x5c,0x46,0x54,0x6a,
    0x80,0x8c,0x8c,0x7e,0x69,0x51,0x38,0x1f,0x06,0x00,0x00,0x00,0x00,0x0c,0x25,0x3f,0x58,0x72,0x8b,0x8c,0x8c,0x8c,0x8c,0x8c,0x8c,0x8c,0x8c,0x89,0x70,0x56,0x3d,0x23,0x0a,0x00,0x00,0x00,0x00,0x01,0x12,0x1f,0x27,0x27,0x3a,0x53,0x6b,0x75,0x75,0x75,0x71,0x5a,
    0x41,0x28,0x26,0x21,0x15,0x06,0x00,0x00,0x00,0x00,0x00,0x00,0x00,0x00,0x00,0x00,0x03,0x1d,0x36,0x50,0x69,0x79,0x79,0x79,0x6f,0x57,0x3d,0x24,0x0b,0x00,0x00,0x00,0x00,0x00,0x00,0x00,0x00,0x00,0x00,0x00,0x00,0x06,0x1e,0x37,0x4f,0x67,0x7f,0x97,0x96,0x7d,
    0x65,0x4c,0x34,0x40,0x59,0x72,0x8a,0xa0,0x87,0x6f,0x56,0x3d,0x25,0x0c,0x00,0x00,0x00,0x00,0x00,0x15,0x2e,0x48,0x61,0x7b,0x94,0xa3,0x89,0x70,0x56,0x3d,0x23,0x0a,0x00,0x00,0x00,0x09,0x1d,0x2f,0x3c,0x40,0x4d,0x67,0x80,0x9a,0x91,0x77,0x5e,0x44,0x40,0x40,
    0x3e,0x33,0x23,0x0f,0x00,0x00,0x00,0x0c,0x25,0x3f,0x58,0x72,0x8b,0xa5,0x92,0x79,0x5f,0x46,0x2c,0x13,0x00,0x00,0x00,0x00,0x00,0x00,0x00,0x00,0x07,0x12,0x1d,0x28,0x33,0x3e,0x49,0x53,0x5e,0x69,0x74,0x7f,0x85,0x6c,0x52,0x39,0x1f,0x06,0x00,0x00,0x00,0x18,
    0x31,0x4b,0x64,0x7e,0x82,0x77,0x6c,0x61,0x56,0x4c,0x41,0x36,0x2b,0x20,0x15,0x0a,0x00,0x00,0x00,0x00,0x00,0x00,0x00,0x00,0x02,0x1b,0x35,0x4e,0x68,0x81,0x96,0x96,0x96,0x96,0x96,0x9a,0x9c,0x90,0x7e,0x6a,0x53,0x3c,0x24,0x0c,0x00,0x00,0x00,0x00,0x00,0x00,
    0x04,0x1c,0x34,0x4c,0x62,0x78,0x8b,0x99,0x9c,0x97,0x96,0x96,0x96,0x96,0x7d,0x64,0x4a,0x31,0x17,0x00,0x00,0x00,0x01,0x19,0x32,0x49,0x61,0x77,0x8b,0x9a,0x9b,0x97,0x96,0x96,0x99,0x9c,0x8e,0x7a,0x65,0x4e,0x37,0x1f,0x07,0x00,0x00,0x00,0x03,0x1d,0x36,0x50,
    0x69,0x83,0x9c,0x94,0x96,0x90,0x92,0x9c,0x8f,0x8b,0x96,0x90,0x91,0x9c,0x91,0x7c,0x65,0x4d,0x34,0x1b,0x03,0x00,0x00,0x00,0x12,0x2c,0x45,0x5f,0x78,0x92,0x9c,0x93,0x9a,0x96,0x96,0x96,0x99,0x9d,0x91,0x7f,0x6a,0x54,0x3c,0x25,0x0c,0x00,0x00,0x00,0x00,0x09,
    0x21,0x39,0x50,0x66,0x7c,0x8e,0x9b,0x9b,0x97,0x96,0x96,0x99,0x9d,0x91,0x80,0x6c,0x55,0x3e,0x26,0x0e,0x00,0x00,0x00,0x08,0x21,0x3b,0x54,0x6e,0x87,0x96,0x96,0xa1,0x96,0x93,0x9d,0x9b,0x9b,0x9b,0x8b,0x72,0x58,0x3f,0x25,0x0c,0x00,0x00,0x00,0x0b,0x23,0x3c,
    0x54,0x6b,0x80,0x92,0x9e,0x98,0x96,0x96,0x96,0x96,0x89,0x6f,0x56,0x3c,0x23,0x09,0x00,0x00,0x00,0x00,0x0d,0x27,0x40,0x5a,0x73,0x8d,0x9e,0x84,0x6b,0x51,0x38,0x4a,0x64,0x7d,0x97,0x94,0x7b,0x61,0x48,0x2e,0x15,0x00,0x00,0x00,0x05,0x1e,0x36,0x4f,0x67,0x80,
    0x98,0x96,0x7d,0x64,0x4c,0x33,0x42,0x5b,0x73,0x8c,0x9f,0x87,0x6e,0x56,0x3d,0x25,0x0c,0x00,0x00,0x00,0x05,0x1e,0x37,0x50,0x69,0x82,0x9b,0x8e,0x74,0x5b,0x50,0x5c,0x5c,0x5c,0x59,0x50,0x69,0x82,0x9c,0x89,0x70,0x57,0x3e,0x25,0x0c,0x00,0x00,0x00,0x00,0x13,
    0x2b,0x41,0x57,0x6d,0x83,0x99,0x95,0x7f,0x69,0x53,0x60,0x76,0x8d,0x9c,0x87,0x71,0x5b,0x46,0x30,0x19,0x01,0x00,0x00,0x00,0x00,0x0c,0x25,0x3f,0x58,0x72,0x8b,0x96,0x96,0x96,0x96,0x96,0x96,0x9b,0xa3,0x89,0x70,0x56,0x3d,0x23,0x0a,0x00,0x00,0x00,0x00,0x11,
    0x25,0x35,0x40,0x41,0x3a,0x53,0x6c,0x86,0x8f,0x8d,0x74,0x5a,0x41,0x3d,0x3f,0x38,0x2a,0x17,0x02,0x00,0x00,0x00,0x00,0x00,0x00,0x00,0x06,0x0f,0x12,0x1d,0x37,0x50,0x6a,0x83,0x93,0x8a,0x71,0x57,0x3e,0x24,0x12,0x10,0x09,0x00,0x00,0x00,0x00,0x00,0x00,0x00,
    0x00,0x00,0x00,0x00,0x16,0x2f,0x47,0x5f,0x77,0x8f,0x9d,0x85,0x6c,0x54,0x3b,0x47,0x5f,0x78,0x91,0x99,0x80,0x68,0x4f,0x37,0x1e,0x06,0x00,0x00,0x00,0x00,0x00,0x15,0x2e,0x48,0x61,0x7b,0x91,0x91,0x89,0x70,0x56,0x3d,0x23,0x0a,0x00,0x00,0x00,0x14,0x2c,0x41,
    0x53,0x59,0x59,0x67,0x80,0x9a,0x91,0x77,0x5e,0x59,0x59,0x59,0x56,0x47,0x32,0x1b,0x03,0x00,0x00,0x0c,0x25,0x3f,0x58,0x72,0x8b,0x91,0x91,0x79,0x5f,0x46,0x2c,0x13,0x00,0x00,0x00,0x00,0x00,0x00,0x09,0x14,0x1e,0x29,0x34,0x3f,0x4a,0x55,0x60,0x6a,0x75,0x80,
    0x8b,0x96,0x85,0x6c,0x52,0x39,0x1f,0x06,0x00,0x00,0x00,0x18,0x31,0x4b,0x64,0x7e,0x97,0x8e,0x83,0x78,0x6e,0x63,0x58,0x4d,0x42,0x37,0x2c,0x21,0x17,0x0c,0x00,0x00,0x00,0x00,0x00,0x00,0x02,0x1b,0x35,0x4e,0x68,0x7d,0x7d,0x7d,0x7d,0x7d,0x7d,0x81,0x8d,0xa0,
    0x8c,0x75,0x5d,0x44,0x2c,0x13,0x00,0x00,0x00,0x00,0x00,0x00,0x0a,0x23,0x3c,0x55,0x6d,0x85,0x9b,0x93,0x84,0x7e,0x7d,0x7d,0x7d,0x7d,0x7c,0x64,0x4a,0x31,0x17,0x00,0x00,0x00,0x07,0x20,0x39,0x51,0x6a,0x82,0x9a,0x94,0x84,0x7d,0x7d,0x7d,0x81,0x90,0x9e,0x87,
    0x6f,0x57,0x3f,0x26,0x0d,0x00,0x00,0x00,0x03,0x1d,0x36,0x50,0x69,0x83,0x9c,0x95,0x80,0x77,0x79,0x8c,0xa2,0x95,0x80,0x77,0x79,0x8b,0x9d,0x85,0x6c,0x53,0x3a,0x20,0x07,0x00,0x00,0x00,0x12,0x2c,0x45,0x5f,0x78,0x92,0xa6,0x91,0x82,0x7d,0x7d,0x7d,0x80,0x8e,
    0xa1,0x8d,0x75,0x5d,0x44,0x2c,0x13,0x00,0x00,0x00,0x00,0x0f,0x28,0x41,0x59,0x71,0x89,0x9f,0x90,0x82,0x7d,0x7d,0x7d,0x80,0x8c,0x9f,0x8e,0x77,0x5f,0x47,0x2e,0x15,0x00,0x00,0x00,0x08,0x21,0x3b,0x54,0x6d,0x7d,0x7d,0x7f,0x98,0xa5,0x92,0x84,0x81,0x81,0x81,
    0x81,0x72,0x58,0x3f,0x25,0x0c,0x00,0x00,0x00,0x10,0x29,0x42,0x5b,0x74,0x8c,0xa1,0x8d,0x80,0x7d,0x7d,0x7d,0x7d,0x7d,0x6f,0x56,0x3c,0x23,0x09,0x00,0x00,0x00,0x00,0x0d,0x27,0x40,0x5a,0x73,0x8d,0x9e,0x84,0x6b,0x51,0x38,0x4a,0x64,0x7d,0x97,0x94,0x7b,0x61,
    0x48,0x2e,0x15,0x00,0x00,0x00,0x00,0x17,0x2f,0x48,0x60,0x79,0x91,0x9c,0x84,0x6b,0x52,0x3a,0x49,0x61,0x7a,0x93,0x98,0x80,0x67,0x4f,0x36,0x1e,0x05,0x00,0x00,0x00,0x00,0x19,0x32,0x4c,0x65,0x7e,0x97,0x91,0x78,0x5f,0x5e,0x74,0x76,0x76,0x6c,0x54,0x6d,0x86,
    0x9e,0x85,0x6c,0x53,0x3a,0x20,0x07,0x00,0x00,0x00,0x00,0x08,0x1e,0x34,0x4a,0x60,0x76,0x8c,0xa1,0x8c,0x75,0x5f,0x6d,0x83,0x99,0x8f,0x79,0x64,0x4e,0x38,0x22,0x0d,0x00,0x00,0x00,0x00,0x00,0x0c,0x25,0x3f,0x58,0x72,0x7c,0x7c,0x7c,0x7c,0x7c,0x7c,0x7c,0x90,
    0xa2,0x89,0x70,0x56,0x3d,0x23,0x0a,0x00,0x00,0x00,0x05,0x1d,0x34,0x49,0x58,0x5a,0x50,0x51,0x6a,0x84,0x9d,0x8b,0x71,0x58,0x4c,0x55,0x59,0x4e,0x3a,0x24,0x0c,0x00,0x00,0x00,0x00,0x00,0x00,0x0d,0x1d,0x27,0x2b,0x2b,0x37,0x50,0x6a,0x83,0x9d,0x8a,0x71,0x57,
    0x3e,0x2b,0x2b,0x29,0x20,0x11,0x00,0x00,0x00,0x00,0x00,0x00,0x00,0x00,0x00,0x00,0x0e,0x27,0x3f,0x57,0x6f,0x87,0xa0,0x8c,0x73,0x5b,0x43,0x4d,0x66,0x7f,0x97,0x92,0x79,0x61,0x48,0x30,0x17,0x00,0x00,0x00,0x00,0x00,0x00,0x15,0x2e,0x47,0x60,0x77,0x78,0x78,
    0x78,0x6e,0x55,0x3c,0x23,0x09,0x00,0x00,0x01,0x1b,0x34,0x4d,0x65,0x73,0x73,0x73,0x80,0x9a,0x91,0x77,0x73,0x73,0x73,0x73,0x6b,0x54,0x3b,0x22,0x08,0x00,0x00,0x0b,0x25,0x3e,0x57,0x70,0x78,0x78,0x78,0x75,0x5e,0x45,0x2c,0x13,0x00,0x00,0x00,0x00,0x00,0x0f,
    0x1f,0x2b,0x35,0x40,0x4b,0x56,0x61,0x6c,0x77,0x82,0x8c,0x97,0x9f,0x95,0x85,0x6c,0x52,0x39,0x1f,0x06,0x00,0x00,0x00,0x18,0x31,0x4b,0x64,0x7e,0x92,0x9c,0x9a,0x8f,0x85,0x7a,0x6f,0x64,0x59,0x4e,0x43,0x39,0x2e,0x23,0x14,0x02,0x00,0x00,0x00,0x00,0x00,0x18,
    0x30,0x47,0x5b,0x63,0x63,0x63,0x63,0x63,0x63,0x6a,0x7d,0x95,0x95,0x7c,0x63,0x4a,0x30,0x17,0x00,0x00,0x00,0x00,0x00,0x00,0x0e,0x28,0x41,0x5a,0x73,0x8c,0x9e,0x85,0x6f,0x64,0x63,0x63,0x63,0x63,0x63,0x58,0x43,0x2c,0x13,0x00,0x00,0x00,0x0a,0x24,0x3d,0x56,
    0x70,0x89,0xa1,0x88,0x71,0x64,0x63,0x63,0x6c,0x81,0x9a,0x8f,0x76,0x5d,0x43,0x2a,0x11,0x00,0x00,0x00,0x03,0x1d,0x36,0x50,0x69,0x83,0x9c,0x8c,0x73,0x5d,0x6b,0x84,0x9e,0x8d,0x74,0x5d,0x6c,0x85,0x9e,0x89,0x6f,0x56,0x3c,0x23,0x0a,0x00,0x00,0x00,0x12,0x2c,
    0x45,0x5f,0x78,0x92,0x9b,0x83,0x6d,0x63,0x63,0x63,0x69,0x7e,0x95,0x95,0x7c,0x63,0x4a,0x30,0x17,0x00,0x00,0x00,0x00,0x13,0x2c,0x46,0x5f,0x78,0x91,0x99,0x81,0x6c,0x64,0x63,0x63,0x69,0x7b,0x93,0x97,0x7e,0x65,0x4c,0x33,0x19,0x00,0x00,0x00,0x04,0x1d,0x35,
    0x4c,0x5e,0x63,0x65,0x7f,0x98,0x99,0x82,0x6e,0x68,0x68,0x68,0x68,0x64,0x51,0x3a,0x22,0x09,0x00,0x00,0x00,0x12,0x2c,0x45,0x5f,0x78,0x91,0x99,0x80,0x69,0x63,0x63,0x63,0x63,0x63,0x5f,0x4d,0x37,0x1f,0x06,0x00,0x00,0x00,0x00,0x0d,0x27,0x40,0x5a,0x73,0x8d,
    0x9e,0x84,0x6b,0x51,0x38,0x4a,0x64,0x7d,0x97,0x94,0x7b,0x61,0x48,0x2e,0x15,0x00,0x00,0x00,0x00,0x10,0x28,0x41,0x59,0x72,0x8a,0xa3,0x8a,0x72,0x59,0x41,0x4f,0x68,0x81,0x99,0x91,0x79,0x60,0x48,0x2f,0x17,0x00,0x00,0x00,0x00,0x00,0x15,0x2e,0x47,0x60,0x79,
    0x92,0x95,0x7c,0x62,0x63,0x7c,0x8f,0x8b,0x72,0x59,0x70,0x8a,0x9a,0x80,0x67,0x4e,0x35,0x1c,0x03,0x00,0x00,0x00,0x00,0x00,0x11,0x27,0x3d,0x53,0x69,0x7e,0x94,0x98,0x82,0x6c,0x7a,0x90,0x98,0x82,0x6c,0x56,0x41,0x2b,0x15,0x00,0x00,0x00,0x00,0x00,0x00,0x08,
    0x21,0x39,0x4f,0x60,0x63,0x63,0x63,0x63,0x63,0x73,0x88,0x9d,0x93,0x7e,0x69,0x53,0x3b,0x22,0x09,0x00,0x00,0x00,0x0d,0x25,0x3d,0x55,0x6d,0x71,0x68,0x5e,0x68,0x81,0x9b,0x89,0x6f,0x5b,0x64,0x6d,0x71,0x5d,0x45,0x2c,0x14,0x00,0x00,0x00,0x00,0x00,0x09,0x1f,
    0x31,0x3f,0x45,0x45,0x45,0x50,0x6a,0x83,0x9d,0x8a,0x71,0x57,0x45,0x45,0x45,0x42,0x35,0x23,0x0f,0x00,0x00,0x00,0x00,0x00,0x00,0x00,0x00,0x00,0x06,0x1f,0x37,0x4f,0x67,0x7f,0x98,0x93,0x7b,0x62,0x4a,0x54,0x6c,0x85,0x9e,0x8b,0x73,0x5a,0x41,0x29,0x10,0x00,
    0x00,0x00,0x00,0x00,0x00,0x10,0x28,0x3f,0x53,0x5e,0x5e,0x5e,0x5e,0x5b,0x4b,0x35,0x1d,0x05,0x00,0x00,0x02,0x1b,0x35,0x4e,0x68,0x81,0x8c,0x8c,0x8c,0x9d,0x95,0x8c,0x8c,0x8c,0x8c,0x89,0x6f,0x56,0x3c,0x23,0x09,0x00,0x00,0x07,0x1f,0x37,0x4c,0x5c,0x5e,0x5e,
    0x5e,0x5e,0x51,0x3d,0x26,0x0e,0x00,0x00,0x00,0x00,0x0a,0x20,0x33,0x42,0x4d,0x57,0x62,0x6d,0x78,0x83,0x8e,0x99,0x9d,0x92,0x88,0x7e,0x74,0x66,0x50,0x37,0x1e,0x05,0x00,0x00,0x00,0x17,0x30,0x49,0x60,0x71,0x7b,0x85,0x8f,0x99,0x9c,0x91,0x86,0x7b,0x70,0x65,
    0x5a,0x50,0x45,0x38,0x25,0x10,0x00,0x00,0x00,0x00,0x00,0x0e,0x24,0x37,0x45,0x4a,0x4f,0x55,0x57,0x57,0x57,0x5f,0x78,0x92,0x99,0x7f,0x66,0x4c,0x33,0x19,0x00,0x00,0x00,0x00,0x00,0x00,0x11,0x2a,0x43,0x5d,0x76,0x90,0x9b,0x81,0x68,0x4e,0x4a,0x4a,0x4a,0x4a,
    0x4a,0x43,0x34,0x20,0x0a,0x00,0x00,0x00,0x0c,0x26,0x3f,0x59,0x72,0x8c,0x9f,0x85,0x6c,0x52,0x4a,0x4a,0x64,0x7d,0x97,0x92,0x79,0x5f,0x46,0x2c,0x13,0x00,0x00,0x00,0x03,0x1d,0x36,0x50,0x69,0x83,0x9c,0x8b,0x71,0x58,0x6a,0x83,0x9d,0x8a,0x71,0x57,0x6a,0x83,
    0x9d,0x8a,0x70,0x57,0x3d,0x24,0x0a,0x00,0x00,0x00,0x12,0x2c,0x45,0x5f,0x78,0x92,0x99,0x80,0x66,0x4d,0x4a,0x4a,0x5f,0x78,0x92,0x98,0x7f,0x65,0x4c,0x33,0x19,0x00,0x00,0x00,0x00,0x15,0x2f,0x48,0x62,0x7b,0x95,0x96,0x7c,0x63,0x4a,0x4a,0x4a,0x5d,0x76,0x90,
    0x9b,0x81,0x68,0x4e,0x35,0x1c,0x02,0x00,0x00,0x00,0x13,0x28,0x3b,0x47,0x4c,0x65,0x7f,0x98,0x93,0x79,0x60,0x4e,0x4e,0x4e,0x4e,0x4c,0x40,0x2e,0x18,0x01,0x00,0x00,0x00,0x12,0x2c,0x45,0x5f,0x78,0x92,0x99,0x7f,0x66,0x4e,0x4e,0x4c,0x4a,0x4a,0x48,0x3c,0x2a,
    0x14,0x00,0x00,0x00,0x00,0x00,0x0d,0x27,0x40,0x5a,0x73,0x8d,0x9e,0x84,0x6b,0x51,0x38,0x4a,0x64,0x7d,0x97,0x94,0x7b,0x61,0x48,0x2e,0x15,0x00,0x00,0x00,0x00,0x09,0x21,0x3a,0x52,0x6b,0x83,0x9c,0x91,0x78,0x60,0x47,0x56,0x6e,0x87,0xa0,0x8a,0x72,0x59,0x41,
    0x28,0x10,0x00,0x00,0x00,0x00,0x00,0x10,0x29,0x43,0x5c,0x75,0x8e,0x98,0x7f,0x66,0x68,0x81,0x9a,0x90,0x77,0x5e,0x74,0x8d,0x95,0x7c,0x63,0x4a,0x31,0x18,0x00,0x00,0x00,0x00,0x00,0x00,0x04,0x1a,0x30,0x46,0x5c,0x71,0x87,0x9d,0x8f,0x78,0x87,0x9d,0x8a,0x74,
    0x5f,0x49,0x33,0x1e,0x08,0x00,0x00,0x00,0x00,0x00,0x00,0x00,0x16,0x2b,0x3d,0x47,0x49,0x49,0x49,0x57,0x6c,0x81,0x96,0x9a,0x85,0x70,0x5b,0x46,0x31,0x1a,0x03,0x00,0x00,0x00,0x15,0x2d,0x45,0x5d,0x76,0x89,0x7f,0x76,0x6c,0x7f,0x99,0x86,0x6d,0x72,0x7b,0x85,
    0x7d,0x65,0x4c,0x34,0x1c,0x03,0x00,0x00,0x00,0x00,0x14,0x2b,0x42,0x55,0x5e,0x5e,0x5e,0x5e,0x6a,0x83,0x9d,0x8a,0x71,0x5e,0x5e,0x5e,0x5e,0x59,0x47,0x31,0x1a,0x01,0x00,0x00,0x00,0x00,0x00,0x00,0x00,0x00,0x00,0x17,0x2f,0x47,0x5f,0x77,0x90,0x9a,0x82,0x6a,
    0x51,0x5a,0x73,0x8b,0x9d,0x84,0x6c,0x53,0x3b,0x22,0x09,0x00,0x00,0x00,0x00,0x00,0x00,0x06,0x1b,0x2f,0x3e,0x45,0x45,0x45,0x45,0x43,0x38,0x27,0x12,0x00,0x00,0x00,0x02,0x1b,0x35,0x4e,0x68,0x81,0x96,0x96,0x96,0xa2,0x9c,0x96,0x96,0x96,0x96,0x89,0x6f,0x56,
    0x3c,0x23,0x09,0x00,0x00,0x00,0x14,0x28,0x39,0x43,0x45,0x45,0x45,0x44,0x3d,0x2d,0x1a,0x04,0x00,0x00,0x00,0x00,0x14,0x2c,0x43,0x57,0x64,0x6e,0x79,0x84,0x8f,0x9a,0x9a,0x90,0x85,0x7b,0x71,0x67,0x5c,0x52,0x42,0x2e,0x17,0x00,0x00,0x00,0x00,0x10,0x27,0x3d,
    0x4e,0x59,0x63,0x6d,0x78,0x82,0x8c,0x96,0x9d,0x92,0x87,0x7c,0x72,0x67,0x5b,0x49,0x32,0x1b,0x02,0x00,0x00,0x00,0x00,0x16,0x2b,0x3e,0x4f,0x5d,0x68,0x6e,0x71,0x71,0x71,0x71,0x78,0x92,0x99,0x80,0x66,0x4d,0x33,0x1a,0x00,0x00,0x00,0x00,0x00,0x00,0x11,0x2a,
    0x44,0x5d,0x77,0x90,0x9b,0x81,0x68,0x4e,0x35,0x30,0x30,0x30,0x30,0x2c,0x20,0x10,0x00,0x00,0x00,0x00,0x0d,0x26,0x40,0x59,0x73,0x8c,0x9f,0x85,0x6c,0x60,0x60,0x60,0x64,0x7d,0x97,0x92,0x79,0x5f,0x46,0x2c,0x13,0x00,0x00,0x00,0x03,0x1d,0x36,0x50,0x69,0x83,
    0x9c,0x8b,0x71,0x58,0x6a,0x83,0x9d,0x8a,0x71,0x57,0x6a,0x83,0x9d,0x8a,0x70,0x57,0x3d,0x24,0x0a,0x00,0x00,0x00,0x12,0x2c,0x45,0x5f,0x78,0x92,0x99,0x80,0x66,0x4d,0x33,0x45,0x5f,0x78,0x92,0x99,0x7f,0x66,0x4c,0x33,0x19,0x00,0x00,0x00,0x00,0x16,0x2f,0x49,
    0x62,0x7c,0x95,0x96,0x7c,0x63,0x49,0x30,0x43,0x5d,0x76,0x90,0x9b,0x82,0x68,0x4f,0x35,0x1c,0x02,0x00,0x00,0x00,0x04,0x17,0x25,0x32,0x4c,0x65,0x7f,0x98,0x93,0x79,0x60,0x46,0x35,0x35,0x35,0x33,0x2b,0x1c,0x0a,0x00,0x00,0x00,0x00,0x12,0x2c,0x45,0x5f,0x78,
    0x91,0x9a,0x81,0x6b,0x68,0x68,0x65,0x5f,0x54,0x46,0x36,0x23,0x0e,0x00,0x00,0x00,0x00,0x00,0x0d,0x27,0x40,0x5a,0x73,0x8d,0x9e,0x84,0x6b,0x51,0x38,0x4a,0x64,0x7d,0x97,0x94,0x7b,0x61,0x48,0x2e,0x15,0x00,0x00,0x00,0x00,0x02,0x1a,0x33,0x4b,0x64,0x7c,0x94,
    0x98,0x7f,0x67,0x4e,0x5c,0x75,0x8e,0x9c,0x83,0x6b,0x52,0x3a,0x21,0x09,0x00,0x00,0x00,0x00,0x00,0x0c,0x25,0x3e,0x57,0x70,0x89,0x9c,0x83,0x6a,0x6e,0x87,0xa0,0x95,0x7c,0x63,0x78,0x91,0x91,0x77,0x5e,0x45,0x2c,0x13,0x00,0x00,0x00,0x00,0x00,0x00,0x00,0x0d,
    0x23,0x39,0x4e,0x64,0x7a,0x90,0x9b,0x85,0x93,0x93,0x7d,0x67,0x51,0x3c,0x26,0x10,0x00,0x00,0x00,0x00,0x00,0x00,0x00,0x00,0x07,0x19,0x27,0x2e,0x30,0x3b,0x50,0x65,0x7a,0x8f,0xa0,0x8b,0x76,0x61,0x4c,0x37,0x22,0x0d,0x00,0x00,0x00,0x04,0x1d,0x35,0x4d,0x65,
    0x7e,0x96,0x97,0x8e,0x84,0x7d,0x97,0x84,0x81,0x8a,0x93,0x9c,0x85,0x6c,0x54,0x3c,0x23,0x0b,0x00,0x00,0x00,0x00,0x19,0x32,0x4b,0x64,0x78,0x78,0x78,0x78,0x78,0x83,0x9d,0x8a,0x78,0x78,0x78,0x78,0x78,0x6a,0x51,0x38,0x1f,0x05,0x00,0x00,0x00,0x00,0x00,0x00,
    0x00,0x00,0x00,0x0f,0x27,0x3f,0x57,0x6f,0x88,0xa0,0x89,0x71,0x58,0x60,0x79,0x92,0x96,0x7d,0x65,0x4c,0x34,0x1b,0x03,0x00,0x00,0x00,0x00,0x00,0x00,0x00,0x0b,0x1b,0x26,0x2b,0x2b,0x2b,0x2b,0x2a,0x22,0x14,0x03,0x00,0x00,0x00,0x02,0x1b,0x35,0x4e,0x68,0x7d,
    0x7d,0x7d,0x80,0x9a,0x91,0x7d,0x7d,0x7d,0x7d,0x7d,0x6f,0x56,0x3c,0x23,0x09,0x00,0x00,0x00,0x04,0x15,0x23,0x2a,0x2b,0x2b,0x2b,0x2b,0x25,0x1a,0x09,0x00,0x00,0x00,0x00,0x00,0x18,0x31,0x4b,0x64,0x7b,0x86,0x90,0x9b,0x97,0x8d,0x82,0x78,0x6e,0x64,0x59,0x4f,
    0x45,0x3b,0x2f,0x1e,0x0a,0x00,0x00,0x00,0x00,0x05,0x19,0x2b,0x38,0x42,0x4c,0x56,0x60,0x6a,0x74,0x7e,0x88,0x93,0x9d,0x93,0x89,0x7e,0x6b,0x52,0x38,0x1f,0x06,0x00,0x00,0x00,0x0c,0x23,0x39,0x4f,0x62,0x73,0x80,0x87,0x8a,0x8a,0x8a,0x8a,0x8a,0x95,0x99,0x80,
    0x66,0x4d,0x33,0x1a,0x00,0x00,0x00,0x00,0x00,0x00,0x11,0x2a,0x44,0x5d,0x77,0x90,0x9b,0x81,0x68,0x4e,0x35,0x1b,0x17,0x17,0x17,0x13,0x0a,0x00,0x00,0x00,0x00,0x00,0x0d,0x26,0x40,0x59,0x73,0x8c,0x9f,0x85,0x7a,0x7a,0x7a,0x7a,0x7a,0x7d,0x97,0x92,0x79,0x5f,
    0x46,0x2c,0x13,0x00,0x00,0x00,0x03,0x1d,0x36,0x50,0x69,0x83,0x9c,0x8b,0x71,0x58,0x6a,0x83,0x9d,0x8a,0x71,0x57,0x6a,0x83,0x9d,0x8a,0x70,0x57,0x3d,0x24,0x0a,0x00,0x00,0x00,0x12,0x2c,0x45,0x5f,0x78,0x92,0x99,0x80,0x66,0x4d,0x33,0x45,0x5f,0x78,0x92,0x99,
    0x7f,0x66,0x4c,0x33,0x19,0x00,0x00,0x00,0x00,0x16,0x2f,0x49,0x62,0x7c,0x95,0x96,0x7c,0x63,0x49,0x30,0x43,0x5d,0x76,0x90,0x9b,0x82,0x68,0x4f,0x35,0x1c,0x02,0x00,0x00,0x00,0x00,0x02,0x19,0x32,0x4c,0x65,0x7f,0x98,0x93,0x79,0x60,0x46,0x2d,0x1b,0x1b,0x1a,
    0x14,0x08,0x00,0x00,0x00,0x00,0x00,0x10,0x29,0x42,0x5b,0x74,0x8d,0xa2,0x8e,0x83,0x81,0x81,0x7e,0x76,0x6a,0x5a,0x47,0x32,0x1b,0x05,0x00,0x00,0x00,0x00,0x0d,0x27,0x40,0x5a,0x73,0x8d,0x9e,0x84,0x6b,0x51,0x38,0x4a,0x64,0x7d,0x97,0x94,0x7b,0x61,0x48,0x2e,
    0x15,0x00,0x00,0x00,0x00,0x00,0x13,0x2b,0x44,0x5c,0x75,0x8d,0x9e,0x86,0x6d,0x55,0x63,0x7b,0x94,0x95,0x7c,0x64,0x4b,0x33,0x1a,0x02,0x00,0x00,0x00,0x00,0x00,0x07,0x20,0x39,0x53,0x6c,0x85,0x9e,0x86,0x6d,0x73,0x8c,0xa5,0x9a,0x81,0x68,0x7b,0x95,0x8c,0x73,
    0x5a,0x41,0x28,0x0f,0x00,0x00,0x00,0x00,0x00,0x00,0x00,0x00,0x16,0x2c,0x41,0x57,0x6d,0x83,0x99,0x9c,0x9b,0x85,0x70,0x5a,0x44,0x2e,0x19,0x03,0x00,0x00,0x00,0x00,0x00,0x00,0x00,0x00,0x00,0x04,0x0f,0x1f,0x34,0x49,0x5e,0x73,0x88,0x9d,0x92,0x7d,0x68,0x53,
    0x3e,0x29,0x14,0x00,0x00,0x00,0x00,0x07,0x20,0x3a,0x53,0x6d,0x81,0x86,0x8c,0x91,0x97,0x93,0x9d,0x93,0x98,0x93,0x8e,0x88,0x83,0x74,0x5a,0x41,0x27,0x0e,0x00,0x00,0x00,0x00,0x19,0x32,0x4c,0x65,0x7f,0x91,0x91,0x91,0x91,0x92,0xa2,0x94,0x91,0x91,0x91,0x91,
    0x85,0x6c,0x52,0x39,0x1f,0x06,0x00,0x00,0x00,0x00,0x00,0x00,0x00,0x00,0x00,0x07,0x1f,0x37,0x4f,0x68,0x80,0x98,0x91,0x78,0x60,0x67,0x80,0x98,0x8f,0x77,0x5e,0x45,0x2d,0x14,0x00,0x00,0x00,0x00,0x00,0x00,0x00,0x00,0x00,0x05,0x0e,0x12,0x12,0x12,0x12,0x11,
    0x0a,0x00,0x00,0x00,0x00,0x00,0x00,0x18,0x30,0x47,0x5b,0x63,0x63,0x67,0x80,0x9a,0x91,0x77,0x63,0x63,0x63,0x63,0x5f,0x4d,0x36,0x1e,0x06,0x00,0x00,0x00,0x00,0x00,0x0b,0x11,0x12,0x12,0x12,0x12,0x0d,0x04,0x00,0x00,0x00,0x00,0x00,0x00,0x18,0x31,0x4b,0x64,
    0x7e,0x97,0x94,0x8a,0x80,0x75,0x6b,0x61,0x57,0x4c,0x42,0x38,0x2e,0x23,0x19,0x0b,0x00,0x00,0x00,0x00,0x00,0x00,0x07,0x16,0x20,0x2a,0x35,0x3f,0x49,0x53,0x5d,0x67,0x71,0x7b,0x85,0x8f,0x9c,0x85,0x6c,0x52,0x39,0x1f,0x06,0x00,0x00,0x00,0x15,0x2d,0x45,0x5c,
    0x72,0x86,0x96,0x9f,0x99,0x98,0x98,0x98,0x98,0x9e,0x99,0x80,0x66,0x4d,0x33,0x1a,0x00,0x00,0x00,0x00,0x00,0x00,0x11,0x2a,0x44,0x5d,0x77,0x90,0x9b,0x81,0x68,0x4e,0x35,0x1b,0x02,0x00,0x00,0x00,0x00,0x00,0x00,0x00,0x00,0x00,0x0d,0x26,0x40,0x59,0x73,0x8c,
    0xa5,0x94,0x93,0x93,0x93,0x93,0x93,0x93,0x9e,0x92,0x79,0x5f,0x46,0x2c,0x13,0x00,0x00,0x00,0x03,0x1d,0x36,0x50,0x69,0x83,0x9c,0x8b,0x71,0x58,0x6a,0x83,0x9d,0x8a,0x71,0x57,0x6a,0x83,0x9d,0x8a,0x70,0x57,0x3d,0x24,0x0a,0x00,0x00,0x00,0x12,0x2c,0x45,0x5f,
    0x78,0x92,0x99,0x80,0x66,0x4d,0x33,0x45,0x5f,0x78,0x92,0x99,0x7f,0x66,0x4c,0x33,0x19,0x00,0x00,0x00,0x00,0x16,0x2f,0x49,0x62,0x7c,0x95,0x96,0x7c,0x63,0x49,0x30,0x43,0x5d,0x76,0x90,0x9b,0x82,0x68,0x4f,0x35,0x1c,0x02,0x00,0x00,0x00,0x00,0x00,0x19,0x32,
    0x4c,0x65,0x7f,0x98,0x93,0x79,0x60,0x46,0x2d,0x13,0x02,0x01,0x00,0x00,0x00,0x00,0x00,0x00,0x00,0x0b,0x24,0x3c,0x54,0x6c,0x82,0x95,0xa1,0x9c,0x9b,0x9a,0x97,0x8d,0x7e,0x6a,0x54,0x3e,0x26,0x0e,0x00,0x00,0x00,0x00,0x0d,0x27,0x40,0x5a,0x73,0x8d,0x9e,0x84,
    0x6b,0x51,0x38,0x4a,0x64,0x7d,0x97,0x94,0x7b,0x61,0x48,0x2e,0x15,0x00,0x00,0x00,0x00,0x00,0x0c,0x24,0x3d,0x55,0x6e,0x86,0x9f,0x8c,0x74,0x5b,0x69,0x82,0x9b,0x8e,0x75,0x5d,0x44,0x2c,0x13,0x00,0x00,0x00,0x00,0x00,0x00,0x03,0x1c,0x35,0x4e,0x67,0x80,0x99,
    0x8a,0x71,0x78,0x91,0x8d,0x97,0x86,0x6d,0x7f,0x98,0x88,0x6f,0x55,0x3c,0x23,0x0a,0x00,0x00,0x00,0x00,0x00,0x00,0x00,0x00,0x09,0x1e,0x34,0x4a,0x60,0x76,0x8c,0xa4,0x8f,0x78,0x62,0x4c,0x37,0x21,0x0b,0x00,0x00,0x00,0x00,0x00,0x00,0x00,0x00,0x00,0x00,0x03,
    0x18,0x2d,0x42,0x57,0x6c,0x81,0x97,0x98,0x83,0x6e,0x59,0x44,0x2f,0x1a,0x05,0x00,0x00,0x00,0x00,0x04,0x1d,0x35,0x4c,0x60,0x68,0x6d,0x73,0x78,0x7e,0x8f,0x9b,0x95,0x7f,0x7a,0x75,0x6f,0x6a,0x64,0x53,0x3c,0x24,0x0b,0x00,0x00,0x00,0x00,0x19,0x32,0x4c,0x65,
    0x7f,0x91,0x91,0x91,0x91,0x92,0xa2,0x94,0x91,0x91,0x91,0x91,0x85,0x6c,0x52,0x39,0x1f,0x06,0x00,0x00,0x00,0x00,0x00,0x00,0x00,0x00,0x00,0x00,0x17,0x2f,0x47,0x60,0x78,0x90,0x98,0x7f,0x67,0x6d,0x86,0x9f,0x88,0x70,0x57,0x3f,0x26,0x0d,0x00,0x00,0x00,0x00,
    0x00,0x00,0x00,0x00,0x00,0x05,0x0e,0x12,0x12,0x12,0x12,0x11,0x0a,0x00,0x00,0x00,0x00,0x00,0x00,0x0e,0x24,0x37,0x45,0x4a,0x4d,0x67,0x80,0x9a,0x91,0x77,0x5e,0x4a,0x4a,0x4a,0x47,0x3b,0x29,0x14,0x00,0x00,0x00,0x00,0x00,0x00,0x0b,0x11,0x12,0x12,0x12,0x12,
    0x0d,0x04,0x00,0x00,0x00,0x00,0x00,0x00,0x18,0x31,0x4b,0x64,0x7e,0x97,0x89,0x7e,0x74,0x6a,0x5f,0x55,0x4b,0x40,0x36,0x2c,0x21,0x17,0x0d,0x01,0x00,0x00,0x00,0x00,0x00,0x00,0x00,0x0a,0x14,0x1e,0x28,0x33,0x3d,0x47,0x51,0x5b,0x65,0x6f,0x7a,0x84,0x96,0x85,
    0x6c,0x52,0x39,0x1f,0x06,0x00,0x00,0x03,0x1c,0x35,0x4d,0x66,0x7e,0x95,0x9a,0x88,0x7f,0x7f,0x7f,0x7f,0x7f,0x92,0x99,0x80,0x66,0x4d,0x33,0x1a,0x00,0x00,0x00,0x00,0x00,0x00,0x11,0x2a,0x44,0x5d,0x77,0x90,0x9b,0x81,0x68,0x4e,0x35,0x1b,0x02,0x00,0x00,0x00,
    0x00,0x00,0x00,0x00,0x00,0x00,0x0d,0x26,0x40,0x59,0x73,0x8c,0xa3,0x90,0x8f,0x8f,0x8f,0x8f,0x8f,0x8f,0x8f,0x8f,0x79,0x5f,0x46,0x2c,0x13,0x00,0x00,0x00,0x03,0x1d,0x36,0x50,0x69,0x83,0x9c,0x8b,0x71,0x58,0x6a,0x83,0x9d,0x8a,0x71,0x57,0x6a,0x83,0x9d,0x8a,
    0x70,0x57,0x3d,0x24,0x0a,0x00,0x00,0x00,0x12,0x2c,0x45,0x5f,0x78,0x92,0x99,0x80,0x66,0x4d,0x33,0x45,0x5f,0x78,0x92,0x99,0x7f,0x66,0x4c,0x33,0x19,0x00,0x00,0x00,0x00,0x16,0x2f,0x49,0x62,0x7c,0x95,0x96,0x7c,0x63,0x49,0x30,0x43,0x5d,0x76,0x90,0x9b,0x82,
    0x68,0x4f,0x35,0x1c,0x02,0x00,0x00,0x00,0x00,0x00,0x19,0x32,0x4c,0x65,0x7f,0x98,0x93,0x79,0x60,0x46,0x2d,0x13,0x00,0x00,0x00,0x00,0x00,0x00,0x00,0x00,0x00,0x04,0x1b,0x33,0x49,0x5e,0x71,0x7f,0x88,0x8c,0x8d,0x8d,0x93,0xa2,0x8d,0x76,0x5f,0x46,0x2d,0x14,
    0x00,0x00,0x00,0x00,0x0d,0x27,0x40,0x5a,0x73,0x8d,0x9e,0x84,0x6b,0x51,0x38,0x4a,0x64,0x7d,0x97,0x94,0x7b,0x61,0x48,0x2e,0x15,0x00,0x00,0x00,0x00,0x00,0x05,0x1d,0x36,0x4e,0x67,0x7f,0x98,0x93,0x7b,0x62,0x70,0x88,0x9f,0x86,0x6e,0x55,0x3d,0x24,0x0c,0x00,
    0x00,0x00,0x00,0x00,0x00,0x00,0x17,0x30,0x4a,0x63,0x7c,0x95,0x8e,0x74,0x7e,0x97,0x82,0x91,0x8b,0x72,0x83,0x9c,0x83,0x6a,0x51,0x38,0x1f,0x06,0x00,0x00,0x00,0x00,0x00,0x00,0x00,0x00,0x10,0x26,0x3c,0x51,0x67,0x7d,0x93,0xa5,0x98,0x82,0x6c,0x56,0x41,0x2b,
    0x15,0x00,0x00,0x00,0x00,0x00,0x00,0x00,0x00,0x00,0x00,0x11,0x26,0x3b,0x50,0x65,0x7b,0x90,0x9f,0x8a,0x75,0x60,0x4b,0x36,0x21,0x0c,0x00,0x00,0x00,0x00,0x00,0x00,0x13,0x29,0x3c,0x49,0x4f,0x55,0x62,0x76,0x89,0x98,0x83,0x94,0x8d,0x79,0x66,0x56,0x51,0x4c,
    0x41,0x2f,0x1a,0x03,0x00,0x00,0x00,0x00,0x19,0x32,0x4b,0x64,0x78,0x78,0x78,0x78,0x78,0x83,0x9d,0x8a,0x78,0x78,0x78,0x78,0x78,0x6a,0x51,0x38,0x1f,0x05,0x00,0x00,0x00,0x00,0x00,0x00,0x00,0x00,0x00,0x00,0x0f,0x27,0x3f,0x58,0x70,0x88,0x9f,0x87,0x6e,0x74,
    0x8c,0x9a,0x81,0x69,0x50,0x38,0x1f,0x07,0x00,0x00,0x00,0x00,0x00,0x00,0x00,0x00,0x0b,0x1b,0x26,0x2b,0x2b,0x2b,0x2b,0x2a,0x22,0x14,0x03,0x00,0x00,0x00,0x00,0x00,0x13,0x22,0x2d,0x34,0x4d,0x67,0x80,0x9a,0x91,0x77,0x5e,0x44,0x30,0x30,0x2f,0x26,0x18,0x06,
    0x00,0x00,0x00,0x00,0x04,0x15,0x23,0x2a,0x2b,0x2b,0x2b,0x2b,0x25,0x1a,0x09,0x00,0x00,0x00,0x00,0x00,0x18,0x31,0x4b,0x64,0x7e,0x96,0xa0,0x95,0x8b,0x81,0x77,0x6c,0x62,0x58,0x4d,0x43,0x39,0x2e,0x24,0x15,0x02,0x00,0x00,0x00,0x00,0x00,0x10,0x20,0x2b,0x36,
    0x40,0x4a,0x54,0x5e,0x68,0x72,0x7d,0x87,0x91,0x9b,0x99,0x85,0x6c,0x52,0x39,0x1f,0x06,0x00,0x00,0x07,0x20,0x3a,0x53,0x6c,0x85,0x9e,0x8d,0x76,0x66,0x65,0x65,0x65,0x78,0x92,0x99,0x80,0x66,0x4d,0x33,0x1a,0x00,0x00,0x00,0x00,0x00,0x00,0x11,0x2a,0x44,0x5d,
    0x77,0x90,0x9b,0x81,0x68,0x4e,0x35,0x1b,0x17,0x17,0x17,0x13,0x0a,0x00,0x00,0x00,0x00,0x00,0x0d,0x26,0x40,0x59,0x73,0x8c,0x9f,0x85,0x76,0x76,0x76,0x76,0x76,0x76,0x76,0x76,0x74,0x5e,0x45,0x2c,0x12,0x00,0x00,0x00,0x03,0x1d,0x36,0x50,0x69,0x83,0x9c,0x8b,
    0x71,0x58,0x6a,0x83,0x9d,0x8a,0x71,0x57,0x6a,0x83,0x9d,0x8a,0x70,0x57,0x3d,0x24,0x0a,0x00,0x00,0x00,0x12,0x2c,0x45,0x5f,0x78,0x92,0x99,0x80,0x66,0x4d,0x33,0x45,0x5f,0x78,0x92,0x99,0x7f,0x66,0x4c,0x33,0x19,0x00,0x00,0x00,0x00,0x16,0x2f,0x49,0x62,0x7c,
    0x95,0x96,0x7c,0x63,0x49,0x30,0x43,0x5d,0x76,0x90,0x9b,0x82,0x68,0x4f,0x35,0x1c,0x02,0x00,0x00,0x00,0x00,0x02,0x19,0x32,0x4c,0x65,0x7f,0x98,0x93,0x79,0x60,0x46,0x2d,0x15,0x0e,0x02,0x00,0x00,0x00,0x00,0x00,0x00,0x00,0x00,0x10,0x26,0x3a,0x4d,0x5c,0x68,
    0x6f,0x73,0x73,0x73,0x7f,0x96,0x96,0x7d,0x64,0x4b,0x32,0x18,0x00,0x00,0x00,0x00,0x0d,0x27,0x40,0x5a,0x73,0x8d,0x9e,0x84,0x6b,0x51,0x38,0x4a,0x64,0x7d,0x97,0x94,0x7b,0x61,0x48,0x2e,0x15,0x00,0x00,0x00,0x00,0x00,0x00,0x16,0x2f,0x47,0x60,0x78,0x91,0x9a,
    0x81,0x69,0x76,0x8f,0x98,0x7f,0x67,0x4e,0x36,0x1d,0x05,0x00,0x00,0x00,0x00,0x00,0x00,0x00,0x13,0x2c,0x45,0x5e,0x77,0x90,0x91,0x78,0x83,0x95,0x7c,0x8c,0x90,0x77,0x86,0x98,0x7f,0x66,0x4d,0x33,0x1a,0x01,0x00,0x00,0x00,0x00,0x00,0x00,0x00,0x07,0x1d,0x33,
    0x49,0x5f,0x74,0x8a,0x9e,0x8b,0x99,0x8f,0x79,0x64,0x4e,0x38,0x22,0x0c,0x00,0x00,0x00,0x00,0x00,0x00,0x00,0x00,0x0a,0x1f,0x34,0x49,0x5f,0x74,0x89,0x9e,0x90,0x7b,0x66,0x51,0x3c,0x27,0x13,0x0b,0x00,0x00,0x00,0x00,0x00,0x00,0x05,0x18,0x27,0x3a,0x4d,0x60,
    0x73,0x86,0x9a,0x8b,0x75,0x86,0x9c,0x8a,0x77,0x63,0x50,0x3d,0x2b,0x1d,0x0b,0x00,0x00,0x00,0x00,0x00,0x14,0x2b,0x42,0x55,0x5e,0x5e,0x5e,0x5e,0x6a,0x83,0x9d,0x8a,0x71,0x5e,0x5e,0x5e,0x5e,0x59,0x47,0x31,0x1a,0x01,0x00,0x00,0x00,0x00,0x00,0x00,0x00,0x00,
    0x00,0x00,0x07,0x1f,0x37,0x50,0x68,0x80,0x98,0x8e,0x76,0x7a,0x93,0x93,0x7a,0x62,0x49,0x31,0x18,0x00,0x00,0x00,0x00,0x00,0x00,0x00,0x00,0x06,0x1b,0x2f,0x3e,0x45,0x45,0x45,0x45,0x43,0x38,0x27,0x12,0x00,0x00,0x00,0x00,0x00,0x00,0x0c,0x1a,0x34,0x4d,0x67,
    0x80,0x9a,0x91,0x77,0x5e,0x44,0x2b,0x17,0x16,0x0f,0x03,0x00,0x00,0x00,0x00,0x00,0x14,0x28,0x39,0x43,0x45,0x45,0x45,0x44,0x3d,0x2d,0x1a,0x04,0x00,0x00,0x00,0x00,0x17,0x31,0x4a,0x62,0x74,0x7f,0x8a,0x94,0x9f,0x98,0x8e,0x84,0x79,0x6f,0x65,0x5a,0x50,0x46,
    0x39,0x26,0x11,0x00,0x00,0x00,0x00,0x0b,0x20,0x34,0x43,0x4d,0x57,0x61,0x6b,0x76,0x80,0x8a,0x94,0x9e,0x97,0x8d,0x82,0x77,0x68,0x51,0x38,0x1e,0x05,0x00,0x00,0x09,0x22,0x3c,0x55,0x6f,0x88,0xa2,0x89,0x6f,0x56,0x4c,0x4c,0x5f,0x78,0x92,0x99,0x80,0x66,0x4d,
    0x33,0x1a,0x07,0x00,0x00,0x00,0x00,0x00,0x11,0x2a,0x44,0x5d,0x77,0x90,0x9b,0x81,0x68,0x4e,0x35,0x30,0x30,0x30,0x30,0x2c,0x20,0x10,0x00,0x00,0x00,0x00,0x0d,0x26,0x40,0x59,0x73,0x8c,0x9f,0x85,0x6c,0x5c,0x5c,0x5c,0x5c,0x5c,0x5c,0x5c,0x5c,0x50,0x3c,0x25,
    0x0d,0x00,0x00,0x00,0x03,0x1d,0x36,0x50,0x69,0x83,0x9c,0x8b,0x71,0x58,0x6a,0x83,0x9d,0x8a,0x71,0x57,0x6a,0x83,0x9d,0x8a,0x70,0x57,0x3d,0x24,0x0a,0x00,0x00,0x00,0x12,0x2c,0x45,0x5f,0x78,0x92,0x99,0x80,0x66,0x4d,0x33,0x45,0x5f,0x78,0x92,0x99,0x7f,0x66,
    0x4c,0x33,0x19,0x00,0x00,0x00,0x00,0x16,0x2f,0x49,0x62,0x7c,0x95,0x96,0x7c,0x63,0x49,0x30,0x43,0x5d,0x76,0x90,0x9b,0x82,0x68,0x4f,0x35,0x1c,0x02,0x00,0x00,0x00,0x04,0x17,0x25,0x32,0x4c,0x65,0x7f,0x98,0x93,0x79,0x60,0x46,0x30,0x2e,0x25,0x16,0x03,0x00,
    0x00,0x00,0x00,0x00,0x00,0x00,0x09,0x1b,0x29,0x39,0x46,0x50,0x56,0x59,0x5a,0x5f,0x78,0x92,0x99,0x80,0x66,0x4d,0x33,0x1a,0x00,0x00,0x00,0x00,0x0d,0x27,0x40,0x5a,0x73,0x8d,0x9e,0x84,0x6b,0x51,0x38,0x4a,0x64,0x7d,0x97,0x94,0x7b,0x61,0x48,0x2e,0x15,0x00,
    0x00,0x00,0x00,0x00,0x00,0x0f,0x28,0x40,0x58,0x71,0x89,0xa1,0x88,0x6f,0x7d,0x96,0x91,0x78,0x60,0x47,0x2f,0x16,0x00,0x00,0x00,0x00,0x00,0x00,0x00,0x00,0x0e,0x27,0x41,0x5a,0x73,0x8c,0x95,0x7c,0x89,0x90,0x77,0x87,0x95,0x7c,0x8a,0x93,0x7a,0x61,0x48,0x2f,
    0x16,0x00,0x00,0x00,0x00,0x00,0x00,0x00,0x00,0x14,0x2a,0x40,0x56,0x6c,0x82,0x97,0x91,0x7b,0x8d,0x9c,0x87,0x71,0x5b,0x45,0x2f,0x1a,0x04,0x00,0x00,0x00,0x00,0x00,0x00,0x03,0x18,0x2e,0x43,0x58,0x6d,0x82,0x97,0x97,0x82,0x6d,0x58,0x43,0x30,0x30,0x2c,0x22,
    0x12,0x00,0x00,0x00,0x00,0x00,0x00,0x18,0x31,0x48,0x5e,0x71,0x84,0x97,0x92,0x7d,0x67,0x79,0x8f,0x9b,0x87,0x74,0x61,0x4c,0x35,0x1c,0x03,0x00,0x00,0x00,0x00,0x00,0x09,0x1f,0x31,0x3f,0x45,0x45,0x45,0x50,0x6a,0x83,0x9d,0x8a,0x71,0x57,0x45,0x45,0x45,0x42,
    0x35,0x23,0x0f,0x00,0x00,0x00,0x00,0x00,0x00,0x00,0x00,0x00,0x00,0x00,0x00,0x17,0x2f,0x48,0x60,0x78,0x90,0x95,0x7d,0x81,0x99,0x8c,0x74,0x5b,0x42,0x2a,0x11,0x00,0x00,0x00,0x00,0x00,0x00,0x00,0x00,0x10,0x28,0x3f,0x53,0x5e,0x5e,0x5e,0x5e,0x5b,0x4b,0x35,
    0x1d,0x05,0x00,0x00,0x00,0x00,0x00,0x01,0x1a,0x34,0x4d,0x67,0x80,0x9a,0x91,0x77,0x5e,0x44,0x2b,0x11,0x00,0x00,0x00,0x00,0x00,0x00,0x00,0x07,0x1f,0x37,0x4c,0x5c,0x5e,0x5e,0x5e,0x5e,0x51,0x3d,0x26,0x0e,0x00,0x00,0x00,0x00,0x11,0x29,0x3f,0x51,0x5d,0x68,
    0x72,0x7d,0x88,0x92,0x9d,0x9b,0x91,0x86,0x7c,0x72,0x67,0x5c,0x4a,0x33,0x1b,0x02,0x00,0x00,0x00,0x14,0x2c,0x44,0x58,0x64,0x6f,0x79,0x83,0x8d,0x97,0xa0,0x95,0x8b,0x80,0x75,0x6b,0x60,0x55,0x45,0x2f,0x18,0x00,0x00,0x00,0x09,0x23,0x3c,0x56,0x6f,0x89,0xa2,
    0x89,0x6f,0x56,0x4a,0x4a,0x5f,0x78,0x92,0x99,0x80,0x66,0x4d,0x3c,0x2c,0x17,0x01,0x00,0x00,0x00,0x00,0x11,0x2a,0x43,0x5d,0x76,0x90,0x9b,0x81,0x68,0x4e,0x4a,0x4a,0x4a,0x4a,0x4a,0x43,0x34,0x20,0x0a,0x00,0x00,0x00,0x0c,0x26,0x3f,0x59,0x72,0x8c,0x9f,0x85,
    0x6c,0x52,0x4a,0x4a,0x4a,0x4a,0x4a,0x49,0x42,0x3b,0x2c,0x19,0x03,0x00,0x00,0x00,0x03,0x1d,0x36,0x50,0x69,0x83,0x9c,0x8b,0x71,0x58,0x6a,0x83,0x9d,0x8a,0x71,0x57,0x6a,0x83,0x9d,0x8a,0x70,0x57,0x3d,0x24,0x0a,0x00,0x00,0x00,0x12,0x2c,0x45,0x5f,0x78,0x92,
    0x99,0x80,0x66,0x4d,0x33,0x45,0x5f,0x78,0x92,0x99,0x7f,0x66,0x4c,0x33,0x19,0x00,0x00,0x00,0x00,0x15,0x2f,0x48,0x62,0x7b,0x95,0x96,0x7c,0x63,0x4a,0x4a,0x4a,0x5d,0x76,0x90,0x9b,0x81,0x68,0x4e,0x35,0x1c,0x02,0x00,0x00,0x00,0x13,0x28,0x3b,0x47,0x4c,0x65,
    0x7f,0x98,0x93,0x79,0x60,0x4a,0x4a,0x47,0x3a,0x27,0x12,0x00,0x00,0x00,0x00,0x00,0x00,0x02,0x19,0x2d,0x3f,0x49,0x4a,0x4a,0x4a,0x4a,0x4a,0x5f,0x78,0x92,0x99,0x80,0x66,0x4d,0x33,0x1a,0x00,0x00,0x00,0x00,0x0d,0x27,0x40,0x59,0x73,0x8c,0x9e,0x84,0x6b,0x51,
    0x4a,0x4a,0x64,0x7d,0x97,0x94,0x7b,0x61,0x48,0x2e,0x15,0x00,0x00,0x00,0x00,0x00,0x00,0x08,0x20,0x39,0x51,0x6a,0x82,0x9b,0x8f,0x76,0x83,0x9c,0x8a,0x71,0x59,0x40,0x28,0x0f,0x00,0x00,0x00,0x00,0x00,0x00,0x00,0x00,0x0a,0x23,0x3c,0x55,0x6e,0x87,0x99,0x7f,
    0x8e,0x8b,0x72,0x83,0x9a,0x81,0x8d,0x8f,0x76,0x5d,0x44,0x2a,0x11,0x00,0x00,0x00,0x00,0x00,0x00,0x00,0x0c,0x22,0x37,0x4d,0x63,0x79,0x8f,0x9a,0x84,0x6e,0x80,0x97,0x94,0x7e,0x68,0x53,0x3d,0x27,0x11,0x00,0x00,0x00,0x00,0x00,0x00,0x11,0x27,0x3c,0x51,0x66,
    0x7b,0x90,0x9e,0x89,0x74,0x5f,0x4a,0x49,0x49,0x49,0x44,0x36,0x23,0x0d,0x00,0x00,0x00,0x00,0x01,0x1b,0x34,0x4e,0x67,0x7f,0x8e,0x9a,0x85,0x6f,0x5a,0x6c,0x81,0x97,0x91,0x82,0x6c,0x52,0x39,0x1f,0x06,0x00,0x00,0x00,0x00,0x00,0x00,0x0d,0x1d,0x27,0x2b,0x2b,
    0x37,0x50,0x6a,0x83,0x9d,0x8a,0x71,0x57,0x3e,0x2b,0x2b,0x29,0x20,0x11,0x00,0x00,0x00,0x00,0x00,0x00,0x00,0x00,0x00,0x00,0x00,0x00,0x00,0x0f,0x27,0x40,0x58,0x70,0x88,0x9d,0x84,0x87,0x9e,0x85,0x6d,0x54,0x3c,0x23,0x0a,0x00,0x00,0x00,0x00,0x00,0x00,0x00,
    0x00,0x15,0x2e,0x47,0x60,0x77,0x78,0x78,0x78,0x6e,0x55,0x3c,0x23,0x09,0x00,0x00,0x00,0x00,0x00,0x01,0x1a,0x34,0x4d,0x67,0x80,0x9a,0x91,0x77,0x5e,0x44,0x2b,0x11,0x00,0x00,0x00,0x00,0x00,0x00,0x00,0x0b,0x25,0x3e,0x57,0x70,0x78,0x78,0x78,0x75,0x5e,0x45,
    0x2c,0x13,0x00,0x00,0x00,0x00,0x06,0x1b,0x2e,0x3b,0x46,0x51,0x5b,0x66,0x71,0x7b,0x86,0x91,0x9b,0x9e,0x93,0x89,0x7f,0x6b,0x52,0x39,0x1f,0x06,0x00,0x00,0x00,0x18,0x31,0x4b,0x64,0x7c,0x86,0x90,0x9a,0x9e,0x94,0x89,0x7e,0x74,0x69,0x5e,0x54,0x49,0x3e,0x32,
    0x21,0x0c,0x00,0x00,0x00,0x08,0x22,0x3b,0x55,0x6e,0x88,0xa1,0x8a,0x71,0x63,0x63,0x63,0x64,0x79,0x93,0x99,0x80,0x66,0x5e,0x50,0x3a,0x23,0x0b,0x00,0x00,0x00,0x00,0x0f,0x28,0x41,0x5a,0x73,0x8c,0x9e,0x85,0x6f,0x64,0x63,0x63,0x63,0x63,0x63,0x58,0x43,0x2c,
    0x13,0x00,0x00,0x00,0x0a,0x24,0x3d,0x56,0x6f,0x88,0xa1,0x89,0x73,0x65,0x63,0x63,0x63,0x63,0x63,0x63,0x54,0x3f,0x27,0x0f,0x00,0x00,0x00,0x00,0x03,0x1d,0x36,0x50,0x69,0x83,0x9c,0x8b,0x71,0x58,0x6a,0x83,0x9d,0x8a,0x71,0x57,0x6a,0x83,0x9d,0x8a,0x70,0x57,
    0x3d,0x24,0x0a,0x00,0x00,0x00,0x12,0x2c,0x45,0x5f,0x78,0x92,0x99,0x80,0x66,0x4d,0x33,0x45,0x5f,0x78,0x92,0x99,0x7f,0x66,0x4c,0x33,0x19,0x00,0x00,0x00,0x00,0x13,0x2c,0x46,0x5f,0x78,0x91,0x99,0x81,0x6c,0x64,0x63,0x63,0x69,0x7b,0x93,0x97,0x7e,0x65,0x4c,
    0x33,0x19,0x00,0x00,0x00,0x04,0x1d,0x35,0x4c,0x5e,0x63,0x65,0x7f,0x98,0x93,0x79,0x63,0x63,0x63,0x5d,0x4b,0x34,0x1c,0x03,0x00,0x00,0x00,0x00,0x00,0x0b,0x24,0x3b,0x51,0x61,0x63,0x63,0x63,0x63,0x63,0x65,0x79,0x92,0x98,0x7f,0x66,0x4c,0x33,0x19,0x00,0x00,
    0x00,0x00,0x0b,0x24,0x3e,0x57,0x70,0x89,0xa1,0x88,0x71,0x64,0x63,0x63,0x6c,0x81,0x99,0x94,0x7b,0x61,0x48,0x2e,0x15,0x00,0x00,0x00,0x00,0x00,0x00,0x01,0x19,0x32,0x4a,0x63,0x7b,0x94,0x95,0x7d,0x8a,0x9b,0x83,0x6a,0x52,0x39,0x21,0x08,0x00,0x00,0x00,0x00,
    0x00,0x00,0x00,0x00,0x05,0x1e,0x37,0x51,0x6a,0x83,0x9c,0x83,0x93,0x85,0x6c,0x7e,0x97,0x85,0x91,0x8a,0x71,0x58,0x3f,0x26,0x0d,0x00,0x00,0x00,0x00,0x00,0x00,0x03,0x19,0x2f,0x45,0x5a,0x70,0x86,0x9c,0x8d,0x77,0x61,0x74,0x8a,0xa0,0x8b,0x76,0x60,0x4a,0x34,
    0x1e,0x09,0x00,0x00,0x00,0x00,0x00,0x19,0x32,0x4a,0x5f,0x74,0x89,0x9f,0x8f,0x7a,0x65,0x63,0x63,0x63,0x63,0x63,0x5a,0x46,0x2f,0x17,0x00,0x00,0x00,0x00,0x00,0x17,0x2f,0x47,0x5b,0x6a,0x7a,0x89,0x77,0x61,0x4c,0x5e,0x74,0x89,0x7c,0x6d,0x5e,0x4b,0x34,0x1c,
    0x03,0x00,0x00,0x00,0x00,0x00,0x00,0x00,0x06,0x0f,0x12,0x1d,0x37,0x50,0x6a,0x83,0x92,0x8a,0x71,0x57,0x3e,0x24,0x12,0x10,0x09,0x00,0x00,0x00,0x00,0x00,0x00,0x00,0x00,0x00,0x00,0x00,0x00,0x00,0x00,0x07,0x1f,0x38,0x50,0x68,0x80,0x98,0x8b,0x8d,0x97,0x7e,
    0x66,0x4d,0x35,0x1c,0x04,0x00,0x00,0x00,0x00,0x00,0x00,0x00,0x00,0x15,0x2e,0x48,0x61,0x7b,0x91,0x91,0x89,0x70,0x56,0x3d,0x23,0x0a,0x00,0x00,0x00,0x00,0x00,0x01,0x1a,0x34,0x4d,0x67,0x80,0x9a,0x91,0x77,0x5e,0x44,0x2b,0x17,0x16,0x0f,0x03,0x00,0x00,0x00,
    0x00,0x0c,0x25,0x3f,0x58,0x72,0x8b,0x91,0x91,0x79,0x5f,0x46,0x2c,0x13,0x00,0x00,0x00,0x00,0x00,0x0a,0x19,0x24,0x2f,0x39,0x44,0x4f,0x59,0x64,0x6f,0x79,0x84,0x8f,0x99,0x9f,0x85,0x6c,0x52,0x39,0x1f,0x06,0x00,0x00,0x00,0x18,0x31,0x4b,0x64,0x7e,0x97,0x9c,
    0x92,0x87,0x7c,0x72,0x67,0x5c,0x52,0x47,0x3c,0x32,0x27,0x1c,0x0e,0x00,0x00,0x00,0x00,0x06,0x1f,0x38,0x51,0x6a,0x83,0x9b,0x93,0x82,0x7d,0x7d,0x7d,0x7d,0x85,0x9a,0x9c,0x85,0x7a,0x73,0x5b,0x42,0x29,0x0f,0x00,0x00,0x00,0x00,0x0a,0x23,0x3c,0x55,0x6d,0x85,
    0x9c,0x93,0x84,0x7e,0x7d,0x7d,0x7d,0x7d,0x7c,0x64,0x4a,0x31,0x17,0x00,0x00,0x00,0x06,0x1f,0x38,0x51,0x69,0x81,0x98,0x97,0x86,0x7e,0x7d,0x7d,0x7d,0x7d,0x7d,0x78,0x5f,0x45,0x2c,0x12,0x00,0x00,0x00,0x00,0x03,0x1d,0x36,0x50,0x69,0x83,0x9c,0x8b,0x71,0x58,
    0x6a,0x83,0x9d,0x8a,0x71,0x57,0x6a,0x83,0x9d,0x8a,0x70,0x57,0x3d,0x24,0x0a,0x00,0x00,0x00,0x12,0x2c,0x45,0x5f,0x78,0x92,0x99,0x80,0x66,0x4d,0x33,0x45,0x5f,0x78,0x92,0x99,0x7f,0x66,0x4c,0x33,0x19,0x00,0x00,0x00,0x00,0x0f,0x28,0x41,0x59,0x71,0x89,0x9f,
    0x90,0x82,0x7d,0x7d,0x7d,0x80,0x8c,0x9f,0x8e,0x77,0x5f,0x47,0x2e,0x15,0x00,0x00,0x00,0x08,0x21,0x3b,0x54,0x6d,0x7d,0x7d,0x7f,0x98,0x93,0x7d,0x7d,0x7d,0x7d,0x6c,0x53,0x39,0x20,0x06,0x00,0x00,0x00,0x00,0x00,0x0e,0x28,0x41,0x5b,0x74,0x7d,0x7d,0x7d,0x7d,
    0x7d,0x7e,0x87,0x9b,0x92,0x7a,0x62,0x49,0x30,0x17,0x00,0x00,0x00,0x00,0x07,0x20,0x39,0x52,0x6a,0x82,0x99,0x95,0x85,0x7d,0x7d,0x7d,0x81,0x90,0xa4,0x94,0x7b,0x61,0x48,0x2e,0x15,0x00,0x00,0x00,0x00,0x00,0x00,0x00,0x12,0x2b,0x43,0x5c,0x74,0x8d,0x9c,0x83,
    0x90,0x94,0x7c,0x63,0x4b,0x32,0x1a,0x01,0x00,0x00,0x00,0x00,0x00,0x00,0x00,0x00,0x01,0x1a,0x33,0x4c,0x65,0x7e,0x97,0x94,0x99,0x80,0x67,0x79,0x92,0x95,0x9b,0x86,0x6d,0x54,0x3b,0x22,0x08,0x00,0x00,0x00,0x00,0x00,0x00,0x10,0x26,0x3c,0x52,0x68,0x7e,0x93,
    0x96,0x80,0x6a,0x54,0x67,0x7e,0x94,0x99,0x83,0x6d,0x57,0x41,0x2c,0x16,0x00,0x00,0x00,0x00,0x03,0x1c,0x36,0x4f,0x69,0x82,0x98,0x98,0x81,0x7c,0x7c,0x7c,0x7c,0x7c,0x7c,0x7c,0x67,0x4e,0x35,0x1b,0x02,0x00,0x00,0x00,0x00,0x0e,0x23,0x37,0x47,0x56,0x65,0x75,
    0x69,0x54,0x3e,0x51,0x66,0x76,0x68,0x59,0x4a,0x3b,0x28,0x12,0x00,0x00,0x00,0x00,0x00,0x00,0x00,0x00,0x00,0x00,0x03,0x1d,0x36,0x50,0x68,0x78,0x78,0x78,0x6f,0x57,0x3d,0x24,0x0a,0x00,0x00,0x00,0x00,0x00,0x00,0x00,0x00,0x00,0x00,0x00,0x00,0x00,0x00,0x00,
    0x00,0x00,0x17,0x30,0x48,0x60,0x78,0x90,0x9e,0x9f,0x90,0x78,0x5f,0x46,0x2e,0x15,0x00,0x00,0x00,0x00,0x00,0x00,0x00,0x00,0x00,0x15,0x2e,0x48,0x61,0x7b,0x94,0xa3,0x89,0x70,0x56,0x3d,0x23,0x0a,0x00,0x00,0x00,0x00,0x00,0x01,0x1a,0x34,0x4d,0x67,0x80,0x9a,
    0x91,0x77,0x5e,0x44,0x30,0x30,0x2f,0x26,0x18,0x06,0x00,0x00,0x00,0x0c,0x25,0x3f,0x58,0x72,0x8b,0xa5,0x92,0x79,0x5f,0x46,0x2c,0x13,0x00,0x00,0x00,0x00,0x00,0x00,0x02,0x0d,0x18,0x22,0x2d,0x38,0x42,0x4d,0x58,0x62,0x6d,0x78,0x82,0x8d,0x85,0x6c,0x52,0x39,
    0x1f,0x06,0x00,0x00,0x00,0x18,0x31,0x4b,0x64,0x7e,0x90,0x85,0x7b,0x70,0x65,0x5b,0x50,0x45,0x3b,0x30,0x25,0x1b,0x10,0x05,0x00,0x00,0x00,0x00,0x00,0x01,0x1a,0x32,0x4b,0x62,0x79,0x8e,0x9c,0x9a,0x96,0x96,0x96,0x97,0x9b,0x8d,0x9a,0x9a,0x8f,0x75,0x5c,0x42,
    0x29,0x0f,0x00,0x00,0x00,0x00,0x04,0x1c,0x34,0x4c,0x63,0x78,0x8b,0x99,0x9c,0x97,0x96,0x96,0x96,0x96,0x7d,0x64,0x4a,0x31,0x17,0x00,0x00,0x00,0x00,0x18,0x30,0x48,0x5f,0x75,0x88,0x97,0x9d,0x97,0x96,0x96,0x96,0x96,0x92,0x78,0x5f,0x45,0x2c,0x12,0x00,0x00,
    0x00,0x00,0x03,0x1d,0x36,0x50,0x69,0x83,0x9c,0x8b,0x71,0x58,0x6a,0x83,0x9d,0x8a,0x71,0x57,0x6a,0x83,0x9d,0x8a,0x70,0x57,0x3d,0x24,0x0a,0x00,0x00,0x00,0x12,0x2c,0x45,0x5f,0x78,0x92,0x99,0x80,0x66,0x4d,0x33,0x45,0x5f,0x78,0x92,0x99,0x7f,0x66,0x4c,0x33,
    0x19,0x00,0x00,0x00,0x00,0x09,0x21,0x39,0x50,0x66,0x7c,0x8e,0x9b,0x9b,0x97,0x96,0x96,0x99,0x9d,0x91,0x80,0x6c,0x55,0x3e,0x26,0x0e,0x00,0x00,0x00,0x08,0x21,0x3b,0x54,0x6e,0x87,0x96,0x96,0xa1,0x9d,0x96,0x96,0x96,0x86,0x6c,0x53,0x39,0x20,0x06,0x00,0x00,
    0x00,0x00,0x00,0x0e,0x28,0x41,0x5b,0x74,0x8e,0x96,0x96,0x96,0x96,0x97,0x9d,0x95,0x85,0x70,0x59,0x42,0x2a,0x11,0x00,0x00,0x00,0x00,0x01,0x19,0x31,0x49,0x60,0x76,0x8a,0x99,0x9c,0x97,0x96,0x96,0x99,0x94,0x9b,0x94,0x7b,0x61,0x48,0x2e,0x15,0x00,0x00,0x00,
    0x00,0x00,0x00,0x00,0x0b,0x24,0x3c,0x55,0x6d,0x86,0x9e,0x93,0x9a,0x8d,0x75,0x5c,0x44,0x2b,0x13,0x00,0x00,0x00,0x00,0x00,0x00,0x00,0x00,0x00,0x00,0x15,0x2e,0x48,0x61,0x7a,0x93,0xa6,0x93,0x7a,0x62,0x74,0x8d,0xa6,0x9b,0x81,0x68,0x4f,0x36,0x1d,0x04,0x00,
    0x00,0x00,0x00,0x00,0x05,0x1d,0x33,0x49,0x5f,0x75,0x8b,0xa0,0x8a,0x74,0x5e,0x48,0x5b,0x71,0x88,0x9e,0x90,0x7a,0x64,0x4f,0x39,0x22,0x0b,0x00,0x00,0x00,0x03,0x1c,0x36,0x4f,0x69,0x82,0x9c,0xa1,0x96,0x96,0x96,0x96,0x96,0x96,0x96,0x81,0x68,0x4e,0x35,0x1b,
    0x02,0x00,0x00,0x00,0x00,0x00,0x13,0x23,0x32,0x42,0x51,0x5c,0x57,0x46,0x30,0x43,0x55,0x5c,0x53,0x44,0x35,0x26,0x17,0x04,0x00,0x00,0x00,0x00,0x00,0x00,0x00,0x00,0x00,0x00,0x00,0x18,0x30,0x46,0x58,0x5f,0x5f,0x5f,0x5c,0x4c,0x36,0x1f,0x06,0x00,0x00,0x00,
    0x00,0x00,0x00,0x00,0x00,0x00,0x00,0x00,0x00,0x00,0x00,0x00,0x00,0x0b,0x19,0x28,0x40,0x58,0x70,0x88,0x93,0xa2,0x89,0x71,0x58,0x40,0x27,0x0e,0x00,0x00,0x00,0x00,0x00,0x00,0x00,0x00,0x00,0x16,0x2e,0x48,0x61,0x7b,0x94,0xa3,0x89,0x70,0x56,0x3d,0x23,0x0a,
    0x00,0x00,0x00,0x00,0x00,0x01,0x1a,0x34,0x4d,0x67,0x80,0x9a,0x91,0x77,0x5e,0x4a,0x4a,0x4a,0x47,0x3b,0x29,0x14,0x00,0x00,0x00,0x0c,0x25,0x3f,0x58,0x72,0x8b,0x8c,0x8c,0x79,0x5f,0x46,0x2c,0x13,0x00,0x00,0x00,0x00,0x00,0x00,0x00,0x00,0x00,0x0b,0x16,0x20,
    0x2b,0x36,0x40,0x4b,0x56,0x60,0x6b,0x76,0x80,0x6c,0x52,0x39,0x1f,0x06,0x00,0x00,0x00,0x18,0x31,0x4b,0x64,0x7e,0x79,0x6e,0x63,0x59,0x4e,0x43,0x39,0x2e,0x23,0x19,0x0e,0x03,0x00,0x00,0x00,0x00,0x00,0x00,0x00,0x00,0x12,0x2a,0x40,0x56,0x6a,0x7a,0x85,0x8a,
    0x8c,0x8c,0x8c,0x8c,0x88,0x79,0x86,0x8c,0x8c,0x75,0x5c,0x42,0x29,0x0f,0x00,0x00,0x00,0x00,0x00,0x13,0x2a,0x40,0x55,0x67,0x77,0x82,0x88,0x8c,0x8c,0x8c,0x8c,0x8c,0x7d,0x64,0x4a,0x31,0x17,0x00,0x00,0x00,0x00,0x0f,0x26,0x3c,0x51,0x64,0x74,0x80,0x88,0x8b,
    0x8c,0x8c,0x8c,0x8c,0x8c,0x78,0x5f,0x45,0x2c,0x12,0x00,0x00,0x00,0x00,0x03,0x1d,0x36,0x50,0x69,0x83,0x8c,0x8b,0x71,0x58,0x6a,0x83,0x8c,0x8a,0x71,0x57,0x6a,0x83,0x8c,0x8a,0x70,0x57,0x3d,0x24,0x0a,0x00,0x00,0x00,0x12,0x2c,0x45,0x5f,0x78,0x8c,0x8c,0x80,
    0x66,0x4d,0x33,0x45,0x5f,0x78,0x8c,0x8c,0x7f,0x66,0x4c,0x33,0x19,0x00,0x00,0x00,0x00,0x00,0x17,0x2e,0x43,0x58,0x6a,0x79,0x83,0x89,0x8c,0x8c,0x8c,0x8a,0x85,0x7b,0x6d,0x5c,0x48,0x33,0x1c,0x05,0x00,0x00,0x00,0x08,0x21,0x3b,0x54,0x6e,0x87,0x8c,0x8c,0x8c,
    0x8c,0x8c,0x8c,0x8c,0x86,0x6c,0x53,0x39,0x20,0x06,0x00,0x00,0x00,0x00,0x00,0x0e,0x28,0x41,0x5b,0x74,0x8c,0x8c,0x8c,0x8c,0x8c,0x8b,0x87,0x7f,0x72,0x61,0x4d,0x37,0x20,0x09,0x00,0x00,0x00,0x00,0x00,0x10,0x27,0x3d,0x52,0x66,0x76,0x81,0x89,0x8c,0x8c,0x8c,
    0x88,0x7e,0x8c,0x8c,0x7b,0x61,0x48,0x2e,0x15,0x00,0x00,0x00,0x00,0x00,0x00,0x00,0x04,0x1c,0x35,0x4d,0x66,0x7e,0x8c,0x8c,0x8c,0x86,0x6e,0x55,0x3d,0x24,0x0c,0x00,0x00,0x00,0x00,0x00,0x00,0x00,0x00,0x00,0x00,0x11,0x2a,0x43,0x5c,0x75,0x8c,0x8c,0x8c,0x75,
    0x5c,0x6f,0x88,0x8c,0x8c,0x7d,0x64,0x4b,0x32,0x19,0x00,0x00,0x00,0x00,0x00,0x00,0x0a,0x23,0x3c,0x55,0x6c,0x82,0x8c,0x8c,0x7d,0x67,0x51,0x3b,0x4f,0x65,0x7b,0x8c,0x8c,0x87,0x72,0x5b,0x43,0x2a,0x10,0x00,0x00,0x00,0x03,0x1c,0x36,0x4f,0x69,0x82,0x8c,0x8c,
    0x8c,0x8c,0x8c,0x8c,0x8c,0x8c,0x8c,0x81,0x68,0x4e,0x35,0x1b,0x02,0x00,0x00,0x00,0x00,0x00,0x00,0x0f,0x1e,0x2d,0x3c,0x43,0x3f,0x33,0x22,0x31,0x3e,0x43,0x3d,0x2f,0x20,0x11,0x03,0x00,0x00,0x00,0x00,0x00,0x00,0x00,0x00,0x00,0x00,0x00,0x00,0x0d,0x22,0x35,
    0x41,0x45,0x45,0x45,0x44,0x39,0x28,0x13,0x00,0x00,0x00,0x00,0x00,0x00,0x00,0x00,0x00,0x00,0x00,0x00,0x00,0x00,0x00,0x00,0x08,0x1d,0x2e,0x3b,0x3f,0x50,0x68,0x78,0x91,0x9b,0x82,0x6a,0x51,0x39,0x20,0x08,0x00,0x00,0x00,0x00,0x00,0x00,0x00,0x00,0x04,0x1d,
    0x35,0x4e,0x66,0x7f,0x97,0x9b,0x83,0x6c,0x54,0x3b,0x22,0x09,0x00,0x00,0x00,0x00,0x00,0x01,0x1a,0x34,0x4d,0x67,0x80,0x9a,0x91,0x78,0x64,0x63,0x63,0x63,0x5f,0x4d,0x36,0x1e,0x06,0x00,0x00,0x0b,0x24,0x3d,0x56,0x6d,0x73,0x73,0x73,0x71,0x5d,0x44,0x2b,0x12,
    0x00,0x00,0x00,0x00,0x00,0x00,0x00,0x00,0x00,0x00,0x00,0x09,0x14,0x1f,0x29,0x34,0x3f,0x49,0x54,0x5f,0x69,0x62,0x4d,0x35,0x1d,0x04,0x00,0x00,0x00,0x16,0x2e,0x47,0x5d,0x6a,0x62,0x57,0x4c,0x42,0x37,0x2c,0x22,0x17,0x0c,0x02,0x00,0x00,0x00,0x00,0x00,0x00,
    0x00,0x00,0x00,0x00,0x07,0x1d,0x33,0x46,0x57,0x63,0x6c,0x71,0x73,0x73,0x73,0x73,0x70,0x65,0x6f,0x73,0x73,0x6f,0x5a,0x41,0x28,0x0f,0x00,0x00,0x00,0x00,0x00,0x07,0x1c,0x31,0x43,0x53,0x60,0x6a,0x6f,0x72,0x73,0x73,0x73,0x73,0x73,0x61,0x49,0x30,0x16,0x00,
    0x00,0x00,0x00,0x03,0x19,0x2d,0x40,0x51,0x5e,0x68,0x6f,0x72,0x73,0x73,0x73,0x73,0x73,0x71,0x5c,0x44,0x2b,0x12,0x00,0x00,0x00,0x00,0x03,0x1c,0x35,0x4e,0x66,0x73,0x73,0x73,0x6c,0x56,0x66,0x73,0x73,0x73,0x6c,0x55,0x66,0x73,0x73,0x73,0x6c,0x55,0x3c,0x23,
    0x0a,0x00,0x00,0x00,0x12,0x2b,0x44,0x5c,0x71,0x73,0x73,0x73,0x63,0x4b,0x32,0x44,0x5d,0x71,0x73,0x73,0x73,0x63,0x4b,0x32,0x19,0x00,0x00,0x00,0x00,0x00,0x0b,0x20,0x34,0x46,0x55,0x62,0x6b,0x70,0x72,0x73,0x73,0x71,0x6c,0x64,0x59,0x4a,0x38,0x24,0x10,0x00,
    0x00,0x00,0x00,0x07,0x20,0x39,0x52,0x6a,0x73,0x73,0x73,0x73,0x73,0x73,0x73,0x73,0x73,0x68,0x51,0x38,0x1f,0x06,0x00,0x00,0x00,0x00,0x00,0x0e,0x27,0x40,0x59,0x6f,0x73,0x73,0x73,0x73,0x73,0x72,0x6f,0x68,0x5d,0x4e,0x3d,0x29,0x14,0x00,0x00,0x00,0x00,0x00,
    0x00,0x04,0x1a,0x2f,0x41,0x52,0x60,0x69,0x70,0x72,0x73,0x73,0x6f,0x71,0x73,0x73,0x72,0x5e,0x46,0x2d,0x14,0x00,0x00,0x00,0x00,0x00,0x00,0x00,0x00,0x15,0x2e,0x46,0x5f,0x72,0x73,0x73,0x73,0x73,0x66,0x4e,0x35,0x1d,0x04,0x00,0x00,0x00,0x00,0x00,0x00,0x00,
    0x00,0x00,0x00,0x0c,0x25,0x3e,0x57,0x6d,0x73,0x73,0x73,0x6d,0x57,0x69,0x73,0x73,0x73,0x72,0x5f,0x46,0x2d,0x14,0x00,0x00,0x00,0x00,0x00,0x00,0x0a,0x23,0x3c,0x55,0x6c,0x73,0x73,0x73,0x6f,0x5a,0x44,0x2e,0x42,0x59,0x6e,0x73,0x73,0x73,0x70,0x5b,0x43,0x2a,
    0x10,0x00,0x00,0x00,0x02,0x1b,0x35,0x4e,0x65,0x73,0x73,0x73,0x73,0x73,0x73,0x73,0x73,0x73,0x73,0x73,0x65,0x4d,0x34,0x1a,0x01,0x00,0x00,0x00,0x00,0x00,0x00,0x00,0x0a,0x19,0x24,0x29,0x27,0x1e,0x10,0x1c,0x26,0x29,0x25,0x1a,0x0c,0x00,0x00,0x00,0x00,0x00,
    0x00,0x00,0x00,0x00,0x00,0x00,0x00,0x00,0x00,0x00,0x11,0x1f,0x29,0x2c,0x2c,0x2c,0x2b,0x23,0x15,0x04,0x00,0x00,0x00,0x00,0x00,0x00,0x00,0x00,0x00,0x00,0x00,0x00,0x00,0x00,0x00,0x00,0x14,0x2b,0x41,0x52,0x58,0x58,0x65,0x7e,0x97,0x94,0x7b,0x63,0x4a,0x32,
    0x19,0x01,0x00,0x00,0x00,0x00,0x00,0x00,0x00,0x00,0x0b,0x24,0x3c,0x55,0x6d,0x86,0x9e,0x90,0x79,0x62,0x4a,0x33,0x1c,0x04,0x00,0x00,0x00,0x00,0x00,0x00,0x18,0x31,0x4b,0x64,0x7d,0x95,0x98,0x84,0x7d,0x7d,0x7d,0x7d,0x6f,0x56,0x3c,0x23,0x09,0x00,0x00,0x06,
    0x1d,0x34,0x49,0x57,0x59,0x59,0x59,0x59,0x4e,0x3a,0x24,0x0c,0x00,0x00,0x00,0x00,0x00,0x00,0x00,0x00,0x00,0x00,0x00,0x00,0x00,0x07,0x12,0x1d,0x27,0x32,0x3d,0x47,0x50,0x4c,0x3e,0x2a,0x14,0x00,0x00,0x00,0x00,0x0e,0x24,0x39,0x49,0x50,0x4a,0x40,0x35,0x2a,
    0x20,0x15,0x0a,0x00,0x00,0x00,0x00,0x00,0x00,0x00,0x00,0x00,0x00,0x00,0x00,0x00,0x00,0x0f,0x22,0x33,0x41,0x4c,0x53,0x58,0x59,0x59,0x59,0x59,0x57,0x4f,0x56,0x59,0x59,0x58,0x4b,0x37,0x21,0x09,0x00,0x00,0x00,0x00,0x00,0x00,0x0d,0x1f,0x30,0x3e,0x49,0x51,
    0x56,0x59,0x59,0x59,0x59,0x59,0x59,0x50,0x3e,0x28,0x10,0x00,0x00,0x00,0x00,0x00,0x0a,0x1c,0x2d,0x3c,0x47,0x50,0x55,0x58,0x59,0x59,0x59,0x59,0x59,0x59,0x4d,0x3a,0x23,0x0c,0x00,0x00,0x00,0x00,0x00,0x16,0x2d,0x42,0x53,0x59,0x59,0x59,0x57,0x48,0x53,0x59,
    0x59,0x59,0x56,0x48,0x54,0x59,0x59,0x59,0x56,0x48,0x33,0x1c,0x04,0x00,0x00,0x00,0x0c,0x23,0x3a,0x4d,0x59,0x59,0x59,0x59,0x52,0x40,0x2a,0x3a,0x4d,0x59,0x59,0x59,0x59,0x51,0x40,0x2a,0x12,0x00,0x00,0x00,0x00,0x00,0x00,0x10,0x22,0x32,0x40,0x4a,0x52,0x57,
    0x59,0x59,0x59,0x57,0x53,0x4c,0x42,0x35,0x26,0x14,0x01,0x00,0x00,0x00,0x00,0x02,0x1a,0x31,0x46,0x55,0x59,0x59,0x59,0x59,0x59,0x59,0x59,0x59,0x59,0x55,0x45,0x2f,0x18,0x00,0x00,0x00,0x00,0x00,0x00,0x08,0x20,0x37,0x4b,0x58,0x59,0x59,0x59,0x59,0x59,0x59,
    0x55,0x4f,0x46,0x39,0x2a,0x19,0x05,0x00,0x00,0x00,0x00,0x00,0x00,0x00,0x0b,0x1d,0x2e,0x3d,0x48,0x51,0x56,0x59,0x59,0x59,0x56,0x59,0x59,0x59,0x59,0x4f,0x3c,0x25,0x0e,0x00,0x00,0x00,0x00,0x00,0x00,0x00,0x00,0x0e,0x26,0x3c,0x4f,0x59,0x59,0x59,0x59,0x59,
    0x53,0x42,0x2d,0x16,0x00,0x00,0x00,0x00,0x00,0x00,0x00,0x00,0x00,0x00,0x00,0x07,0x1e,0x35,0x49,0x57,0x59,0x59,0x59,0x57,0x49,0x55,0x59,0x59,0x59,0x59,0x4f,0x3c,0x26,0x0e,0x00,0x00,0x00,0x00,0x00,0x00,0x05,0x1d,0x33,0x48,0x56,0x59,0x59,0x59,0x58,0x4b,
    0x37,0x21,0x36,0x4a,0x57,0x59,0x59,0x59,0x58,0x4c,0x39,0x22,0x0b,0x00,0x00,0x00,0x00,0x15,0x2c,0x42,0x53,0x59,0x59,0x59,0x59,0x59,0x59,0x59,0x59,0x59,0x59,0x59,0x52,0x41,0x2c,0x14,0x00,0x00,0x00,0x00,0x00,0x00,0x00,0x00,0x00,0x03,0x0c,0x10,0x0e,0x07,
    0x00,0x06,0x0d,0x10,0x0c,0x04,0x00,0x00,0x00,0x00,0x00,0x00,0x00,0x00,0x00,0x00,0x00,0x00,0x00,0x00,0x00,0x00,0x00,0x09,0x10,0x12,0x12,0x12,0x11,0x0b,0x00,0x00,0x00,0x00,0x00,0x00,0x00,0x00,0x00,0x00,0x00,0x00,0x00,0x00,0x00,0x00,0x00,0x01,0x1b,0x34,
    0x4d,0x64,0x72,0x72,0x75,0x87,0x9e,0x8d,0x75,0x5c,0x44,0x2b,0x12,0x00,0x00,0x00,0x00,0x00,0x00,0x00,0x00,0x00,0x12,0x2b,0x43,0x5c,0x74,0x8d,0x9d,0x86,0x6f,0x57,0x40,0x29,0x11,0x00,0x00,0x00,0x00,0x00,0x00,0x00,0x13,0x2c,0x44,0x5c,0x74,0x8a,0x9d,0x9b,
    0x96,0x96,0x96,0x89,0x6f,0x56,0x3c,0x23,0x09,0x00,0x00,0x00,0x11,0x25,0x35,0x3e,0x40,0x40,0x40,0x3f,0x38,0x2a,0x17,0x02,0x00,0x00,0x00,0x00,0x00,0x00,0x00,0x00,0x00,0x00,0x00,0x00,0x00,0x00,0x00,0x06,0x10,0x1b,0x26,0x30,0x36,0x34,0x2a,0x1a,0x07,0x00,
    0x00,0x00,0x00,0x01,0x15,0x26,0x32,0x37,0x33,0x29,0x1e,0x13,0x09,0x00,0x00,0x00,0x00,0x00,0x00,0x00,0x00,0x00,0x00,0x00,0x00,0x00,0x00,0x00,0x00,0x00,0x0f,0x1e,0x2a,0x34,0x3a,0x3e,0x40,0x40,0x40,0x40,0x3e,0x37,0x3d,0x40,0x40,0x3f,0x36,0x27,0x14,0x00,
    0x00,0x00,0x00,0x00,0x00,0x00,0x00,0x0c,0x1b,0x27,0x31,0x38,0x3d,0x3f,0x40,0x40,0x40,0x40,0x40,0x3a,0x2c,0x1a,0x05,0x00,0x00,0x00,0x00,0x00,0x00,0x09,0x19,0x25,0x30,0x37,0x3c,0x3f,0x40,0x40,0x40,0x40,0x40,0x3f,0x38,0x29,0x16,0x01,0x00,0x00,0x00,0x00,
    0x00,0x0a,0x1e,0x30,0x3c,0x40,0x40,0x40,0x3e,0x34,0x3c,0x40,0x40,0x40,0x3e,0x34,0x3c,0x40,0x40,0x40,0x3e,0x34,0x24,0x10,0x00,0x00,0x00,0x00,0x01,0x16,0x29,0x38,0x3f,0x40,0x40,0x40,0x3b,0x2e,0x1c,0x29,0x38,0x3f,0x40,0x40,0x40,0x3b,0x2e,0x1c,0x07,0x00,
    0x00,0x00,0x00,0x00,0x00,0x00,0x0e,0x1d,0x29,0x32,0x39,0x3d,0x3f,0x40,0x40,0x3e,0x3a,0x34,0x2b,0x20,0x12,0x02,0x00,0x00,0x00,0x00,0x00,0x00,0x0e,0x22,0x32,0x3d,0x40,0x40,0x40,0x40,0x40,0x40,0x40,0x40,0x40,0x3d,0x32,0x21,0x0c,0x00,0x00,0x00,0x00,0x00,
    0x00,0x00,0x13,0x26,0x36,0x3f,0x40,0x40,0x40,0x40,0x40,0x3f,0x3c,0x37,0x2f,0x24,0x16,0x06,0x00,0x00,0x00,0x00,0x00,0x00,0x00,0x00,0x00,0x0a,0x1a,0x27,0x31,0x38,0x3d,0x3f,0x40,0x40,0x3d,0x3f,0x40,0x40,0x40,0x39,0x2b,0x18,0x03,0x00,0x00,0x00,0x00,0x00,
    0x00,0x00,0x00,0x03,0x18,0x2b,0x39,0x40,0x40,0x40,0x40,0x40,0x3c,0x30,0x1e,0x0a,0x00,0x00,0x00,0x00,0x00,0x00,0x00,0x00,0x00,0x00,0x00,0x00,0x12,0x25,0x35,0x3e,0x40,0x40,0x40,0x3e,0x35,0x3d,0x40,0x40,0x40,0x40,0x39,0x2b,0x18,0x03,0x00,0x00,0x00,0x00,
    0x00,0x00,0x00,0x10,0x24,0x34,0x3e,0x40,0x40,0x40,0x3f,0x36,0x27,0x14,0x26,0x36,0x3f,0x40,0x40,0x40,0x3f,0x37,0x28,0x15,0x00,0x00,0x00,0x00,0x00,0x0a,0x1e,0x30,0x3c,0x40,0x40,0x40,0x40,0x40,0x40,0x40,0x40,0x40,0x40,0x40,0x3b,0x2f,0x1d,0x09,0x00,0x00,
    0x00,0x00,0x00,0x00,0x00,0x00,0x00,0x00,0x00,0x00,0x00,0x00,0x00,0x00,0x00,0x00,0x00,0x00,0x00,0x00,0x00,0x00,0x00,0x00,0x00,0x00,0x00,0x00,0x00,0x00,0x00,0x00,0x00,0x00,0x00,0x00,0x00,0x00,0x00,0x00,0x00,0x00,0x00,0x00,0x00,0x00,0x00,0x00,0x00,0x00,
    0x00,0x00,0x00,0x00,0x00,0x00,0x00,0x00,0x00,0x02,0x1c,0x35,0x4f,0x68,0x82,0x8b,0x8d,0x98,0x99,0x83,0x6c,0x54,0x3c,0x24,0x0c,0x00,0x00,0x00,0x00,0x00,0x00,0x00,0x00,0x00,0x19,0x32,0x4a,0x63,0x7b,0x94,0x93,0x7c,0x64,0x4d,0x36,0x1e,0x07,0x00,0x00,0x00,
    0x00,0x00,0x00,0x00,0x0c,0x24,0x3b,0x51,0x66,0x79,0x86,0x8c,0x8c,0x8c,0x8c,0x89,0x6f,0x56,0x3c,0x23,0x09,0x00,0x00,0x00,0x01,0x11,0x1e,0x25,0x26,0x26,0x26,0x26,0x21,0x15,0x06,0x00,0x00,0x00,0x00,0x00,0x00,0x00,0x00,0x00,0x00,0x00,0x00,0x00,0x00,0x00,
    0x00,0x00,0x00,0x04,0x0e,0x18,0x1d,0x1b,0x13,0x06,0x00,0x00,0x00,0x00,0x00,0x00,0x02,0x10,0x19,0x1d,0x1a,0x11,0x07,0x00,0x00,0x00,0x00,0x00,0x00,0x00,0x00,0x00,0x00,0x00,0x00,0x00,0x00,0x00,0x00,0x00,0x00,0x00,0x00,0x08,0x13,0x1c,0x21,0x25,0x26,0x26,
    0x26,0x26,0x25,0x1f,0x24,0x26,0x26,0x26,0x1f,0x13,0x03,0x00,0x00,0x00,0x00,0x00,0x00,0x00,0x00,0x00,0x05,0x10,0x19,0x1f,0x24,0x26,0x26,0x26,0x26,0x26,0x26,0x22,0x18,0x08,0x00,0x00,0x00,0x00,0x00,0x00,0x00,0x00,0x03,0x0e,0x18,0x1e,0x23,0x26,0x26,0x26,
    0x26,0x26,0x26,0x26,0x20,0x15,0x05,0x00,0x00,0x00,0x00,0x00,0x00,0x00,0x0c,0x1a,0x23,0x26,0x26,0x26,0x25,0x1e,0x24,0x26,0x26,0x26,0x25,0x1e,0x24,0x26,0x26,0x26,0x25,0x1d,0x10,0x00,0x00,0x00,0x00,0x00,0x00,0x05,0x15,0x20,0x26,0x26,0x26,0x26,0x23,0x19,
    0x0a,0x15,0x21,0x26,0x26,0x26,0x26,0x23,0x19,0x0a,0x00,0x00,0x00,0x00,0x00,0x00,0x00,0x00,0x00,0x07,0x11,0x1a,0x20,0x24,0x26,0x26,0x26,0x25,0x21,0x1c,0x14,0x09,0x00,0x00,0x00,0x00,0x00,0x00,0x00,0x00,0x00,0x0f,0x1c,0x24,0x26,0x26,0x26,0x26,0x26,0x26,
    0x26,0x26,0x26,0x24,0x1c,0x0e,0x00,0x00,0x00,0x00,0x00,0x00,0x00,0x00,0x02,0x13,0x1f,0x26,0x26,0x26,0x26,0x26,0x26,0x26,0x23,0x1e,0x17,0x0d,0x01,0x00,0x00,0x00,0x00,0x00,0x00,0x00,0x00,0x00,0x00,0x00,0x04,0x10,0x19,0x1f,0x24,0x26,0x26,0x26,0x24,0x26,
    0x26,0x26,0x26,0x21,0x16,0x07,0x00,0x00,0x00,0x00,0x00,0x00,0x00,0x00,0x00,0x00,0x07,0x16,0x21,0x26,0x26,0x26,0x26,0x26,0x23,0x1a,0x0c,0x00,0x00,0x00,0x00,0x00,0x00,0x00,0x00,0x00,0x00,0x00,0x00,0x00,0x01,0x12,0x1e,0x25,0x26,0x26,0x26,0x25,0x1e,0x24,
    0x26,0x26,0x26,0x26,0x21,0x16,0x07,0x00,0x00,0x00,0x00,0x00,0x00,0x00,0x00,0x00,0x11,0x1e,0x25,0x26,0x26,0x26,0x26,0x1f,0x13,0x03,0x12,0x1f,0x25,0x26,0x26,0x26,0x26,0x20,0x14,0x04,0x00,0x00,0x00,0x00,0x00,0x00,0x0c,0x1a,0x23,0x26,0x26,0x26,0x26,0x26,
    0x26,0x26,0x26,0x26,0x26,0x26,0x23,0x1a,0x0b,0x00,0x00,0x00,0x00,0x00,0x00,0x00,0x00,0x00,0x00,0x00,0x00,0x00,0x00,0x00,0x00,0x00,0x00,0x00,0x00,0x00,0x00,0x00,0x00,0x00,0x00,0x00,0x00,0x00,0x00,0x00,0x00,0x00,0x00,0x00,0x00,0x00,0x00,0x00,0x00,0x00,
    0x00,0x00,0x00,0x00,0x00,0x00,0x00,0x00,0x00,0x00,0x00,0x00,0x00,0x00,0x00,0x00,0x00,0x00,0x00,0x00,0x00,0x02,0x1c,0x35,0x4f,0x68,0x82,0x97,0x97,0x94,0x88,0x75,0x60,0x4a,0x33,0x1b,0x04,0x00,0x00,0x00,0x00,0x00,0x00,0x00,0x00,0x03,0x1c,0x36,0x4f,0x69,
    0x7f,0x7f,0x7f,0x71,0x5a,0x43,0x2b,0x14,0x00,0x00,0x00,0x00,0x00,0x00,0x00,0x00,0x02,0x18,0x2e,0x42,0x55,0x64,0x6e,0x72,0x73,0x73,0x73,0x73,0x6b,0x54,0x3b,0x22,0x08,0x00,0x00,0x00,0x00,0x00,0x06,0x0c,0x0d,0x0d,0x0d,0x0d,0x08,0x00,0x00,0x00,0x00,0x00,
    0x00,0x00,0x00,0x00,0x00,0x00,0x00,0x00,0x00,0x00,0x00,0x00,0x00,0x00,0x00,0x00,0x00,0x00,0x03,0x02,0x00,0x00,0x00,0x00,0x00,0x00,0x00,0x00,0x00,0x00,0x01,0x04,0x01,0x00,0x00,0x00,0x00,0x00,0x00,0x00,0x00,0x00,0x00,0x00,0x00,0x00,0x00,0x00,0x00,0x00,
    0x00,0x00,0x00,0x00,0x00,0x00,0x00,0x03,0x08,0x0b,0x0d,0x0d,0x0d,0x0d,0x0b,0x07,0x0b,0x0d,0x0d,0x0c,0x07,0x00,0x00,0x00,0x00,0x00,0x00,0x00,0x00,0x00,0x00,0x00,0x00,0x00,0x01,0x06,0x0a,0x0c,0x0d,0x0d,0x0d,0x0d,0x0d,0x09,0x01,0x00,0x00,0x00,0x00,0x00,
    0x00,0x00,0x00,0x00,0x00,0x00,0x00,0x06,0x0a,0x0c,0x0d,0x0d,0x0d,0x0d,0x0d,0x0d,0x08,0x00,0x00,0x00,0x00,0x00,0x00,0x00,0x00,0x00,0x00,0x03,0x0b,0x0d,0x0d,0x0d,0x0c,0x06,0x0b,0x0d,0x0d,0x0d,0x0c,0x06,0x0b,0x0d,0x0d,0x0d,0x0c,0x06,0x00,0x00,0x00,0x00,
    0x00,0x00,0x00,0x00,0x00,0x08,0x0d,0x0d,0x0d,0x0d,0x0a,0x02,0x00,0x00,0x08,0x0d,0x0d,0x0d,0x0d,0x0a,0x02,0x00,0x00,0x00,0x00,0x00,0x00,0x00,0x00,0x00,0x00,0x00,0x00,0x01,0x07,0x0b,0x0c,0x0d,0x0d,0x0b,0x08,0x03,0x00,0x00,0x00,0x00,0x00,0x00,0x00,0x00,
    0x00,0x00,0x00,0x00,0x05,0x0b,0x0d,0x0d,0x0d,0x0d,0x0d,0x0d,0x0d,0x0d,0x0d,0x0b,0x04,0x00,0x00,0x00,0x00,0x00,0x00,0x00,0x00,0x00,0x00,0x00,0x07,0x0c,0x0d,0x0d,0x0d,0x0d,0x0d,0x0c,0x0a,0x05,0x00,0x00,0x00,0x00,0x00,0x00,0x00,0x00,0x00,0x00,0x00,0x00,
    0x00,0x00,0x00,0x00,0x00,0x07,0x0a,0x0c,0x0d,0x0d,0x0b,0x0d,0x0d,0x0d,0x0d,0x09,0x00,0x00,0x00,0x00,0x00,0x00,0x00,0x00,0x00,0x00,0x00,0x00,0x00,0x00,0x09,0x0d,0x0d,0x0d,0x0d,0x0d,0x0b,0x03,0x00,0x00,0x00,0x00,0x00,0x00,0x00,0x00,0x00,0x00,0x00,0x00,
    0x00,0x00,0x00,0x00,0x07,0x0c,0x0d,0x0d,0x0d,0x0c,0x06,0x0b,0x0d,0x0d,0x0d,0x0d,0x09,0x00,0x00,0x00,0x00,0x00,0x00,0x00,0x00,0x00,0x00,0x00,0x00,0x06,0x0c,0x0d,0x0d,0x0d,0x0c,0x07,0x00,0x00,0x00,0x07,0x0c,0x0d,0x0d,0x0d,0x0c,0x08,0x00,0x00,0x00,0x00,
    0x00,0x00,0x00,0x00,0x00,0x03,0x0b,0x0d,0x0d,0x0d,0x0d,0x0d,0x0d,0x0d,0x0d,0x0d,0x0d,0x0d,0x0a,0x03,0x00,0x00,0x00,0x00,0x00,0x00,0x00,0x00,0x00,0x00,0x00,0x00,0x00,0x00,0x00,0x00,0x00,0x00,0x00,0x00,0x00,0x00,0x00,0x00,0x00,0x00,0x00,0x00,0x00,0x00,
    0x00,0x00,0x00,0x00,0x00,0x00,0x00,0x00,0x00,0x00,0x00,0x00,0x00,0x00,0x00,0x00,0x00,0x00,0x00,0x00,0x00,0x00,0x00,0x00,0x00,0x00,0x00,0x00,0x00,0x00,0x00,0x00,0x00,0x02,0x1c,0x35,0x4f,0x68,0x7e,0x7e,0x7e,0x7b,0x72,0x64,0x51,0x3d,0x27,0x11,0x00,0x00,
    0x00,0x00,0x00,0x00,0x00,0x00,0x00,0x00,0x19,0x31,0x49,0x5d,0x65,0x65,0x65,0x61,0x4f,0x38,0x21,0x0a,0x00,0x00,0x00,0x00,0x00,0x00,0x00,0x00,0x00,0x0a,0x1e,0x31,0x41,0x4d,0x55,0x59,0x59,0x59,0x59,0x59,0x56,0x47,0x32,0x1b,0x03,0x00,0x00,0x00,0x00,0x00,
    0x00,0x00,0x00,0x00,0x00,0x00,0x00,0x00,0x00,0x00,0x00,0x00,0x00,0x00,0x00,0x00,0x00,0x00,0x00,0x00,0x00,0x00,0x00,0x00,0x00,0x00,0x00,0x00,0x00,0x00,0x00,0x00,0x00,0x00,0x00,0x00,0x00,0x00,0x00,0x00,0x00,0x00,0x00,0x00,0x00,0x00,0x00,0x00,0x00,0x00,
    0x00,0x00,0x00,0x00,0x00,0x00,0x00,0x00,0x00,0x00,0x00,0x00,0x00,0x00,0x00,0x00,0x00,0x00,0x00,0x00,0x00,0x00,0x00,0x00,0x00,0x00,0x00,0x00,0x00,0x00,0x00,0x00,0x00,0x00,0x00,0x00,0x00,0x00,0x00,0x00,0x00,0x00,0x00,0x00,0x00,0x00,0x00,0x00,0x00,0x00,
    0x00,0x00,0x00,0x00,0x00,0x00,0x00,0x00,0x00,0x00,0x00,0x00,0x00,0x00,0x00,0x00,0x00,0x00,0x00,0x00,0x00,0x00,0x00,0x00,0x00,0x00,0x00,0x00,0x00,0x00,0x00,0x00,0x00,0x00,0x00,0x00,0x00,0x00,0x00,0x00,0x00,0x00,0x00,0x00,0x00,0x00,0x00,0x00,0x00,0x00,
    0x00,0x00,0x00,0x00,0x00,0x00,0x00,0x00,0x00,0x00,0x00,0x00,0x00,0x00,0x00,0x00,0x00,0x00,0x00,0x00,0x00,0x00,0x00,0x00,0x00,0x00,0x00,0x00,0x00,0x00,0x00,0x00,0x00,0x00,0x00,0x00,0x00,0x00,0x00,0x00,0x00,0x00,0x00,0x00,0x00,0x00,0x00,0x00,0x00,0x00,
    0x00,0x00,0x00,0x00,0x00,0x00,0x00,0x00,0x00,0x00,0x00,0x00,0x00,0x00,0x00,0x00,0x00,0x00,0x00,0x00,0x00,0x00,0x00,0x00,0x00,0x00,0x00,0x00,0x00,0x00,0x00,0x00,0x00,0x00,0x00,0x00,0x00,0x00,0x00,0x00,0x00,0x00,0x00,0x00,0x00,0x00,0x00,0x00,0x00,0x00,
    0x00,0x00,0x00,0x00,0x00,0x00,0x00,0x00,0x00,0x00,0x00,0x00,0x00,0x00,0x00,0x00,0x00,0x00,0x00,0x00,0x00,0x00,0x00,0x00,0x00,0x00,0x00,0x00,0x00,0x00,0x00,0x00,0x00,0x00,0x00,0x00,0x00,0x00,0x00,0x00,0x00,0x00,0x00,0x00,0x00,0x00,0x00,0x00,0x00,0x00,
    0x00,0x00,0x00,0x00,0x00,0x00,0x00,0x00,0x00,0x00,0x00,0x00,0x00,0x00,0x00,0x00,0x00,0x00,0x00,0x00,0x00,0x00,0x00,0x00,0x00,0x00,0x00,0x00,0x00,0x00,0x00,0x00,0x00,0x00,0x00,0x00,0x00,0x00,0x00,0x00,0x00,0x00,0x00,0x00,0x00,0x00,0x00,0x00,0x00,0x00,
    0x00,0x00,0x00,0x00,0x00,0x00,0x00,0x00,0x00,0x00,0x00,0x00,0x00,0x00,0x00,0x00,0x00,0x00,0x00,0x00,0x00,0x00,0x00,0x00,0x00,0x00,0x00,0x00,0x00,0x00,0x00,0x00,0x00,0x00,0x00,0x00,0x00,0x00,0x00,0x00,0x00,0x00,0x00,0x00,0x00,0x00,0x00,0x00,0x00,0x00,
    0x00,0x00,0x00,0x00,0x00,0x00,0x00,0x00,0x00,0x00,0x00,0x00,0x00,0x00,0x00,0x00,0x00,0x00,0x00,0x00,0x00,0x00,0x00,0x00,0x00,0x00,0x00,0x00,0x00,0x00,0x00,0x00,0x00,0x00,0x00,0x00,0x00,0x00,0x00,0x00,0x00,0x00,0x00,0x00,0x00,0x00,0x18,0x30,0x48,0x5c,
    0x64,0x64,0x64,0x62,0x5b,0x4f,0x40,0x2d,0x19,0x04,0x00,0x00,0x00,0x00,0x00,0x00,0x00,0x00,0x00,0x00,0x10,0x25,0x39,0x47,0x4c,0x4c,0x4c,0x4a,0x3e,0x2b,0x16,0x00,0x00,0x00,0x00,0x00,0x00,0x00,0x00,0x00,0x00,0x00,0x0d,0x1d,0x2b,0x36,0x3d,0x40,0x40,0x40,
    0x40,0x40,0x3e,0x33,0x23,0x0f,0x00,0x00,0x00,0x00,0x00,0x00,0x00,0x00,0x00,0x00,0x00,0x00,0x00,0x00,0x00,0x00,0x00,0x00,0x00,0x00,0x00,0x00,0x00,0x00,0x00,0x00,0x00,0x00,0x00,0x00,0x00,0x00,0x00,0x00,0x00,0x00,0x00,0x00,0x00,0x00,0x00,0x00,0x00,0x00,
    0x00,0x00,0x00,0x00,0x00,0x00,0x00,0x00,0x00,0x00,0x00,0x00,0x00,0x00,0x00,0x00,0x00,0x00,0x00,0x00,0x00,0x00,0x00,0x00,0x00,0x00,0x00,0x00,0x00,0x00,0x00,0x00,0x00,0x00,0x00,0x00,0x00,0x00,0x00,0x00,0x00,0x00,0x00,0x00,0x00,0x00,0x00,0x00,0x00,0x00,
    0x00,0x00,0x00,0x00,0x00,0x00,0x00,0x00,0x00,0x00,0x00,0x00,0x00,0x00,0x00,0x00,0x00,0x00,0x00,0x00,0x00,0x00,0x00,0x00,0x00,0x00,0x00,0x00,0x00,0x00,0x00,0x00,0x00,0x00,0x00,0x00,0x00,0x00,0x00,0x00,0x00,0x00,0x00,0x00,0x00,0x00,0x00,0x00,0x00,0x00,
    0x00,0x00,0x00,0x00,0x00,0x00,0x00,0x00,0x00,0x00,0x00,0x00,0x00,0x00,0x00,0x00,0x00,0x00,0x00,0x00,0x00,0x00,0x00,0x00,0x00,0x00,0x00,0x00,0x00,0x00,0x00,0x00,0x00,0x00,0x00,0x00,0x00,0x00,0x00,0x00,0x00,0x00,0x00,0x00,0x00,0x00,0x00,0x00,0x00,0x00,
    0x00,0x00,0x00,0x00,0x00,0x00,0x00,0x00,0x00,0x00,0x00,0x00,0x00,0x00,0x00,0x00,0x00,0x00,0x00,0x00,0x00,0x00,0x00,0x00,0x00,0x00,0x00,0x00,0x00,0x00,0x00,0x00,0x00,0x00,0x00,0x00,0x00,0x00,0x00,0x00,0x00,0x00,0x00,0x00,0x00,0x00,0x00,0x00,0x00,0x00,
    0x00,0x00,0x00,0x00,0x00,0x00,0x00,0x00,0x00,0x00,0x00,0x00,0x00,0x00,0x00,0x00,0x00,0x00,0x00,0x00,0x00,0x00,0x00,0x00,0x00,0x00,0x00,0x00,0x00,0x00,0x00,0x00,0x00,0x00,0x00,0x00,0x00,0x00,0x00,0x00,0x00,0x00,0x00,0x00,0x00,0x00,0x00,0x00,0x00,0x00,
    0x00,0x00,0x00,0x00,0x00,0x00,0x00,0x00,0x00,0x00,0x00,0x00,0x00,0x00,0x00,0x00,0x00,0x00,0x00,0x00,0x00,0x00,0x00,0x00,0x00,0x00,0x00,0x00,0x00,0x00,0x00,0x00,0x00,0x00,0x00,0x00,0x00,0x00,0x00,0x00,0x00,0x00,0x00,0x00,0x00,0x00,0x00,0x00,0x00,0x00,
    0x00,0x00,0x00,0x00,0x00,0x00,0x00,0x00,0x00,0x00,0x00,0x00,0x00,0x00,0x00,0x00,0x00,0x00,0x00,0x00,0x00,0x00,0x00,0x00,0x00,0x00,0x00,0x00,0x00,0x00,0x00,0x00,0x00,0x00,0x00,0x00,0x00,0x00,0x00,0x00,0x00,0x00,0x00,0x00,0x00,0x00,0x00,0x00,0x00,0x00,
    0x00,0x00,0x00,0x00,0x00,0x00,0x00,0x00,0x00,0x00,0x00,0x00,0x00,0x00,0x00,0x00,0x00,0x00,0x00,0x00,0x00,0x00,0x00,0x00,0x00,0x00,0x00,0x00,0x00,0x00,0x00,0x00,0x00,0x00,0x00,0x00,0x00,0x00,0x00,0x00,0x00,0x00,0x00,0x00,0x00,0x00,0x00,0x00,0x00,0x00,
    0x00,0x00,0x00,0x00,0x00,0x00,0x00,0x00,0x0f,0x24,0x38,0x46,0x4b,0x4b,0x4b,0x48,0x43,0x39,0x2c,0x1c,0x09,0x00,0x00,0x00,0x00,0x00,0x00,0x00,0x00,0x00,0x00,0x00,0x02,0x15,0x25,0x2f,0x32,0x32,0x32,0x31,0x28,0x1a,0x08,0x00,0x00,0x00,0x00,0x00,0x00,0x00,
    0x00,0x00,0x00,0x00,0x00,0x08,0x14,0x1e,0x23,0x26,0x26,0x26,0x26,0x26,0x25,0x1d,0x10,0x00,0x00,0x00,0x00,0x00,0x00,0x00,0x00,0x00,0x00,0x00,0x00,0x00,0x00,0x00,0x00,0x00,0x00,0x00,0x00,0x00,0x00,0x00,0x00,0x00,0x00,0x00,0x00,0x00,0x00,0x00,0x00,0x00,
    0x00,0x00,0x00,0x00,0x00,0x00,0x00,0x00,0x00,0x00,0x00,0x00,0x00,0x00,0x00,0x00,0x00,0x00,0x00,0x00,0x00,0x00,0x00,0x00,0x00,0x00,0x00,0x00,0x00,0x00,0x00,0x00,0x00,0x00,0x00,0x00,0x00,0x00,0x00,0x00,0x00,0x00,0x00,0x00,0x00,0x00,0x00,0x00,0x00,0x00,
    0x00,0x00,0x00,0x00,0x00,0x00,0x00,0x00,0x00,0x00,0x00,0x00,0x00,0x00,0x00,0x00,0x00,0x00,0x00,0x00,0x00,0x00,0x00,0x00,0x00,0x00,0x00,0x00,0x00,0x00,0x00,0x00,0x00,0x00,0x00,0x00,0x00,0x00,0x00,0x00,0x00,0x00,0x00,0x00,0x00,0x00,0x00,0x00,0x00,0x00,
    0x00,0x00,0x00,0x00,0x00,0x00,0x00,0x00,0x00,0x00,0x00,0x00,0x00,0x00,0x00,0x00,0x00,0x00,0x00,0x00,0x00,0x00,0x00,0x00,0x00,0x00,0x00,0x00,0x00,0x00,0x00,0x00,0x00,0x00,0x00,0x00,0x00,0x00,0x00,0x00,0x00,0x00,0x00,0x00,0x00,0x00,0x00,0x00,0x00,0x00,
    0x00,0x00,0x00,0x00,0x00,0x00,0x00,0x00,0x00,0x00,0x00,0x00,0x00,0x00,0x00,0x00,0x00,0x00,0x00,0x00,0x00,0x00,0x00,0x00,0x00,0x00,0x00,0x00,0x00,0x00,0x00,0x00,0x00,0x00,0x00,0x00,0x00,0x00,0x00,0x00,0x00,0x00,0x00,0x00,0x00,0x00,0x00,0x00,0x00,0x00,
    0x00,0x00,0x00,0x00,0x00,0x00,0x00,0x00,0x00,0x00,0x00,0x00,0x00,0x00,0x00,0x00,0x00,0x00,0x00,0x00,0x00,0x00,0x00,0x00,0x00,0x00,0x00,0x00,0x00,0x00,0x00,0x00,0x00,0x00,0x00,0x00,0x00,0x00,0x00,0x00,0x00,0x00,0x00,0x00,0x00,0x00,0x00,0x00,0x00,0x00,
    0x00,0x00,0x00,0x00,0x00,0x00,0x00,0x00,0x00,0x00,0x00,0x00,0x00,0x00,0x00,0x00,0x00,0x00,0x00,0x00,0x00,0x00,0x00,0x00,0x00,0x00,0x00,0x00,0x00,0x00,0x00,0x00,0x00,0x00,0x00,0x00,0x00,0x00,0x00,0x00,0x00,0x00,0x00,0x00,0x00,0x00,0x00,0x00,0x00,0x00,
    0x00,0x00,0x00,0x00,0x00,0x00,0x00,0x00,0x00,0x00,0x00,0x00,0x00,0x00,0x00,0x00,0x00,0x00,0x00,0x00,0x00,0x00,0x00,0x00,0x00,0x00,0x00,0x00,0x00,0x00,0x00,0x00,0x00,0x00,0x00,0x00,0x00,0x00,0x00,0x00,0x00,0x00,0x00,0x00,0x00,0x00,0x00,0x00,0x00,0x00,
    0x00,0x00,0x00,0x00,0x00,0x00,0x00,0x00,0x00,0x00,0x00,0x00,0x00,0x00,0x00,0x00,0x00,0x00,0x00,0x00,0x00,0x00,0x00,0x00,0x00,0x00,0x00,0x00,0x00,0x00,0x00,0x00,0x00,0x00,0x00,0x00,0x00,0x00,0x00,0x00,0x00,0x00,0x00,0x00,0x00,0x00,0x00,0x00,0x00,0x00,
    0x00,0x00,0x00,0x00,0x00,0x00,0x00,0x00,0x00,0x00,0x00,0x00,0x00,0x00,0x00,0x00,0x00,0x00,0x00,0x00,0x01,0x14,0x23,0x2e,0x31,0x31,0x31,0x2f,0x2a,0x22,0x17,0x08,0x00,0x00,0x00,0x00,0x00,0x00,0x00,0x00,0x00,0x00,0x00,0x00,0x00,0x01,0x0e,0x16,0x19,0x19,
    0x19,0x18,0x11,0x05,0x00,0x00,0x00,0x00,0x00,0x00,0x00,0x00,0x00,0x00,0x00,0x00,0x00,0x00,0x00,0x05,0x0a,0x0d,0x0d,0x0d,0x0d,0x0d,0x0c,0x05,0x00,0x00,0x00,0x00,0x00,0x00,0x00,0x00,0x00,0x00,0x00,0x00,0x00,0x00,0x00,0x00,0x00,0x00,0x00,0x00,0x00,0x00,
    0x00,0x00,0x00,0x00,0x00,0x00,0x00,0x00,0x00,0x00,0x00,0x00,0x00,0x00,0x00,0x00,0x00,0x00,0x00,0x00,0x00,0x00,0x00,0x00,0x00,0x00,0x00,0x00,0x00,0x00,0x00,0x00,0x00,0x00,0x00,0x00,0x00,0x00,0x00,0x00,0x00,0x00,0x00,0x00,0x00,0x00,0x00,0x00,0x00,0x00,
    0x00,0x00,0x00,0x00,0x00,0x00,0x00,0x00,0x00,0x00,0x00,0x00,0x00,0x00,0x00,0x00,0x00,0x00,0x00,0x00,0x00,0x00,0x00,0x00,0x00,0x00,0x00,0x00,0x00,0x00,0x00,0x00,0x00,0x00,0x00,0x00,0x00,0x00,0x00,0x00,0x00,0x00,0x00,0x00,0x00,0x00,0x00,0x00,0x00,0x00,
    0x00,0x00,0x00,0x00,0x00,0x00,0x00,0x00,0x00,0x00,0x00,0x00,0x00,0x00,0x00,0x00,0x00,0x00,0x00,0x00,0x00,0x00,0x00,0x00,0x00,0x00,0x00,0x00,0x00,0x00,0x00,0x00,0x00,0x00,0x00,0x00,0x00,0x00,0x00,0x00,0x00,0x00,0x00,0x00,0x00,0x00,0x00,0x00,0x00,0x00,
    0x00,0x00,0x00,0x00,0x00,0x00,0x00,0x00,0x00,0x00,0x00,0x00,0x00,0x00,0x00,0x00,0x00,0x00,0x00,0x00,0x00,0x00,0x00,0x00,0x00,0x00,0x00,0x00,0x00,0x00,0x00,0x00,0x00,0x00,0x00,0x00,0x00,0x00,0x00,0x00,0x00,0x00,0x00,0x00,0x00,0x00,0x00,0x00,0x00,0x00,
    0x00,0x00,0x00,0x00,0x00,0x00,0x00,0x00,0x00,0x00,0x00,0x00,0x00,0x00,0x00,0x00,0x00,0x00,0x00,0x00,0x00,0x00,0x00,0x00,0x00,0x00,0x00,0x00,0x00,0x00,0x00,0x00,0x00,0x00,0x00,0x00,0x00,0x00,0x00,0x00,0x00,0x00,0x00,0x00,0x00,0x00,0x00,0x00,0x00,0x00,
    0x00,0x00,0x00,0x00,0x00,0x00,0x00,0x00,0x00,0x00,0x00,0x00,0x00,0x00,0x00,0x00,0x00,0x00,0x00,0x00,0x00,0x00,0x00,0x00,0x00,0x00,0x00,0x00,0x00,0x00,0x00,0x00,0x00,0x00,0x00,0x00,0x00,0x00,0x00,0x00,0x00,0x00,0x00,0x00,0x00,0x00,0x00,0x00,0x00,0x00,
    0x00,0x00,0x00,0x00,0x00,0x00,0x00,0x00,0x00,0x00,0x00,0x00,0x00,0x00,0x00,0x00,0x00,0x00,0x00,0x00,0x00,0x00,0x00,0x00,0x00,0x00,0x00,0x00,0x00,0x00,0x00,0x00,0x00,0x00,0x00,0x00,0x00,0x00,0x00,0x00,0x00,0x00,0x00,0x00,0x00,0x00,0x00,0x00,0x00,0x00,
    0x00,0x00,0x00,0x00,0x00,0x00,0x00,0x00,0x00,0x00,0x00,0x00,0x00,0x00,0x00,0x00,0x00,0x00,0x00,0x00,0x00,0x00,0x00,0x00,0x00,0x00,0x00,0x00,0x00,0x00,0x00,0x00,0x00,0x00,0x00,0x00,0x00,0x00,0x00,0x00,0x00,0x00,0x00,0x00,0x00,0x00,0x00,0x00,0x00,0x00,
    0x00,0x00,0x00,0x00,0x00,0x00,0x00,0x00,0x00,0x00,0x00,0x00,0x00,0x00,0x00,0x00,0x00,0x00,0x00,0x00,0x00,0x00,0x00,0x00,0x00,0x00,0x00,0x00,0x00,0x00,0x00,0x00,0x00,0x00,0x0d,0x15,0x18,0x18,0x18,0x16,0x12,0x0b,0x00,0x00,0x00,0x00,0x00,0x00,0x00,0x00,
    0x00,0x00,0x00,0x00,0x00,0x00,0x00,0x00,0x00,0x00,0x00,0x00,0x00,0x00,0x00,0x00,0x00,0x00,0x00,0x00,0x00,0x00,0x00,0x00,0x00,0x00,0x00,0x00,0x00,0x00,0x00,0x00,0x00,0x00,0x00,0x00,0x00,0x00,0x00,0x00,0x00,0x00,0x00,0x00,0x00,0x00,0x00,0x00,0x00,0x00,
    0x00,0x00,0x00,0x00,0x00,0x00,0x00,0x00,0x00,0x00,0x00,0x00,0x00,0x00,0x00,0x00,0x00,0x00,0x00,0x00,0x00,0x00,0x00,0x00,0x00,0x00,0x00,0x00,0x00,0x00,0x00,0x00,0x00,0x00,0x00,0x00,0x00,0x00,0x00,0x00,0x00,0x00,0x00,0x00,0x00,0x00,0x00,0x00,0x00,0x00,
    0x00,0x00,0x00,0x00,0x00,0x00,0x00,0x00,0x00,0x00,0x00,0x00,0x00,0x00,0x00,0x00,0x00,0x00,0x00,0x00,0x00,0x00,0x00,0x00,0x00,0x00,0x00,0x00,0x00,0x00,0x00,0x00,0x00,0x00,0x00,0x00,0x00,0x00,0x00,0x00,0x00,0x00,0x00,0x00,0x00,0x00,0x00,0x00,0x00,0x00,
    0x00,0x00,0x00,0x00,0x00,0x00,0x00,0x00,0x00,0x00,0x00,0x00,0x00,0x00,0x00,0x00,0x00,0x00,0x00,0x00,0x00,0x00,0x00,0x00,0x00,0x00,0x00,0x00,0x00,0x00,0x00,0x00,0x00,0x00,0x00,0x00,0x00,0x00,0x00,0x00,0x00,0x00,0x00,0x00,0x00,0x00,0x00,0x00,0x00,0x00,
    0x00,0x00,0x00,0x00,0x00,0x00,0x00,0x00,0x00,0x00,0x00,0x00,0x00,0x00,0x00,0x00,0x00,0x00,0x00,0x00,0x00,0x00,0x00,0x00,0x00,0x00,0x00,0x00,0x00,0x00,0x00,0x00,0x00,0x00,0x00,0x00,0x00,0x00,0x00,0x00,0x00,0x00,0x00,0x00,0x00,0x00,0x00,0x00,0x00,0x00,
    0x00,0x00,0x00,0x00,0x00,0x00,0x00,0x00,0x00,0x00,0x00,0x00,0x00,0x00,0x00,0x00,0x00,0x00,0x00,0x00,0x00,0x00,0x00,0x00,0x00,0x00,0x00,0x00,0x00,0x00,0x00,0x00,0x00,0x00,0x00,0x00,0x00,0x00,0x00,0x00,0x00,0x00,0x00,0x00,0x00,0x00,0x00,0x00,0x00,0x00,
    0x00,0x00,0x00,0x00,0x00,0x00,0x00,0x00,0x00,0x00,0x00,0x00,0x00,0x00,0x00,0x00,0x00,0x00,0x00,0x00,0x00,0x00,0x00,0x00,0x00,0x00,0x00,0x00,0x00,0x00,0x00,0x00,0x00,0x00,0x00,0x00,0x00,0x00,0x00,0x00,0x00,0x00,0x00,0x00,0x00,0x00,0x00,0x00,0x00,0x00,
    0x00,0x00,0x00,0x00,0x00,0x00,0x00,0x00,0x00,0x00,0x00,0x00,0x00,0x00,0x00,0x00,0x00,0x00,0x00,0x00,0x00,0x00,0x00,0x00,0x00,0x00,0x00,0x00,0x00,0x00,0x00,0x00,0x00,0x00,0x00,0x00,0x00,0x00,0x00,0x00,0x00,0x00,0x00,0x00,0x00,0x00,0x00,0x00,0x00,0x00,
    0x00,0x00,0x00,0x00,0x00,0x00,0x00,0x00,0x00,0x00,0x00,0x00,0x00,0x00,0x00,0x00,0x00,0x00,0x00,0x00,0x00,0x00,0x00,0x00,0x00,0x00,0x00,0x00,0x00,0x00,0x00,0x00,0x00,0x00,0x00,0x00,0x00,0x00,0x00,0x00,0x00,0x00,0x00,0x00,0x00,0x00,0x00,0x00,0x00,0x00,
    0x00,0x00,0x00,0x00,0x00,0x00,0x00,0x00,0x00,0x00,0x00,0x00,0x00,0x00,0x00,0x00,0x00,0x00,0x00,0x00,0x00,0x00,0x00,0x00,0x00,0x00,0x00,0x00,0x00,0x00,0x00,0x00,0x00,0x00,0x00,0x00,0x00,0x00,0x00,0x00,0x00,0x00,0x00,0x00,0x00,0x00,0x00,0x00,0x00,0x00,
    0x00,0x00,0x00,0x00,0x00,0x00,0x00,0x00,0x00,0x00,0x00,0x00,0x00,0x00,0x00,0x00,0x00,0x00,0x00,0x00,0x00,0x00,0x00,0x00,0x00,0x00,0x00,0x00,0x00,0x00,0x00,0x00,0x00,0x00,0x00,0x00,0x00,0x00,0x00,0x00,0x00,0x00,0x00,0x00,0x00,0x00,0x00,0x00,0x00,0x00,
    0x00,0x00,0x00,0x00,0x00,0x00,0x00,0x00,0x00,0x00,0x00,0x00,0x00,0x00,0x00,0x00,0x00,0x00,0x00,0x00,0x00,0x00,0x00,0x00,0x00,0x00,0x00,0x00,0x00,0x00,0x00,0x00,0x00,0x00,0x00,0x00,0x00,0x00,0x00,0x00,0x00,0x00,0x00,0x00,0x00,0x00,0x00,0x00,0x00,0x00,
    0x00,0x00,0x00,0x00,0x00,0x00,0x00,0x00,0x00,0x00,0x00,0x00,0x00,0x00,0x00,0x00,0x00,0x00,0x00,0x00,0x00,0x00,0x00,0x00,0x00,0x00,0x00,0x00,0x00,0x00,0x00,0x00,0x00,0x00,0x00,0x00,0x00,0x00,0x00,0x00,0x00,0x00,0x00,0x00,0x00,0x00,0x00,0x00,0x00,0x00,
    0x00,0x00,0x00,0x00,0x00,0x00,0x00,0x00,0x00,0x00,0x00,0x00,0x00,0x00,0x00,0x00,0x00,0x00,0x00,0x00,0x00,0x00,0x00,0x00,0x00,0x00,0x00,0x00,0x00,0x00,0x00,0x00,0x00,0x00,0x00,0x00,0x00,0x00,0x00,0x00,0x00,0x00,0x00,0x00,0x00,0x00,0x00,0x00,0x00,0x00,
    0x00,0x00,0x00,0x00,0x00,0x00,0x00,0x00,0x00,0x00,0x00,0x00,0x00,0x00,0x00,0x00,0x00,0x00,0x00,0x00,0x00,0x00,0x00,0x00,0x00,0x00,0x00,0x00,0x00,0x00,0x00,0x00,0x00,0x00,0x00,0x00,0x00,0x00,0x00,0x00,0x00,0x00,0x00,0x00,0x00,0x00,0x00,0x00,0x00,0x00,
    0x00,0x00,0x00,0x00,0x00,0x00,0x00,0x00,0x00,0x00,0x00,0x00,0x00,0x00,0x00,0x00,0x00,0x00,0x00,0x00,0x00,0x00,0x00,0x00,0x00,0x00,0x00,0x00,0x00,0x00,0x00,0x00,0x00,0x00,0x00,0x00,0x00,0x00,0x00,0x00,0x00,0x00,0x00,0x00,0x00,0x00,0x00,0x00,0x00,0x00,
    0x00,0x00,0x00,0x00,0x00,0x00,0x00,0x00,0x00,0x00,0x00,0x00,0x00,0x00,0x00,0x00,0x00,0x00,0x00,0x00,0x00,0x00,0x00,0x00,0x00,0x00,0x00,0x00,0x00,0x00,0x00,0x00,0x00,0x00,0x00,0x00,0x00,0x00,0x00,0x00,0x00,0x00,0x00,0x00,0x00,0x00,0x00,0x00,0x00,0x00,
    0x00,0x00,0x00,0x00,0x00,0x00,0x00,0x00,0x00,0x00,0x00,0x00,0x00,0x00,0x00,0x00,0x00,0x00,0x00,0x00,0x00,0x00,0x00,0x00,0x00,0x00,0x00,0x00,0x00,0x00,0x00,0x00,0x00,0x00,0x00,0x00,0x00,0x00,0x00,0x00,0x00,0x00,0x00,0x00,0x00,0x00,0x00,0x00,0x00,0x00,
    0x00,0x00,0x00,0x00,0x00,0x00,0x00,0x00,0x00,0x00,0x00,0x00,0x00,0x00,0x00,0x00,0x00,0x00,0x00,0x00,0x00,0x00,0x00,0x00,0x00,0x00,0x00,0x00,0x00,0x00,0x00,0x00,0x00,0x00,0x00,0x00,0x00,0x00,0x00,0x00,0x00,0x00,0x00,0x00,0x00,0x00,0x00,0x00,0x00,0x00,
    0x00,0x00,0x00,0x00,0x00,0x00,0x00,0x00,0x00,0x00,0x00,0x00,0x00,0x00,0x00,0x00,0x00,0x00,0x00,0x00,0x00,0x00,0x00,0x00,0x00,0x00,0x00,0x00,0x00,0x00,0x00,0x00,0x00,0x00,0x00,0x00,0x00,0x00,0x00,0x00,0x00,0x00,0x00,0x00,0x00,0x00,0x00,0x00,0x00,0x00,
    0x00,0x00,0x00,0x00,0x00,0x00,0x00,0x00,0x00,0x00,0x00,0x00,0x00,0x00,0x00,0x00,0x00,0x00,0x00,0x00,0x00,0x00,0x00,0x00,0x00,0x00,0x00,0x00,0x00,0x00,0x00,0x00,0x00,0x00,0x00,0x00,0x00,0x00,0x00,0x00,0x00,0x00,0x00,0x00,0x00,0x00,0x00,0x00,0x00,0x00,
    0x00,0x00,0x00,0x00,0x00,0x00,0x00,0x00,0x00,0x00,0x00,0x00,0x00,0x00,0x00,0x00,0x00,0x00,0x00,0x00,0x00,0x00,0x00,0x00,0x00,0x00,0x00,0x00,0x00,0x00,0x00,0x00,0x00,0x00,0x00,0x00,0x00,0x00,0x00,0x00,0x00,0x00,0x00,0x00,0x00,0x00,0x00,0x00,0x00,0x00,
    0x00,0x00,0x00,0x00,0x00,0x00,0x00,0x00,0x00,0x00,0x00,0x00,0x00,0x00,0x00,0x00,0x00,0x00,0x00,0x00,0x00,0x00,0x00,0x00,0x00,0x00,0x00,0x00,0x00,0x00,0x00,0x00,0x00,0x00,0x00,0x00,0x00,0x00,0x00,0x00,0x00,0x00,0x00,0x00,0x00,0x00,0x00,0x00,0x00,0x00,
    0x00,0x00,0x00,0x00,0x00,0x00,0x00,0x00,0x00,0x00,0x00,0x00,0x00,0x00,0x00,0x00,0x00,0x00,0x00,0x00,0x00,0x00,0x00,0x00,0x00,0x00,0x00,0x00,0x00,0x00,0x00,0x00,0x00,0x00,0x00,0x00,0x00,0x00,0x00,0x00,0x00,0x00,0x00,0x00,0x00,0x00,0x00,0x00,0x00,0x00,
    0x00,0x00,0x00,0x00,0x00,0x00,0x00,0x00,0x00,0x00,0x00,0x00,0x00,0x00,0x00,0x00,0x00,0x00,0x00,0x00,0x00,0x00,0x00,0x00,0x00,0x00,0x00,0x00,0x00,0x00,0x00,0x00,0x00,0x00,0x00,0x00,0x00,0x00,0x00,0x00,0x00,0x00,0x00,0x00,0x00,0x00,0x00,0x00,0x00,0x00,
    0x00,0x00,0x00,0x00,0x00,0x00,0x00,0x00,0x00,0x00,0x00,0x00,0x00,0x00,0x00,0x00,0x00,0x00,0x00,0x00,0x00,0x00,0x00,0x00,0x00,0x00,0x00,0x00,0x00,0x00,0x00,0x00,0x00,0x00,0x00,0x00,0x00,0x00,0x00,0x00,0x00,0x00,0x00,0x00,0x00,0x00,0x00,0x00,0x00,0x00,
    0x00,0x00,0x00,0x00,0x00,0x00,0x00,0x00,0x00,0x00,0x00,0x00,0x00,0x00,0x00,0x00,0x00,0x00,0x00,0x00,0x00,0x00,0x00,0x00,0x00,0x00,0x00,0x00,0x00,0x00,0x00,0x00,0x00,0x00,0x00,0x00,0x00,0x00,0x00,0x00,0x00,0x00,0x00,0x00,0x00,0x00,0x00,0x00,0x00,0x00,
    0x00,0x00,0x00,0x00,0x00,0x00,0x00,0x00,0x00,0x00,0x00,0x00,0x00,0x00,0x00,0x00,0x00,0x00,0x00,0x00,0x00,0x00,0x00,0x00,0x00,0x00,0x00,0x00,0x00,0x00,0x00,0x00,0x00,0x00,0x00,0x00,0x00,0x00,0x00,0x00,0x00,0x00,0x00,0x00,0x00,0x00,0x00,0x00,0x00,0x00,
    0x00,0x00,0x00,0x00,0x00,0x00,0x00,0x00,0x00,0x00,0x00,0x00,0x00,0x00,0x00,0x00,0x00,0x00,0x00,0x00,0x00,0x00,0x00,0x00,0x00,0x00,0x00,0x00,0x00,0x00,0x00,0x00,0x00,0x00,0x00,0x00,0x00,0x00,0x00,0x00,0x00,0x00,0x00,0x00,0x00,0x00,0x00,0x00,0x00,0x00,
    0x00,0x00,0x00,0x00,0x00,0x00,0x00,0x00,0x00,0x00,0x00,0x00,0x00,0x00,0x00,0x00,0x00,0x00,0x00,0x00,0x00,0x00,0x00,0x00,0x00,0x00,0x00,0x00,0x00,0x00,0x00,0x00,0x00,0x00,0x00,0x00,0x00,0x00,0x00,0x00,0x00,0x00,0x00,0x00,0x00,0x00,0x00,0x00,0x00,0x00,
    0x00,0x00,0x00,0x00,0x00,0x00,0x00,0x00,0x00,0x00,0x00,0x00,0x00,0x00,0x00,0x00,0x00,0x00,0x00,0x00,0x00,0x00,0x00,0x00,0x00,0x00,0x00,0x00,0x00,0x00,0x00,0x00,0x00,0x00,0x00,0x00,0x00,0x00,0x00,0x00,0x00,0x00,0x00,0x00,0x00,0x00,0x00,0x00,0x00,0x00,
    0x00,0x00,0x00,0x00,0x00,0x00,0x00,0x00,0x00,0x00,0x00,0x00,0x00,0x00,0x00,0x00,0x00,0x00,0x00,0x00,0x00,0x00,0x00,0x00,0x00,0x00,0x00,0x00,0x00,0x00,0x00,0x00,0x00,0x00,0x00,0x00,0x00,0x00,0x00,0x00,0x00,0x00,0x00,0x00,0x00,0x00,0x00,0x00,0x00,0x00,
    0x00,0x00,0x00,0x00,0x00,0x00,0x00,0x00,0x00,0x00,0x00,0x00,0x00,0x00,0x00,0x00,0x00,0x00,0x00,0x00,0x00,0x00,0x00,0x00,0x00,0x00,0x00,0x00,0x00,0x00,0x00,0x00,0x00,0x00,0x00,0x00,0x00,0x00,0x00,0x00,0x00,0x00,0x00,0x00,0x00,0x00,0x00,0x00,0x00,0x00,
    0x00,0x00,0x00,0x00,0x00,0x00,0x00,0x00,0x00,0x00,0x00,0x00,0x00,0x00,0x00,0x00,0x00,0x00,0x00,0x00,0x00,0x00,0x00,0x00,0x00,0x00,0x00,0x00,0x00,0x00,0x00,0x00,0x00,0x00,0x00,0x00,0x00,0x00,0x00,0x00,0x00,0x00,0x00,0x00,0x00,0x00,0x00,0x00,0x00,0x00,
    0x00,0x00,0x00,0x00,0x00,0x00,0x00,0x00,0x00,0x00,0x00,0x00,0x00,0x00,0x00,0x00,0x00,0x00,0x00,0x00,0x00,0x00,0x00,0x00,0x00,0x00,0x00,0x00,0x00,0x00,0x00,0x00,0x00,0x00,0x00,0x00,0x00,0x00,0x00,0x00,0x00,0x00,0x00,0x00,0x00,0x00,0x00,0x00,0x00,0x00,
    0x00,0x00,0x00,0x00,0x00,0x00,0x00,0x00,0x00,0x00,0x00,0x00,0x00,0x00,0x00,0x00,0x00,0x00,0x00,0x00,0x00,0x00,0x00,0x00,0x00,0x00,0x00,0x00,0x00,0x00,0x00,0x00,0x00,0x00,0x00,0x00,0x00,0x00,0x00,0x00,0x00,0x00,0x00,0x00,0x00,0x00,0x00,0x00,0x00,0x00,
    0x00,0x00,0x00,0x00,0x00,0x00,0x00,0x00,0x00,0x00,0x00,0x00,0x00,0x00,0x00,0x00,0x00,0x00,0x00,0x00,0x00,0x00,0x00,0x00,0x00,0x00,0x00,0x00,0x00,0x00,0x00,0x00,0x00,0x00,0x00,0x00,0x00,0x00,0x00,0x00,0x00,0x00,0x00,0x00,0x00,0x00,0x00,0x00,0x00,0x00,
    0x00,0x00,0x00,0x00,0x00,0x00,0x00,0x00,0x00,0x00,0x00,0x00,0x00,0x00,0x00,0x00,0x00,0x00,0x00,0x00,0x00,0x00,0x00,0x00,0x00,0x00,0x00,0x00,0x00,0x00,0x00,0x00,0x00,0x00,0x00,0x00,0x00,0x00,0x00,0x00,0x00,0x00,0x00,0x00,0x00,0x00,0x00,0x00,0x00,0x00,
    0x00,0x00,0x00,0x00,0x00,0x00,0x00,0x00,0x00,0x00,0x00,0x00,0x00,0x00,0x00,0x00,0x00,0x00,0x00,0x00,0x00,0x00,0x00,0x00,0x00,0x00,0x00,0x00,0x00,0x00,0x00,0x00,0x00,0x00,0x00,0x00,0x00,0x00,0x00,0x00,0x00,0x00,0x00,0x00,0x00,0x00,0x00,0x00,0x00,0x00,
    0x00,0x00,0x00,0x00,0x00,0x00,0x00,0x00,0x00,0x00,0x00,0x00,0x00,0x00,0x00,0x00,0x00,0x00,0x00,0x00,0x00,0x00,0x00,0x00,0x00,0x00,0x00,0x00,0x00,0x00,0x00,0x00,0x00,0x00,0x00,0x00,0x00,0x00,0x00,0x00,0x00,0x00,0x00,0x00,0x00,0x00,0x00,0x00,0x00,0x00,
    0x00,0x00,0x00,0x00,0x00,0x00,0x00,0x00,0x00,0x00,0x00,0x00,0x00,0x00,0x00,0x00,0x00,0x00,0x00,0x00,0x00,0x00,0x00,0x00,0x00,0x00,0x00,0x00,0x00,0x00,0x00,0x00,0x00,0x00,0x00,0x00,0x00,0x00,0x00,0x00,0x00,0x00,0x00,0x00,0x00,0x00,0x00,0x00,0x00,0x00,
    0x00,0x00,0x00,0x00,0x00,0x00,0x00,0x00,0x00,0x00,0x00,0x00,0x00,0x00,0x00,0x00,0x00,0x00,0x00,0x00,0x00,0x00,0x00,0x00,0x00,0x00,0x00,0x00,0x00,0x00,0x00,0x00,0x00,0x00,0x00,0x00,0x00,0x00,0x00,0x00,0x00,0x00,0x00,0x00,0x00,0x00,0x00,0x00,0x00,0x00,
    0x00,0x00,0x00,0x00,0x00,0x00,0x00,0x00,0x00,0x00,0x00,0x00,0x00,0x00,0x00,0x00,0x00,0x00,0x00,0x00,0x00,0x00,0x00,0x00,0x00,0x00,0x00,0x00,0x00,0x00,0x00,0x00,0x00,0x00,0x02,0x08,0x0a,0x0a,0x0a,0x0a,0x07,0x00,0x00,0x00,0x00,0x00,0x00,0x00,0x00,0x00,
    0x00,0x00,0x00,0x00,0x00,0x00,0x00,0x00,0x00,0x00,0x00,0x00,0x00,0x00,0x00,0x00,0x00,0x00,0x00,0x00,0x00,0x00,0x00,0x00,0x00,0x00,0x00,0x00,0x00,0x00,0x00,0x00,0x00,0x00,0x00,0x00,0x00,0x00,0x00,0x00,0x00,0x00,0x00,0x00,0x00,0x00,0x00,0x00,0x00,0x00,
    0x00,0x00,0x00,0x00,0x00,0x00,0x00,0x00,0x00,0x00,0x00,0x00,0x00,0x00,0x00,0x00,0x00,0x09,0x0c,0x0c,0x0c,0x0c,0x0c,0x0c,0x0c,0x0c,0x0c,0x0c,0x0c,0x0c,0x0c,0x0c,0x0c,0x0c,0x0c,0x0a,0x03,0x00,0x00,0x00,0x00,0x00,0x00,0x00,0x00,0x00,0x00,0x00,0x00,0x00,
    0x00,0x00,0x00,0x00,0x00,0x00,0x00,0x00,0x00,0x00,0x00,0x00,0x00,0x00,0x00,0x00,0x00,0x00,0x00,0x00,0x00,0x00,0x00,0x00,0x00,0x00,0x00,0x00,0x00,0x00,0x00,0x00,0x00,0x00,0x00,0x00,0x00,0x00,0x00,0x00,0x00,0x00,0x00,0x00,0x00,0x00,0x00,0x00,0x00,0x00,
    0x00,0x00,0x00,0x00,0x00,0x00,0x00,0x00,0x00,0x00,0x00,0x00,0x00,0x00,0x00,0x00,0x00,0x00,0x00,0x00,0x00,0x00,0x00,0x00,0x00,0x00,0x00,0x00,0x00,0x00,0x00,0x00,0x00,0x00,0x00,0x00,0x00,0x00,0x00,0x00,0x00,0x00,0x00,0x00,0x00,0x00,0x00,0x00,0x00,0x00,
    0x00,0x00,0x00,0x00,0x00,0x00,0x00,0x00,0x00,0x00,0x00,0x00,0x00,0x00,0x00,0x00,0x00,0x00,0x00,0x00,0x00,0x00,0x00,0x00,0x00,0x00,0x00,0x00,0x00,0x00,0x00,0x00,0x00,0x00,0x00,0x00,0x00,0x00,0x00,0x00,0x00,0x00,0x00,0x00,0x00,0x00,0x00,0x00,0x00,0x00,
    0x00,0x00,0x00,0x00,0x00,0x00,0x00,0x00,0x00,0x00,0x00,0x00,0x00,0x00,0x00,0x00,0x00,0x00,0x00,0x00,0x00,0x00,0x00,0x00,0x00,0x00,0x00,0x00,0x00,0x00,0x00,0x00,0x00,0x00,0x00,0x00,0x00,0x00,0x00,0x00,0x00,0x00,0x00,0x00,0x00,0x00,0x00,0x00,0x00,0x00,
    0x00,0x00,0x00,0x00,0x00,0x00,0x00,0x00,0x00,0x00,0x00,0x00,0x00,0x00,0x00,0x00,0x00,0x00,0x00,0x00,0x00,0x00,0x00,0x00,0x00,0x00,0x00,0x00,0x00,0x00,0x00,0x00,0x00,0x00,0x00,0x00,0x00,0x00,0x00,0x00,0x00,0x00,0x00,0x00,0x00,0x00,0x00,0x00,0x00,0x00,
    0x00,0x00,0x00,0x00,0x00,0x00,0x00,0x00,0x00,0x00,0x00,0x00,0x00,0x00,0x00,0x00,0x00,0x00,0x00,0x00,0x00,0x00,0x00,0x00,0x00,0x00,0x00,0x00,0x00,0x00,0x00,0x00,0x00,0x00,0x00,0x00,0x00,0x00,0x00,0x00,0x00,0x00,0x00,0x00,0x00,0x00,0x05,0x0f,0x14,0x15,
    0x15,0x15,0x15,0x12,0x0a,0x00,0x00,0x00,0x00,0x00,0x00,0x00,0x00,0x00,0x00,0x00,0x00,0x0a,0x14,0x17,0x17,0x17,0x17,0x17,0x17,0x17,0x17,0x17,0x17,0x17,0x17,0x17,0x15,0x0e,0x01,0x00,0x00,0x00,0x00,0x00,0x00,0x00,0x0a,0x13,0x17,0x17,0x17,0x17,0x15,0x17,
    0x17,0x17,0x17,0x15,0x0d,0x00,0x00,0x00,0x00,0x00,0x00,0x00,0x04,0x0f,0x16,0x17,0x17,0x17,0x17,0x11,0x07,0x00,0x00,0x00,0x00,0x00,0x00,0x00,0x00,0x00,0x05,0x0e,0x12,0x12,0x12,0x12,0x11,0x0a,0x00,0x00,0x00,0x00,0x00,0x00,0x00,0x0c,0x19,0x21,0x23,0x23,
    0x23,0x23,0x20,0x17,0x08,0x00,0x00,0x00,0x00,0x00,0x00,0x00,0x00,0x00,0x00,0x00,0x00,0x02,0x0a,0x10,0x12,0x10,0x0b,0x04,0x00,0x00,0x07,0x0d,0x0e,0x09,0x00,0x00,0x00,0x00,0x00,0x00,0x00,0x00,0x00,0x07,0x0f,0x12,0x12,0x12,0x12,0x12,0x12,0x12,0x12,0x12,
    0x12,0x12,0x11,0x0a,0x00,0x00,0x00,0x00,0x00,0x00,0x00,0x00,0x0b,0x11,0x12,0x12,0x12,0x12,0x0d,0x04,0x00,0x00,0x00,0x00,0x00,0x00,0x00,0x08,0x17,0x21,0x25,0x25,0x25,0x25,0x25,0x25,0x25,0x25,0x25,0x25,0x25,0x25,0x25,0x25,0x25,0x25,0x25,0x23,0x1a,0x0c,
    0x00,0x00,0x00,0x00,0x00,0x00,0x00,0x00,0x00,0x00,0x00,0x00,0x00,0x00,0x00,0x00,0x00,0x00,0x00,0x00,0x00,0x00,0x00,0x00,0x00,0x00,0x00,0x00,0x00,0x00,0x00,0x00,0x00,0x00,0x00,0x00,0x00,0x00,0x00,0x00,0x00,0x00,0x00,0x00,0x00,0x00,0x00,0x00,0x00,0x00,
    0x00,0x00,0x00,0x00,0x00,0x00,0x00,0x00,0x00,0x00,0x00,0x00,0x00,0x00,0x00,0x00,0x00,0x00,0x00,0x00,0x00,0x00,0x00,0x00,0x00,0x00,0x00,0x00,0x00,0x00,0x00,0x00,0x00,0x00,0x00,0x00,0x00,0x00,0x00,0x00,0x00,0x00,0x00,0x00,0x00,0x00,0x00,0x00,0x00,0x00,
    0x00,0x00,0x00,0x00,0x00,0x00,0x00,0x00,0x00,0x00,0x00,0x00,0x00,0x00,0x00,0x00,0x00,0x00,0x00,0x00,0x00,0x00,0x00,0x00,0x00,0x00,0x00,0x00,0x00,0x00,0x00,0x00,0x00,0x00,0x00,0x00,0x00,0x00,0x00,0x00,0x00,0x00,0x00,0x00,0x00,0x00,0x00,0x00,0x00,0x00,
    0x00,0x00,0x00,0x00,0x00,0x00,0x00,0x00,0x00,0x00,0x00,0x00,0x00,0x00,0x00,0x00,0x00,0x00,0x00,0x00,0x00,0x00,0x00,0x00,0x00,0x00,0x00,0x00,0x00,0x00,0x00,0x00,0x00,0x00,0x00,0x00,0x00,0x00,0x00,0x00,0x00,0x00,0x00,0x00,0x00,0x00,0x00,0x00,0x00,0x00,
    0x00,0x00,0x00,0x00,0x00,0x00,0x00,0x00,0x00,0x00,0x00,0x00,0x00,0x00,0x00,0x00,0x00,0x00,0x00,0x00,0x00,0x00,0x00,0x00,0x00,0x00,0x00,0x00,0x00,0x00,0x00,0x00,0x00,0x00,0x00,0x00,0x00,0x00,0x00,0x00,0x00,0x00,0x00,0x00,0x00,0x00,0x00,0x00,0x00,0x00,
    0x00,0x00,0x00,0x00,0x00,0x00,0x00,0x00,0x00,0x00,0x00,0x00,0x00,0x00,0x00,0x00,0x00,0x00,0x00,0x00,0x00,0x00,0x00,0x00,0x00,0x00,0x00,0x00,0x00,0x00,0x00,0x00,0x00,0x00,0x00,0x00,0x00,0x00,0x00,0x00,0x00,0x00,0x00,0x00,0x00,0x00,0x00,0x00,0x00,0x00,
    0x00,0x00,0x00,0x00,0x00,0x00,0x00,0x09,0x1a,0x27,0x2e,0x2e,0x2e,0x2e,0x2e,0x2b,0x20,0x11,0x00,0x00,0x00,0x00,0x00,0x00,0x00,0x00,0x00,0x00,0x10,0x21,0x2c,0x30,0x30,0x30,0x30,0x30,0x30,0x30,0x30,0x30,0x30,0x30,0x30,0x30,0x2e,0x24,0x15,0x03,0x00,0x00,
    0x00,0x00,0x00,0x0f,0x1f,0x2b,0x30,0x30,0x30,0x30,0x2e,0x30,0x30,0x30,0x30,0x2d,0x23,0x14,0x01,0x00,0x00,0x00,0x00,0x06,0x18,0x26,0x2f,0x30,0x30,0x30,0x30,0x29,0x1c,0x0b,0x00,0x00,0x00,0x00,0x00,0x00,0x00,0x0b,0x1b,0x26,0x2b,0x2b,0x2b,0x2b,0x2a,0x22,
    0x14,0x03,0x00,0x00,0x00,0x00,0x0c,0x1f,0x30,0x3a,0x3d,0x3d,0x3d,0x3d,0x38,0x2c,0x1b,0x07,0x00,0x00,0x00,0x00,0x00,0x00,0x00,0x00,0x00,0x07,0x11,0x1a,0x23,0x29,0x2b,0x2a,0x24,0x1c,0x13,0x14,0x1f,0x27,0x27,0x21,0x14,0x04,0x00,0x00,0x00,0x00,0x00,0x00,
    0x0f,0x1e,0x28,0x2b,0x2b,0x2b,0x2b,0x2b,0x2b,0x2b,0x2b,0x2b,0x2b,0x2b,0x2a,0x21,0x13,0x02,0x00,0x00,0x00,0x00,0x04,0x15,0x23,0x2a,0x2b,0x2b,0x2b,0x2b,0x25,0x1a,0x09,0x00,0x00,0x00,0x00,0x00,0x05,0x1a,0x2c,0x39,0x3f,0x3f,0x3f,0x3f,0x3f,0x3f,0x3f,0x3f,
    0x3f,0x3f,0x3f,0x3f,0x3f,0x3f,0x3f,0x3f,0x3f,0x3c,0x30,0x1f,0x0b,0x00,0x00,0x00,0x00,0x00,0x00,0x00,0x00,0x00,0x00,0x00,0x00,0x00,0x00,0x00,0x00,0x00,0x00,0x00,0x00,0x00,0x00,0x00,0x00,0x00,0x00,0x00,0x00,0x00,0x00,0x00,0x00,0x00,0x00,0x00,0x00,0x00,
    0x00,0x00,0x00,0x00,0x00,0x00,0x00,0x00,0x00,0x00,0x00,0x00,0x00,0x00,0x00,0x00,0x00,0x00,0x00,0x00,0x00,0x00,0x00,0x00,0x00,0x00,0x00,0x00,0x00,0x00,0x00,0x00,0x00,0x00,0x00,0x00,0x00,0x00,0x00,0x00,0x00,0x00,0x00,0x00,0x00,0x00,0x00,0x00,0x00,0x00,
    0x00,0x00,0x00,0x00,0x00,0x00,0x00,0x00,0x00,0x00,0x00,0x00,0x00,0x00,0x00,0x00,0x00,0x00,0x00,0x00,0x00,0x00,0x00,0x00,0x00,0x00,0x00,0x00,0x00,0x00,0x00,0x00,0x00,0x00,0x00,0x00,0x00,0x00,0x00,0x00,0x00,0x00,0x00,0x00,0x00,0x00,0x00,0x00,0x00,0x00,
    0x00,0x00,0x00,0x00,0x00,0x00,0x00,0x00,0x00,0x00,0x00,0x00,0x00,0x00,0x00,0x00,0x00,0x00,0x00,0x00,0x00,0x00,0x00,0x00,0x00,0x00,0x00,0x00,0x00,0x00,0x00,0x00,0x00,0x00,0x00,0x00,0x00,0x00,0x00,0x00,0x00,0x00,0x00,0x00,0x00,0x00,0x00,0x00,0x00,0x00,
    0x00,0x00,0x00,0x00,0x00,0x00,0x00,0x00,0x00,0x00,0x00,0x00,0x00,0x00,0x00,0x00,0x00,0x00,0x00,0x00,0x00,0x00,0x00,0x00,0x00,0x00,0x00,0x00,0x00,0x00,0x00,0x00,0x00,0x00,0x00,0x00,0x00,0x00,0x00,0x00,0x00,0x00,0x00,0x00,0x00,0x00,0x00,0x00,0x00,0x00,
    0x00,0x00,0x00,0x00,0x00,0x00,0x00,0x00,0x00,0x00,0x00,0x00,0x00,0x00,0x00,0x00,0x00,0x00,0x00,0x00,0x00,0x00,0x00,0x00,0x00,0x00,0x00,0x00,0x00,0x00,0x00,0x00,0x00,0x00,0x00,0x00,0x00,0x00,0x00,0x00,0x00,0x00,0x00,0x00,0x00,0x00,0x00,0x00,0x00,0x00,
    0x00,0x00,0x00,0x00,0x00,0x00,0x00,0x00,0x00,0x00,0x00,0x00,0x00,0x00,0x00,0x00,0x00,0x00,0x03,0x19,0x2d,0x3e,0x47,0x48,0x48,0x48,0x48,0x43,0x35,0x22,0x0c,0x00,0x00,0x00,0x00,0x00,0x00,0x00,0x00,0x0b,0x21,0x34,0x44,0x4a,0x4a,0x4a,0x4a,0x4a,0x4a,0x4a,
    0x4a,0x4a,0x4a,0x4a,0x4a,0x4a,0x46,0x39,0x27,0x11,0x00,0x00,0x00,0x00,0x09,0x1f,0x33,0x43,0x4a,0x4a,0x4a,0x4a,0x46,0x4a,0x4a,0x4a,0x4a,0x46,0x38,0x25,0x0f,0x00,0x00,0x00,0x00,0x15,0x2a,0x3c,0x48,0x4a,0x4a,0x4a,0x49,0x40,0x2f,0x1b,0x04,0x00,0x00,0x00,
    0x00,0x00,0x06,0x1b,0x2f,0x3e,0x45,0x45,0x45,0x45,0x43,0x38,0x27,0x12,0x00,0x00,0x00,0x00,0x18,0x2f,0x43,0x52,0x56,0x56,0x56,0x56,0x50,0x3f,0x2b,0x16,0x02,0x00,0x00,0x00,0x00,0x00,0x00,0x00,0x10,0x1e,0x28,0x32,0x3b,0x42,0x45,0x43,0x3c,0x34,0x2b,0x2c,
    0x36,0x40,0x40,0x38,0x28,0x14,0x00,0x00,0x00,0x00,0x00,0x0c,0x21,0x33,0x40,0x45,0x45,0x45,0x45,0x45,0x45,0x45,0x45,0x45,0x45,0x45,0x42,0x37,0x26,0x11,0x00,0x00,0x00,0x00,0x14,0x28,0x39,0x43,0x45,0x45,0x45,0x44,0x3d,0x2d,0x1a,0x04,0x00,0x00,0x00,0x00,
    0x10,0x28,0x3e,0x50,0x58,0x58,0x58,0x58,0x58,0x58,0x58,0x58,0x58,0x58,0x58,0x58,0x58,0x58,0x58,0x58,0x58,0x53,0x43,0x2e,0x17,0x00,0x00,0x00,0x00,0x00,0x00,0x00,0x00,0x00,0x00,0x00,0x00,0x00,0x00,0x00,0x00,0x00,0x00,0x00,0x00,0x00,0x00,0x00,0x00,0x00,
    0x00,0x00,0x00,0x00,0x00,0x00,0x00,0x00,0x00,0x00,0x00,0x00,0x00,0x00,0x00,0x00,0x00,0x00,0x00,0x00,0x00,0x00,0x00,0x00,0x00,0x00,0x00,0x00,0x00,0x00,0x00,0x00,0x00,0x00,0x00,0x00,0x00,0x00,0x00,0x00,0x00,0x00,0x00,0x00,0x00,0x00,0x00,0x00,0x00,0x00,
    0x00,0x00,0x00,0x00,0x00,0x00,0x00,0x00,0x00,0x00,0x00,0x00,0x00,0x00,0x00,0x00,0x00,0x00,0x00,0x00,0x00,0x00,0x00,0x00,0x00,0x00,0x00,0x00,0x00,0x00,0x00,0x00,0x00,0x00,0x00,0x00,0x00,0x00,0x00,0x00,0x00,0x00,0x00,0x00,0x00,0x00,0x00,0x00,0x00,0x00,
    0x00,0x00,0x00,0x00,0x00,0x00,0x00,0x00,0x00,0x00,0x00,0x00,0x00,0x00,0x00,0x00,0x00,0x00,0x00,0x00,0x00,0x00,0x00,0x00,0x00,0x00,0x00,0x00,0x00,0x00,0x00,0x00,0x00,0x00,0x00,0x00,0x00,0x00,0x00,0x00,0x00,0x00,0x00,0x00,0x00,0x00,0x00,0x00,0x00,0x00,
    0x00,0x00,0x00,0x00,0x00,0x00,0x00,0x00,0x00,0x00,0x00,0x00,0x00,0x00,0x00,0x00,0x00,0x00,0x00,0x00,0x00,0x00,0x00,0x00,0x00,0x00,0x00,0x00,0x00,0x00,0x00,0x00,0x00,0x00,0x00,0x00,0x00,0x00,0x00,0x00,0x00,0x00,0x00,0x00,0x00,0x00,0x00,0x00,0x00,0x00,
    0x00,0x00,0x00,0x00,0x00,0x00,0x00,0x00,0x00,0x00,0x00,0x00,0x00,0x00,0x00,0x00,0x00,0x00,0x00,0x00,0x00,0x00,0x00,0x00,0x00,0x00,0x00,0x00,0x00,0x00,0x00,0x00,0x00,0x00,0x00,0x00,0x00,0x00,0x00,0x00,0x00,0x00,0x00,0x00,0x00,0x00,0x00,0x00,0x00,0x00,
    0x00,0x00,0x00,0x00,0x00,0x00,0x00,0x00,0x00,0x00,0x00,0x00,0x00,0x00,0x00,0x00,0x00,0x00,0x00,0x00,0x00,0x00,0x00,0x00,0x00,0x00,0x00,0x00,0x00,0x00,0x0d,0x24,0x3c,0x51,0x60,0x61,0x61,0x61,0x61,0x59,0x45,0x2e,0x16,0x00,0x00,0x00,0x00,0x00,0x00,0x00,
    0x00,0x14,0x2d,0x44,0x59,0x63,0x63,0x63,0x63,0x63,0x63,0x63,0x63,0x63,0x63,0x63,0x63,0x63,0x5d,0x4a,0x33,0x1b,0x02,0x00,0x00,0x00,0x12,0x2b,0x42,0x57,0x63,0x63,0x63,0x63,0x5d,0x63,0x63,0x63,0x63,0x5c,0x48,0x31,0x19,0x00,0x00,0x00,0x07,0x1f,0x37,0x4e,
    0x5f,0x63,0x63,0x63,0x62,0x53,0x3d,0x25,0x0d,0x00,0x00,0x00,0x00,0x00,0x10,0x28,0x3f,0x53,0x5e,0x5e,0x5e,0x5e,0x5b,0x4b,0x35,0x1d,0x05,0x00,0x00,0x06,0x1f,0x38,0x51,0x67,0x70,0x70,0x70,0x70,0x63,0x4e,0x3a,0x26,0x12,0x00,0x00,0x00,0x00,0x00,0x00,0x0f,
    0x23,0x34,0x40,0x4a,0x53,0x5b,0x5e,0x5c,0x54,0x4c,0x43,0x43,0x4d,0x58,0x59,0x4c,0x38,0x21,0x09,0x00,0x00,0x00,0x00,0x16,0x2e,0x44,0x57,0x5e,0x5e,0x5e,0x5e,0x5e,0x5e,0x5e,0x5e,0x5e,0x5e,0x5e,0x5a,0x49,0x34,0x1c,0x04,0x00,0x00,0x07,0x1f,0x37,0x4c,0x5c,
    0x5e,0x5e,0x5e,0x5e,0x51,0x3d,0x26,0x0e,0x00,0x00,0x00,0x00,0x17,0x30,0x49,0x61,0x72,0x72,0x72,0x72,0x72,0x72,0x72,0x72,0x72,0x72,0x72,0x72,0x72,0x72,0x72,0x72,0x72,0x67,0x50,0x37,0x1e,0x04,0x00,0x00,0x00,0x00,0x00,0x00,0x00,0x00,0x00,0x00,0x00,0x00,
    0x00,0x00,0x00,0x00,0x00,0x00,0x00,0x00,0x00,0x00,0x00,0x00,0x00,0x00,0x00,0x00,0x00,0x00,0x00,0x00,0x00,0x00,0x00,0x00,0x00,0x00,0x00,0x00,0x00,0x00,0x00,0x00,0x00,0x00,0x00,0x00,0x00,0x00,0x00,0x00,0x00,0x00,0x00,0x00,0x00,0x00,0x00,0x00,0x00,0x00,
    0x00,0x00,0x00,0x00,0x00,0x00,0x00,0x00,0x00,0x00,0x00,0x00,0x00,0x00,0x00,0x00,0x00,0x00,0x00,0x00,0x00,0x00,0x00,0x00,0x00,0x00,0x00,0x00,0x00,0x00,0x00,0x00,0x00,0x00,0x00,0x00,0x00,0x00,0x00,0x00,0x00,0x00,0x00,0x00,0x00,0x00,0x00,0x00,0x00,0x00,
    0x00,0x00,0x00,0x00,0x00,0x00,0x00,0x00,0x00,0x00,0x00,0x00,0x00,0x00,0x00,0x00,0x00,0x00,0x00,0x00,0x00,0x00,0x00,0x00,0x00,0x00,0x00,0x00,0x00,0x00,0x00,0x00,0x00,0x00,0x00,0x00,0x00,0x00,0x00,0x00,0x00,0x00,0x00,0x00,0x00,0x00,0x00,0x00,0x00,0x00,
    0x00,0x00,0x00,0x00,0x00,0x00,0x00,0x00,0x00,0x00,0x00,0x00,0x00,0x00,0x00,0x00,0x00,0x00,0x00,0x00,0x00,0x00,0x00,0x00,0x00,0x00,0x00,0x00,0x00,0x00,0x00,0x00,0x00,0x00,0x00,0x00,0x00,0x00,0x00,0x00,0x00,0x00,0x00,0x00,0x00,0x00,0x00,0x00,0x00,0x00,
    0x00,0x00,0x00,0x00,0x00,0x00,0x00,0x00,0x00,0x00,0x00,0x00,0x00,0x00,0x00,0x00,0x00,0x00,0x00,0x00,0x00,0x00,0x00,0x00,0x00,0x00,0x00,0x00,0x00,0x00,0x00,0x00,0x00,0x00,0x00,0x00,0x00,0x00,0x00,0x00,0x00,0x00,0x00,0x00,0x00,0x00,0x00,0x00,0x00,0x00,
    0x00,0x00,0x00,0x00,0x00,0x00,0x00,0x00,0x00,0x00,0x00,0x00,0x00,0x00,0x00,0x00,0x00,0x00,0x00,0x00,0x00,0x00,0x00,0x00,0x00,0x00,0x00,0x00,0x00,0x00,0x00,0x00,0x00,0x00,0x00,0x00,0x00,0x00,0x00,0x00,0x00,0x00,0x17,0x2e,0x46,0x5d,0x75,0x7b,0x7b,0x7b,
    0x7b,0x67,0x4f,0x38,0x20,0x08,0x00,0x00,0x00,0x00,0x00,0x00,0x00,0x18,0x31,0x4b,0x64,0x7d,0x7d,0x7d,0x7d,0x7d,0x7d,0x7d,0x7d,0x7d,0x7d,0x7d,0x7d,0x7d,0x6b,0x52,0x39,0x1f,0x06,0x00,0x00,0x00,0x16,0x2f,0x49,0x62,0x7b,0x7d,0x7d,0x7d,0x6a,0x7c,0x7d,0x7d,
    0x7d,0x69,0x50,0x37,0x1d,0x04,0x00,0x00,0x0a,0x24,0x3d,0x57,0x70,0x7d,0x7d,0x7d,0x76,0x5d,0x43,0x2a,0x10,0x00,0x00,0x00,0x00,0x00,0x15,0x2e,0x47,0x60,0x77,0x78,0x78,0x78,0x6e,0x55,0x3c,0x23,0x09,0x00,0x00,0x07,0x20,0x3a,0x53,0x6b,0x7e,0x89,0x89,0x86,
    0x72,0x5e,0x4a,0x35,0x21,0x0d,0x00,0x00,0x00,0x00,0x02,0x1a,0x32,0x47,0x57,0x61,0x6b,0x73,0x78,0x74,0x6c,0x64,0x5b,0x5a,0x65,0x6f,0x70,0x5a,0x41,0x28,0x0e,0x00,0x00,0x00,0x02,0x1b,0x35,0x4e,0x67,0x78,0x78,0x78,0x78,0x78,0x78,0x78,0x78,0x78,0x78,0x78,
    0x6d,0x54,0x3b,0x21,0x08,0x00,0x00,0x0b,0x25,0x3e,0x57,0x70,0x78,0x78,0x78,0x75,0x5e,0x45,0x2c,0x13,0x00,0x00,0x00,0x00,0x18,0x31,0x4b,0x64,0x7e,0x8b,0x8b,0x8b,0x8b,0x8b,0x8b,0x8b,0x8b,0x8b,0x8b,0x8b,0x8b,0x8b,0x8b,0x8b,0x85,0x6b,0x52,0x38,0x1f,0x05,
    0x00,0x00,0x00,0x00,0x00,0x00,0x00,0x00,0x00,0x00,0x00,0x00,0x00,0x00,0x00,0x00,0x00,0x00,0x00,0x00,0x00,0x00,0x00,0x00,0x00,0x00,0x00,0x00,0x00,0x00,0x00,0x00,0x00,0x00,0x00,0x00,0x00,0x00,0x00,0x00,0x00,0x00,0x00,0x00,0x00,0x00,0x00,0x00,0x00,0x00,
    0x00,0x00,0x00,0x00,0x00,0x00,0x00,0x00,0x00,0x00,0x00,0x00,0x00,0x00,0x00,0x00,0x00,0x00,0x00,0x00,0x00,0x00,0x00,0x00,0x00,0x00,0x00,0x00,0x00,0x00,0x00,0x00,0x00,0x00,0x00,0x00,0x00,0x00,0x00,0x00,0x00,0x00,0x00,0x00,0x00,0x00,0x00,0x00,0x00,0x00,
    0x00,0x00,0x00,0x00,0x00,0x00,0x00,0x00,0x00,0x00,0x00,0x00,0x00,0x00,0x00,0x00,0x00,0x00,0x00,0x00,0x00,0x00,0x00,0x00,0x00,0x00,0x00,0x00,0x00,0x00,0x00,0x00,0x00,0x00,0x00,0x00,0x00,0x00,0x00,0x00,0x00,0x00,0x00,0x00,0x00,0x00,0x00,0x00,0x00,0x00,
    0x00,0x00,0x00,0x00,0x00,0x00,0x00,0x00,0x00,0x00,0x00,0x00,0x00,0x00,0x00,0x00,0x00,0x00,0x00,0x00,0x00,0x00,0x00,0x00,0x00,0x00,0x00,0x00,0x00,0x00,0x00,0x00,0x00,0x00,0x00,0x00,0x00,0x00,0x00,0x00,0x00,0x00,0x00,0x00,0x00,0x00,0x00,0x00,0x00,0x00,
    0x00,0x00,0x00,0x00,0x00,0x00,0x00,0x00,0x00,0x00,0x00,0x00,0x00,0x00,0x00,0x00,0x00,0x00,0x00,0x00,0x00,0x00,0x00,0x00,0x00,0x00,0x00,0x00,0x00,0x00,0x00,0x00,0x00,0x00,0x00,0x00,0x00,0x00,0x00,0x00,0x00,0x00,0x00,0x00,0x00,0x00,0x00,0x00,0x00,0x00,
    0x00,0x00,0x00,0x00,0x00,0x00,0x00,0x00,0x00,0x00,0x00,0x00,0x00,0x00,0x00,0x00,0x00,0x00,0x00,0x00,0x00,0x00,0x00,0x00,0x00,0x00,0x00,0x00,0x00,0x00,0x00,0x00,0x00,0x00,0x00,0x00,0x00,0x00,0x00,0x00,0x00,0x00,0x00,0x00,0x00,0x00,0x00,0x00,0x00,0x00,
    0x00,0x00,0x00,0x09,0x21,0x38,0x50,0x67,0x7f,0x94,0x94,0x94,0x88,0x70,0x59,0x41,0x2a,0x12,0x00,0x00,0x00,0x00,0x00,0x00,0x00,0x18,0x31,0x4b,0x64,0x7e,0x96,0x96,0x96,0x96,0x96,0x96,0x96,0x96,0x96,0x96,0x96,0x85,0x6c,0x52,0x39,0x1f,0x06,0x00,0x00,0x00,
    0x16,0x2f,0x49,0x62,0x7c,0x95,0x96,0x84,0x6b,0x7d,0x96,0x96,0x83,0x6a,0x50,0x37,0x1d,0x04,0x00,0x00,0x0a,0x24,0x3d,0x57,0x70,0x8a,0x96,0x90,0x76,0x5d,0x43,0x2a,0x10,0x00,0x00,0x00,0x00,0x00,0x15,0x2e,0x48,0x61,0x7b,0x91,0x91,0x89,0x70,0x56,0x3d,0x23,
    0x0a,0x00,0x00,0x02,0x1a,0x32,0x47,0x5a,0x6d,0x80,0x93,0x96,0x82,0x6d,0x59,0x45,0x31,0x1d,0x08,0x00,0x00,0x00,0x07,0x21,0x3a,0x53,0x6b,0x79,0x82,0x8c,0x91,0x8d,0x84,0x7c,0x73,0x72,0x7c,0x86,0x75,0x5b,0x42,0x28,0x0f,0x00,0x00,0x00,0x02,0x1b,0x35,0x4e,
    0x68,0x81,0x91,0x91,0x91,0x91,0x91,0x91,0x91,0x91,0x91,0x88,0x6e,0x55,0x3b,0x22,0x08,0x00,0x00,0x0c,0x25,0x3f,0x58,0x72,0x8b,0x91,0x91,0x79,0x5f,0x46,0x2c,0x13,0x00,0x00,0x00,0x00,0x18,0x31,0x4b,0x64,0x7e,0x97,0x97,0x97,0x97,0x97,0x97,0x97,0x97,0x97,
    0x97,0x97,0x97,0x97,0x97,0x97,0x85,0x6b,0x52,0x38,0x1f,0x05,0x00,0x00,0x00,0x00,0x00,0x00,0x00,0x00,0x00,0x00,0x00,0x00,0x00,0x00,0x00,0x00,0x00,0x00,0x00,0x00,0x00,0x00,0x00,0x00,0x00,0x00,0x00,0x00,0x00,0x00,0x00,0x00,0x00,0x00,0x00,0x00,0x00,0x00,
    0x00,0x00,0x00,0x00,0x00,0x00,0x00,0x00,0x00,0x00,0x00,0x00,0x00,0x00,0x00,0x00,0x00,0x00,0x00,0x00,0x00,0x00,0x00,0x00,0x00,0x00,0x00,0x00,0x00,0x00,0x00,0x00,0x00,0x00,0x00,0x00,0x00,0x00,0x00,0x00,0x00,0x00,0x00,0x00,0x00,0x00,0x00,0x00,0x00,0x00,
    0x00,0x00,0x00,0x00,0x00,0x00,0x00,0x00,0x00,0x00,0x00,0x00,0x00,0x00,0x00,0x00,0x00,0x00,0x00,0x00,0x00,0x00,0x00,0x00,0x00,0x00,0x00,0x00,0x00,0x00,0x00,0x00,0x00,0x00,0x00,0x00,0x00,0x00,0x00,0x00,0x00,0x00,0x00,0x00,0x00,0x00,0x00,0x00,0x00,0x00,
    0x00,0x00,0x00,0x00,0x00,0x00,0x00,0x00,0x00,0x00,0x00,0x00,0x00,0x00,0x00,0x00,0x00,0x00,0x00,0x00,0x00,0x00,0x00,0x00,0x00,0x00,0x00,0x00,0x00,0x00,0x00,0x00,0x00,0x00,0x00,0x00,0x00,0x00,0x00,0x00,0x00,0x00,0x00,0x00,0x00,0x00,0x00,0x00,0x00,0x00,
    0x00,0x00,0x00,0x00,0x00,0x00,0x00,0x00,0x00,0x00,0x00,0x00,0x00,0x00,0x00,0x00,0x00,0x00,0x00,0x00,0x00,0x00,0x00,0x00,0x00,0x00,0x00,0x00,0x00,0x00,0x00,0x00,0x00,0x00,0x00,0x00,0x00,0x00,0x00,0x00,0x00,0x00,0x00,0x00,0x00,0x00,0x00,0x00,0x00,0x00,
    0x00,0x00,0x00,0x00,0x00,0x00,0x00,0x00,0x00,0x00,0x00,0x00,0x00,0x00,0x00,0x00,0x00,0x00,0x00,0x00,0x00,0x00,0x00,0x00,0x00,0x00,0x00,0x00,0x00,0x00,0x00,0x00,0x00,0x00,0x00,0x00,0x00,0x00,0x00,0x00,0x00,0x00,0x00,0x00,0x00,0x00,0x00,0x00,0x00,0x00,
    0x00,0x00,0x00,0x00,0x00,0x00,0x00,0x00,0x00,0x00,0x00,0x00,0x00,0x00,0x00,0x13,0x2b,0x42,0x5a,0x71,0x89,0x9e,0x86,0x93,0x92,0x7a,0x63,0x4b,0x33,0x1c,0x04,0x00,0x00,0x00,0x00,0x00,0x00,0x18,0x31,0x4b,0x64,0x7e,0x8c,0x8c,0x8c,0x8c,0x8c,0x8c,0x8c,0x8c,
    0x8c,0x8c,0x8c,0x85,0x6c,0x52,0x39,0x1f,0x06,0x00,0x00,0x00,0x16,0x2f,0x49,0x62,0x7c,0x95,0x9e,0x84,0x6b,0x7d,0x96,0x9d,0x83,0x6a,0x50,0x37,0x1d,0x04,0x00,0x00,0x0a,0x24,0x3d,0x57,0x70,0x8a,0xa3,0x90,0x76,0x5d,0x43,0x2a,0x10,0x00,0x00,0x00,0x00,0x00,
    0x15,0x2e,0x48,0x61,0x7b,0x94,0xa3,0x89,0x70,0x56,0x3d,0x23,0x0a,0x00,0x00,0x00,0x0f,0x23,0x36,0x49,0x5c,0x6f,0x82,0x95,0x91,0x7d,0x69,0x55,0x40,0x2c,0x17,0x00,0x00,0x00,0x08,0x21,0x3b,0x54,0x6e,0x87,0x9a,0x99,0x95,0x99,0x9c,0x94,0x8c,0x8b,0x93,0x8e,
    0x75,0x5b,0x42,0x28,0x0f,0x00,0x00,0x00,0x02,0x1b,0x35,0x4e,0x68,0x81,0x91,0x91,0x91,0x91,0x91,0x91,0x91,0x91,0x91,0x88,0x6e,0x55,0x3b,0x22,0x08,0x00,0x00,0x0c,0x25,0x3f,0x58,0x72,0x8b,0xa5,0x92,0x79,0x5f,0x46,0x2c,0x13,0x00,0x00,0x00,0x00,0x18,0x31,
    0x4b,0x64,0x7d,0x7e,0x7e,0x7e,0x7e,0x7e,0x7e,0x7e,0x7e,0x7e,0x7e,0x7e,0x7e,0x7e,0x7e,0x7e,0x7e,0x6b,0x52,0x38,0x1f,0x05,0x00,0x00,0x00,0x00,0x00,0x00,0x00,0x00,0x00,0x00,0x00,0x00,0x00,0x00,0x00,0x00,0x00,0x00,0x00,0x00,0x00,0x00,0x00,0x00,0x00,0x00,
    0x00,0x00,0x00,0x00,0x00,0x00,0x00,0x00,0x00,0x00,0x00,0x00,0x00,0x00,0x00,0x00,0x00,0x00,0x00,0x00,0x00,0x00,0x00,0x00,0x00,0x00,0x00,0x00,0x00,0x00,0x00,0x00,0x00,0x00,0x00,0x00,0x00,0x00,0x00,0x00,0x00,0x00,0x00,0x00,0x00,0x00,0x00,0x00,0x00,0x00,
    0x00,0x00,0x00,0x00,0x00,0x00,0x00,0x00,0x00,0x00,0x00,0x00,0x00,0x00,0x00,0x00,0x00,0x00,0x00,0x00,0x00,0x00,0x00,0x00,0x00,0x00,0x00,0x00,0x00,0x00,0x00,0x00,0x00,0x00,0x00,0x00,0x00,0x00,0x00,0x00,0x00,0x00,0x00,0x00,0x00,0x00,0x00,0x00,0x00,0x00,
    0x00,0x00,0x00,0x00,0x00,0x00,0x00,0x00,0x00,0x00,0x00,0x00,0x00,0x00,0x00,0x00,0x00,0x00,0x00,0x00,0x00,0x00,0x00,0x00,0x00,0x00,0x00,0x00,0x00,0x00,0x00,0x00,0x00,0x00,0x00,0x00,0x00,0x00,0x00,0x00,0x00,0x00,0x00,0x00,0x00,0x00,0x00,0x00,0x00,0x00,
    0x00,0x00,0x00,0x00,0x00,0x00,0x00,0x00,0x00,0x00,0x00,0x00,0x00,0x00,0x00,0x00,0x00,0x00,0x00,0x00,0x00,0x00,0x00,0x00,0x00,0x00,0x00,0x00,0x00,0x00,0x00,0x00,0x00,0x00,0x00,0x00,0x00,0x00,0x00,0x00,0x00,0x00,0x00,0x00,0x00,0x00,0x00,0x00,0x00,0x00,
    0x00,0x00,0x00,0x00,0x00,0x00,0x00,0x00,0x00,0x00,0x00,0x00,0x00,0x00,0x00,0x00,0x00,0x00,0x00,0x00,0x00,0x00,0x00,0x00,0x00,0x00,0x00,0x00,0x00,0x00,0x00,0x00,0x00,0x00,0x00,0x00,0x00,0x00,0x00,0x00,0x00,0x00,0x00,0x00,0x00,0x00,0x00,0x00,0x00,0x00,
    0x00,0x00,0x00,0x00,0x00,0x00,0x00,0x00,0x00,0x00,0x00,0x00,0x00,0x00,0x00,0x00,0x00,0x00,0x00,0x00,0x00,0x00,0x00,0x00,0x00,0x00,0x06,0x1d,0x35,0x4c,0x64,0x7b,0x93,0x94,0x7c,0x8a,0x9b,0x84,0x6c,0x55,0x3d,0x25,0x0e,0x00,0x00,0x00,0x00,0x00,0x00,0x17,
    0x30,0x49,0x62,0x73,0x73,0x73,0x73,0x73,0x73,0x73,0x73,0x73,0x73,0x73,0x73,0x73,0x68,0x50,0x37,0x1e,0x05,0x00,0x00,0x00,0x16,0x2f,0x49,0x62,0x7c,0x95,0x9d,0x84,0x6b,0x7d,0x96,0x9c,0x83,0x6a,0x50,0x37,0x1d,0x04,0x00,0x00,0x0a,0x24,0x3d,0x57,0x70,0x89,
    0xa3,0x90,0x76,0x5d,0x43,0x2a,0x10,0x00,0x00,0x00,0x00,0x00,0x16,0x2e,0x48,0x61,0x7b,0x94,0xa3,0x89,0x70,0x56,0x3d,0x23,0x0a,0x00,0x00,0x00,0x00,0x12,0x25,0x38,0x4b,0x5e,0x71,0x84,0x97,0x8d,0x78,0x64,0x50,0x38,0x20,0x07,0x00,0x00,0x08,0x21,0x3b,0x54,
    0x6e,0x87,0x8a,0x81,0x7b,0x80,0x88,0x91,0x99,0x9a,0x91,0x86,0x75,0x5b,0x42,0x28,0x0f,0x00,0x00,0x00,0x02,0x1b,0x35,0x4e,0x67,0x78,0x78,0x78,0x78,0x78,0x78,0x78,0x78,0x78,0x78,0x78,0x6d,0x54,0x3b,0x21,0x08,0x00,0x00,0x0c,0x25,0x3f,0x58,0x72,0x8b,0x8c,
    0x8c,0x79,0x5f,0x46,0x2c,0x13,0x00,0x00,0x00,0x00,0x14,0x2d,0x44,0x59,0x64,0x64,0x64,0x64,0x64,0x64,0x64,0x64,0x64,0x64,0x64,0x64,0x64,0x64,0x64,0x64,0x64,0x5e,0x4a,0x33,0x1b,0x02,0x00,0x00,0x00,0x00,0x00,0x00,0x00,0x00,0x00,0x00,0x00,0x00,0x00,0x00,
    0x00,0x00,0x00,0x00,0x00,0x00,0x00,0x00,0x00,0x00,0x00,0x00,0x00,0x00,0x00,0x00,0x00,0x00,0x00,0x00,0x00,0x00,0x00,0x00,0x00,0x00,0x00,0x00,0x00,0x00,0x00,0x00,0x00,0x00,0x00,0x00,0x00,0x00,0x00,0x00,0x00,0x00,0x00,0x00,0x00,0x00,0x00,0x00,0x00,0x00,
    0x00,0x00,0x00,0x00,0x00,0x00,0x00,0x00,0x00,0x00,0x00,0x00,0x00,0x00,0x00,0x00,0x00,0x00,0x00,0x00,0x00,0x00,0x00,0x00,0x00,0x00,0x00,0x00,0x00,0x00,0x00,0x00,0x00,0x00,0x00,0x00,0x00,0x00,0x00,0x00,0x00,0x00,0x00,0x00,0x00,0x00,0x00,0x00,0x00,0x00,
    0x00,0x00,0x00,0x00,0x00,0x00,0x00,0x00,0x00,0x00,0x00,0x00,0x00,0x00,0x00,0x00,0x00,0x00,0x00,0x00,0x00,0x00,0x00,0x00,0x00,0x00,0x00,0x00,0x00,0x00,0x00,0x00,0x00,0x00,0x00,0x00,0x00,0x00,0x00,0x00,0x00,0x00,0x00,0x00,0x00,0x00,0x00,0x00,0x00,0x00,
    0x00,0x00,0x00,0x00,0x00,0x00,0x00,0x00,0x00,0x00,0x00,0x00,0x00,0x00,0x00,0x00,0x00,0x00,0x00,0x00,0x00,0x00,0x00,0x00,0x00,0x00,0x00,0x00,0x00,0x00,0x00,0x00,0x00,0x00,0x00,0x00,0x00,0x00,0x00,0x00,0x00,0x00,0x00,0x00,0x00,0x00,0x00,0x00,0x00,0x00,
    0x00,0x00,0x00,0x00,0x00,0x00,0x00,0x00,0x00,0x00,0x00,0x00,0x00,0x00,0x00,0x00,0x00,0x00,0x00,0x00,0x00,0x00,0x00,0x00,0x00,0x00,0x00,0x00,0x00,0x00,0x00,0x00,0x00,0x00,0x00,0x00,0x00,0x00,0x00,0x00,0x00,0x00,0x00,0x00,0x00,0x00,0x00,0x00,0x00,0x00,
    0x00,0x00,0x00,0x00,0x00,0x00,0x00,0x00,0x00,0x00,0x00,0x00,0x00,0x00,0x00,0x00,0x00,0x00,0x00,0x00,0x00,0x00,0x00,0x00,0x00,0x00,0x00,0x00,0x00,0x00,0x00,0x00,0x00,0x00,0x00,0x00,0x00,0x00,0x10,0x27,0x3f,0x56,0x6e,0x85,0x9d,0x8a,0x73,0x81,0x99,0x8d,
    0x76,0x5e,0x47,0x2f,0x17,0x00,0x00,0x00,0x00,0x00,0x00,0x11,0x29,0x3f,0x51,0x59,0x59,0x59,0x59,0x59,0x59,0x59,0x59,0x59,0x59,0x59,0x59,0x59,0x54,0x44,0x2f,0x18,0x00,0x00,0x00,0x00,0x13,0x2d,0x46,0x5f,0x79,0x92,0x9a,0x81,0x67,0x7a,0x93,0x99,0x80,0x66,
    0x4d,0x34,0x1b,0x01,0x00,0x00,0x08,0x21,0x3a,0x54,0x6d,0x86,0xa0,0x8d,0x73,0x5a,0x41,0x27,0x0e,0x00,0x00,0x00,0x00,0x04,0x1d,0x35,0x4e,0x66,0x7f,0x97,0x9b,0x83,0x6c,0x54,0x3b,0x22,0x09,0x00,0x00,0x00,0x00,0x01,0x14,0x27,0x3a,0x4d,0x60,0x73,0x7e,0x7e,
    0x7e,0x6f,0x56,0x3c,0x23,0x09,0x00,0x00,0x08,0x21,0x3b,0x54,0x6e,0x7c,0x72,0x69,0x62,0x68,0x70,0x79,0x81,0x82,0x79,0x6f,0x64,0x53,0x3d,0x25,0x0c,0x00,0x00,0x00,0x00,0x16,0x2e,0x44,0x57,0x5e,0x5e,0x5e,0x5e,0x5e,0x5e,0x5e,0x5e,0x5e,0x5e,0x5e,0x5a,0x49,
    0x34,0x1c,0x04,0x00,0x00,0x0b,0x24,0x3d,0x56,0x6d,0x73,0x73,0x73,0x71,0x5d,0x44,0x2b,0x12,0x00,0x00,0x00,0x00,0x0b,0x21,0x35,0x44,0x4b,0x4b,0x4b,0x4b,0x4b,0x4b,0x4b,0x4b,0x4b,0x4b,0x4b,0x4b,0x4b,0x4b,0x4b,0x4b,0x4b,0x47,0x3a,0x27,0x11,0x00,0x00,0x00,
    0x00,0x00,0x00,0x00,0x00,0x00,0x00,0x00,0x00,0x00,0x00,0x00,0x00,0x00,0x00,0x00,0x00,0x00,0x00,0x00,0x00,0x00,0x00,0x00,0x00,0x00,0x00,0x00,0x00,0x00,0x00,0x00,0x00,0x00,0x00,0x00,0x00,0x00,0x00,0x00,0x00,0x00,0x00,0x00,0x00,0x00,0x00,0x00,0x00,0x00,
    0x00,0x00,0x00,0x00,0x00,0x00,0x00,0x00,0x00,0x00,0x00,0x00,0x00,0x00,0x00,0x00,0x00,0x00,0x00,0x00,0x00,0x00,0x00,0x00,0x00,0x00,0x00,0x00,0x00,0x00,0x00,0x00,0x00,0x00,0x00,0x00,0x00,0x00,0x00,0x00,0x00,0x00,0x00,0x00,0x00,0x00,0x00,0x00,0x00,0x00,
    0x00,0x00,0x00,0x00,0x00,0x00,0x00,0x00,0x00,0x00,0x00,0x00,0x00,0x00,0x00,0x00,0x00,0x00,0x00,0x00,0x00,0x00,0x00,0x00,0x00,0x00,0x00,0x00,0x00,0x00,0x00,0x00,0x00,0x00,0x00,0x00,0x00,0x00,0x00,0x00,0x00,0x00,0x00,0x00,0x00,0x00,0x00,0x00,0x00,0x00,
    0x00,0x00,0x00,0x00,0x00,0x00,0x00,0x00,0x00,0x00,0x00,0x00,0x00,0x00,0x00,0x00,0x00,0x00,0x00,0x00,0x00,0x00,0x00,0x00,0x00,0x00,0x00,0x00,0x00,0x00,0x00,0x00,0x00,0x00,0x00,0x00,0x00,0x00,0x00,0x00,0x00,0x00,0x00,0x00,0x00,0x00,0x00,0x00,0x00,0x00,
    0x00,0x00,0x00,0x00,0x00,0x00,0x00,0x00,0x00,0x00,0x00,0x00,0x00,0x00,0x00,0x00,0x00,0x00,0x00,0x00,0x00,0x00,0x00,0x00,0x00,0x00,0x00,0x00,0x00,0x00,0x00,0x00,0x00,0x00,0x00,0x00,0x00,0x00,0x00,0x00,0x00,0x00,0x00,0x00,0x00,0x00,0x00,0x00,0x00,0x00,
    0x00,0x00,0x00,0x00,0x00,0x00,0x00,0x00,0x00,0x00,0x00,0x00,0x00,0x00,0x00,0x00,0x00,0x00,0x00,0x00,0x00,0x00,0x00,0x00,0x00,0x00,0x00,0x00,0x00,0x00,0x00,0x00,0x00,0x00,0x00,0x00,0x00,0x00,0x00,0x00,0x00,0x00,0x00,0x00,0x00,0x00,0x00,0x00,0x00,0x02,
    0x1a,0x31,0x49,0x60,0x78,0x8f,0x98,0x81,0x69,0x78,0x90,0x97,0x7f,0x68,0x50,0x39,0x21,0x09,0x00,0x00,0x00,0x00,0x00,0x11,0x29,0x3f,0x51,0x59,0x59,0x59,0x59,0x59,0x59,0x59,0x59,0x59,0x59,0x59,0x59,0x59,0x54,0x44,0x2f,0x18,0x00,0x00,0x00,0x00,0x10,0x2a,
    0x43,0x5c,0x75,0x8f,0x97,0x7e,0x64,0x76,0x90,0x96,0x7d,0x63,0x4a,0x31,0x17,0x00,0x00,0x00,0x05,0x1e,0x37,0x50,0x6a,0x83,0x9c,0x89,0x70,0x57,0x3d,0x24,0x0b,0x00,0x00,0x00,0x00,0x0b,0x24,0x3c,0x55,0x6d,0x86,0x9e,0x90,0x79,0x62,0x4a,0x33,0x1c,0x04,0x00,
    0x00,0x00,0x00,0x00,0x03,0x16,0x29,0x3c,0x4f,0x60,0x64,0x64,0x64,0x60,0x4e,0x37,0x1f,0x06,0x00,0x00,0x05,0x1e,0x36,0x4d,0x60,0x65,0x5b,0x51,0x48,0x50,0x58,0x61,0x68,0x69,0x62,0x58,0x4d,0x41,0x2f,0x1a,0x04,0x00,0x00,0x00,0x00,0x0c,0x21,0x33,0x40,0x45,
    0x45,0x45,0x45,0x45,0x45,0x45,0x45,0x45,0x45,0x45,0x42,0x37,0x26,0x11,0x00,0x00,0x00,0x06,0x1d,0x34,0x49,0x57,0x59,0x59,0x59,0x59,0x4e,0x3a,0x24,0x0c,0x00,0x00,0x00,0x00,0x00,0x11,0x21,0x2d,0x31,0x31,0x31,0x31,0x31,0x31,0x31,0x31,0x31,0x31,0x31,0x31,
    0x31,0x31,0x31,0x31,0x31,0x2f,0x25,0x16,0x03,0x00,0x00,0x00,0x00,0x00,0x00,0x00,0x00,0x00,0x00,0x00,0x00,0x00,0x00,0x00,0x00,0x00,0x00,0x00,0x00,0x00,0x00,0x00,0x00,0x00,0x00,0x00,0x00,0x00,0x00,0x00,0x00,0x00,0x00,0x00,0x00,0x00,0x00,0x00,0x00,0x00,
    0x00,0x00,0x00,0x00,0x00,0x00,0x00,0x00,0x00,0x00,0x00,0x00,0x00,0x00,0x00,0x00,0x00,0x00,0x00,0x00,0x00,0x00,0x00,0x00,0x00,0x00,0x00,0x00,0x00,0x00,0x00,0x00,0x00,0x00,0x00,0x00,0x00,0x00,0x00,0x00,0x00,0x00,0x00,0x00,0x00,0x00,0x00,0x00,0x00,0x00,
    0x00,0x00,0x00,0x00,0x00,0x00,0x00,0x00,0x00,0x00,0x00,0x00,0x00,0x00,0x00,0x00,0x00,0x00,0x00,0x00,0x00,0x00,0x00,0x00,0x00,0x00,0x00,0x00,0x00,0x00,0x00,0x00,0x00,0x00,0x00,0x00,0x00,0x00,0x00,0x00,0x00,0x00,0x00,0x00,0x00,0x00,0x00,0x00,0x00,0x00,
    0x00,0x00,0x00,0x00,0x00,0x00,0x00,0x00,0x00,0x00,0x00,0x00,0x00,0x00,0x00,0x00,0x00,0x00,0x00,0x00,0x00,0x00,0x00,0x00,0x00,0x00,0x00,0x00,0x00,0x00,0x00,0x00,0x00,0x00,0x00,0x00,0x00,0x00,0x00,0x00,0x00,0x00,0x00,0x00,0x00,0x00,0x00,0x00,0x00,0x00,
    0x00,0x00,0x00,0x00,0x00,0x00,0x00,0x00,0x00,0x00,0x00,0x00,0x00,0x00,0x00,0x00,0x00,0x00,0x00,0x00,0x00,0x00,0x00,0x00,0x00,0x00,0x00,0x00,0x00,0x00,0x00,0x00,0x00,0x00,0x00,0x00,0x00,0x00,0x00,0x00,0x00,0x00,0x00,0x00,0x00,0x00,0x00,0x00,0x00,0x00,
    0x00,0x00,0x00,0x00,0x00,0x00,0x00,0x00,0x00,0x00,0x00,0x00,0x00,0x00,0x00,0x00,0x00,0x00,0x00,0x00,0x00,0x00,0x00,0x00,0x00,0x00,0x00,0x00,0x00,0x00,0x00,0x00,0x00,0x00,0x00,0x00,0x00,0x00,0x00,0x00,0x00,0x00,0x00,0x00,0x00,0x00,0x00,0x00,0x00,0x00,
    0x00,0x00,0x00,0x00,0x00,0x00,0x00,0x00,0x00,0x00,0x00,0x0c,0x24,0x3b,0x53,0x6a,0x81,0x99,0x8f,0x77,0x60,0x6f,0x87,0x9f,0x89,0x72,0x5a,0x42,0x2b,0x13,0x00,0x00,0x00,0x00,0x00,0x17,0x30,0x49,0x62,0x73,0x73,0x73,0x73,0x73,0x73,0x73,0x73,0x73,0x73,0x73,
    0x73,0x73,0x68,0x50,0x37,0x1e,0x05,0x00,0x00,0x00,0x0d,0x26,0x40,0x59,0x72,0x8c,0x94,0x7a,0x61,0x73,0x8d,0x93,0x79,0x60,0x47,0x2d,0x14,0x00,0x00,0x00,0x01,0x1b,0x34,0x4d,0x66,0x80,0x99,0x86,0x6d,0x53,0x3a,0x21,0x08,0x00,0x00,0x00,0x00,0x12,0x2b,0x43,
    0x5c,0x74,0x8d,0x9d,0x86,0x6f,0x57,0x40,0x29,0x11,0x00,0x00,0x00,0x00,0x00,0x00,0x00,0x05,0x18,0x2b,0x3d,0x49,0x4b,0x4b,0x4b,0x49,0x3d,0x2a,0x15,0x00,0x00,0x00,0x00,0x14,0x2a,0x3c,0x49,0x4c,0x43,0x39,0x30,0x38,0x40,0x48,0x4f,0x4f,0x4a,0x40,0x36,0x2b,
    0x1d,0x0b,0x00,0x00,0x00,0x00,0x00,0x00,0x0f,0x1e,0x28,0x2b,0x2b,0x2b,0x2b,0x2b,0x2b,0x2b,0x2b,0x2b,0x2b,0x2b,0x2a,0x21,0x13,0x02,0x00,0x00,0x00,0x00,0x11,0x25,0x35,0x3e,0x40,0x40,0x40,0x3f,0x38,0x2a,0x17,0x02,0x00,0x00,0x00,0x00,0x00,0x00,0x0b,0x14,
    0x18,0x18,0x18,0x18,0x18,0x18,0x18,0x18,0x18,0x18,0x18,0x18,0x18,0x18,0x18,0x18,0x18,0x16,0x0e,0x02,0x00,0x00,0x00,0x00,0x00,0x00,0x00,0x00,0x00,0x00,0x00,0x00,0x00,0x00,0x00,0x00,0x00,0x00,0x00,0x00,0x00,0x00,0x00,0x00,0x00,0x00,0x00,0x00,0x00,0x00,
    0x00,0x00,0x00,0x00,0x00,0x00,0x00,0x00,0x00,0x00,0x00,0x00,0x00,0x00,0x00,0x00,0x00,0x00,0x00,0x00,0x00,0x00,0x00,0x00,0x00,0x00,0x00,0x00,0x00,0x00,0x00,0x00,0x00,0x00,0x00,0x00,0x00,0x00,0x00,0x00,0x00,0x00,0x00,0x00,0x00,0x00,0x00,0x00,0x00,0x00,
    0x00,0x00,0x00,0x00,0x00,0x00,0x00,0x00,0x00,0x00,0x00,0x00,0x00,0x00,0x00,0x00,0x00,0x00,0x00,0x00,0x00,0x00,0x00,0x00,0x00,0x00,0x00,0x00,0x00,0x00,0x00,0x00,0x00,0x00,0x00,0x00,0x00,0x00,0x00,0x00,0x00,0x00,0x00,0x00,0x00,0x00,0x00,0x00,0x00,0x00,
    0x00,0x00,0x00,0x00,0x00,0x00,0x00,0x00,0x00,0x00,0x00,0x00,0x00,0x00,0x00,0x00,0x00,0x00,0x00,0x00,0x00,0x00,0x00,0x00,0x00,0x00,0x00,0x00,0x00,0x00,0x00,0x00,0x00,0x00,0x00,0x00,0x00,0x00,0x00,0x00,0x00,0x00,0x00,0x00,0x00,0x00,0x00,0x00,0x00,0x00,
    0x00,0x00,0x00,0x00,0x00,0x00,0x00,0x00,0x00,0x00,0x00,0x00,0x00,0x00,0x00,0x00,0x00,0x00,0x00,0x00,0x00,0x00,0x00,0x00,0x00,0x00,0x00,0x00,0x00,0x00,0x00,0x00,0x00,0x00,0x00,0x00,0x00,0x00,0x00,0x00,0x00,0x00,0x00,0x00,0x00,0x00,0x00,0x00,0x00,0x00,
    0x00,0x00,0x00,0x00,0x00,0x00,0x00,0x00,0x00,0x00,0x00,0x00,0x00,0x00,0x00,0x00,0x00,0x00,0x00,0x00,0x00,0x00,0x00,0x00,0x00,0x00,0x00,0x00,0x00,0x00,0x00,0x00,0x00,0x00,0x00,0x00,0x00,0x00,0x00,0x00,0x00,0x00,0x00,0x00,0x00,0x00,0x00,0x00,0x00,0x00,
    0x00,0x00,0x00,0x00,0x00,0x00,0x00,0x00,0x00,0x00,0x00,0x00,0x00,0x00,0x00,0x00,0x00,0x00,0x00,0x00,0x00,0x00,0x00,0x16,0x2e,0x45,0x5c,0x74,0x8b,0x9d,0x85,0x6e,0x56,0x66,0x7e,0x96,0x93,0x7b,0x64,0x4c,0x34,0x1d,0x05,0x00,0x00,0x00,0x00,0x18,0x31,0x4b,
    0x64,0x7e,0x8c,0x8c,0x8c,0x8c,0x8c,0x8c,0x8c,0x8c,0x8c,0x8c,0x8c,0x85,0x6c,0x52,0x39,0x1f,0x06,0x00,0x00,0x00,0x0a,0x23,0x3c,0x56,0x6f,0x88,0x90,0x77,0x5e,0x70,0x89,0x8f,0x76,0x5d,0x43,0x2a,0x11,0x00,0x00,0x00,0x00,0x17,0x31,0x4a,0x63,0x7d,0x96,0x83,
    0x6a,0x50,0x37,0x1e,0x04,0x00,0x00,0x00,0x00,0x19,0x32,0x4a,0x63,0x7b,0x94,0x93,0x7c,0x64,0x4d,0x36,0x1e,0x07,0x00,0x00,0x00,0x00,0x00,0x00,0x00,0x00,0x07,0x19,0x27,0x30,0x31,0x31,0x31,0x30,0x27,0x19,0x06,0x00,0x00,0x00,0x00,0x06,0x18,0x27,0x31,0x32,
    0x2c,0x22,0x18,0x20,0x28,0x30,0x36,0x36,0x31,0x29,0x1f,0x14,0x08,0x00,0x00,0x00,0x00,0x00,0x00,0x00,0x00,0x07,0x0f,0x12,0x12,0x12,0x12,0x12,0x12,0x12,0x12,0x12,0x12,0x12,0x11,0x0a,0x00,0x00,0x00,0x00,0x00,0x00,0x01,0x11,0x1e,0x25,0x26,0x26,0x26,0x26,
    0x21,0x15,0x06,0x00,0x00,0x00,0x00,0x00,0x00,0x00,0x00,0x00,0x00,0x00,0x00,0x00,0x00,0x00,0x00,0x00,0x00,0x00,0x00,0x00,0x00,0x00,0x00,0x00,0x00,0x00,0x00,0x00,0x00,0x00,0x00,0x00,0x00,0x00,0x00,0x00,0x00,0x00,0x00,0x00,0x00,0x00,0x00,0x00,0x00,0x00,
    0x00,0x00,0x00,0x00,0x00,0x00,0x00,0x00,0x00,0x00,0x00,0x00,0x00,0x00,0x00,0x00,0x00,0x00,0x00,0x00,0x00,0x00,0x00,0x00,0x00,0x00,0x00,0x00,0x00,0x00,0x00,0x00,0x00,0x00,0x00,0x00,0x00,0x00,0x00,0x00,0x00,0x00,0x00,0x00,0x00,0x00,0x00,0x00,0x00,0x00,
    0x00,0x00,0x00,0x00,0x00,0x00,0x00,0x00,0x00,0x00,0x00,0x00,0x00,0x00,0x00,0x00,0x00,0x00,0x00,0x00,0x00,0x00,0x00,0x00,0x00,0x00,0x00,0x00,0x00,0x00,0x00,0x00,0x00,0x00,0x00,0x00,0x00,0x00,0x00,0x00,0x00,0x00,0x00,0x00,0x00,0x00,0x00,0x00,0x00,0x00,
    0x00,0x00,0x00,0x00,0x00,0x00,0x00,0x00,0x00,0x00,0x00,0x00,0x00,0x00,0x00,0x00,0x00,0x00,0x00,0x00,0x00,0x00,0x00,0x00,0x00,0x00,0x00,0x00,0x00,0x00,0x00,0x00,0x00,0x00,0x00,0x00,0x00,0x00,0x00,0x00,0x00,0x00,0x00,0x00,0x00,0x00,0x00,0x00,0x00,0x00,
    0x00,0x00,0x00,0x00,0x00,0x00,0x00,0x00,0x00,0x00,0x00,0x00,0x00,0x00,0x00,0x00,0x00,0x00,0x00,0x00,0x00,0x00,0x00,0x00,0x00,0x00,0x00,0x00,0x00,0x00,0x00,0x00,0x00,0x00,0x00,0x00,0x00,0x00,0x00,0x00,0x00,0x00,0x00,0x00,0x00,0x00,0x00,0x00,0x00,0x00,
    0x00,0x00,0x00,0x00,0x00,0x00,0x00,0x00,0x00,0x00,0x00,0x00,0x00,0x00,0x00,0x00,0x00,0x00,0x00,0x00,0x00,0x00,0x00,0x00,0x00,0x00,0x00,0x00,0x00,0x00,0x00,0x00,0x00,0x00,0x00,0x00,0x00,0x00,0x00,0x00,0x00,0x00,0x00,0x00,0x00,0x00,0x00,0x00,0x00,0x00,
    0x00,0x00,0x00,0x00,0x00,0x00,0x00,0x00,0x00,0x00,0x00,0x00,0x00,0x00,0x00,0x00,0x00,0x00,0x00,0x00,0x00,0x00,0x00,0x00,0x00,0x00,0x00,0x00,0x00,0x00,0x00,0x00,0x00,0x00,0x08,0x20,0x37,0x4f,0x66,0x7e,0x95,0x93,0x7c,0x64,0x4c,0x5d,0x75,0x8d,0x9c,0x85,
    0x6d,0x56,0x3e,0x26,0x0f,0x00,0x00,0x00,0x00,0x18,0x31,0x4b,0x64,0x7e,0x96,0x96,0x96,0x96,0x96,0x96,0x96,0x96,0x96,0x96,0x96,0x85,0x6c,0x52,0x39,0x1f,0x06,0x00,0x00,0x00,0x07,0x20,0x39,0x52,0x6c,0x80,0x80,0x74,0x5b,0x6d,0x80,0x80,0x73,0x5a,0x40,0x27,
    0x0e,0x00,0x00,0x00,0x00,0x14,0x2d,0x47,0x60,0x79,0x80,0x80,0x66,0x4d,0x34,0x1a,0x01,0x00,0x00,0x00,0x03,0x1c,0x36,0x4f,0x69,0x7f,0x7f,0x7f,0x71,0x5a,0x43,0x2b,0x14,0x00,0x00,0x00,0x00,0x00,0x00,0x00,0x00,0x00,0x00,0x04,0x10,0x17,0x18,0x18,0x18,0x17,
    0x10,0x04,0x00,0x00,0x00,0x00,0x00,0x00,0x04,0x10,0x18,0x19,0x14,0x0a,0x01,0x08,0x10,0x18,0x1c,0x1c,0x18,0x11,0x08,0x00,0x00,0x00,0x00,0x00,0x00,0x00,0x00,0x00,0x00,0x00,0x00,0x00,0x00,0x00,0x00,0x00,0x00,0x00,0x00,0x00,0x00,0x00,0x00,0x00,0x00,0x00,
    0x00,0x00,0x00,0x00,0x00,0x00,0x06,0x0c,0x0d,0x0d,0x0d,0x0d,0x08,0x00,0x00,0x00,0x00,0x00,0x00,0x00,0x00,0x00,0x00,0x00,0x00,0x00,0x00,0x00,0x00,0x00,0x00,0x00,0x00,0x00,0x00,0x00,0x00,0x00,0x00,0x00,0x00,0x00,0x00,0x00,0x00,0x00,0x00,0x00,0x00,0x00,
    0x00,0x00,0x00,0x00,0x00,0x00,0x00,0x00,0x00,0x00,0x00,0x00,0x00,0x00,0x00,0x00,0x00,0x00,0x00,0x00,0x00,0x00,0x00,0x00,0x00,0x00,0x00,0x00,0x00,0x00,0x00,0x00,0x00,0x00,0x00,0x00,0x00,0x00,0x00,0x00,0x00,0x00,0x00,0x00,0x00,0x00,0x00,0x00,0x00,0x00,
    0x00,0x00,0x00,0x00,0x00,0x00,0x00,0x00,0x00,0x00,0x00,0x00,0x00,0x00,0x00,0x00,0x00,0x00,0x00,0x00,0x00,0x00,0x00,0x00,0x00,0x00,0x00,0x00,0x00,0x00,0x00,0x00,0x00,0x00,0x00,0x00,0x00,0x00,0x00,0x00,0x00,0x00,0x00,0x00,0x00,0x00,0x00,0x00,0x00,0x00,
    0x00,0x00,0x00,0x00,0x00,0x00,0x00,0x00,0x00,0x00,0x00,0x00,0x00,0x00,0x00,0x00,0x00,0x00,0x00,0x00,0x00,0x00,0x00,0x00,0x00,0x00,0x00,0x00,0x00,0x00,0x00,0x00,0x00,0x00,0x00,0x00,0x00,0x00,0x00,0x00,0x00,0x00,0x00,0x00,0x00,0x00,0x00,0x00,0x00,0x00,
    0x00,0x00,0x00,0x00,0x00,0x00,0x00,0x00,0x00,0x00,0x00,0x00,0x00,0x00,0x00,0x00,0x00,0x00,0x00,0x00,0x00,0x00,0x00,0x00,0x00,0x00,0x00,0x00,0x00,0x00,0x00,0x00,0x00,0x00,0x00,0x00,0x00,0x00,0x00,0x00,0x00,0x00,0x00,0x00,0x00,0x00,0x00,0x00,0x00,0x00,
    0x00,0x00,0x00,0x00,0x00,0x00,0x00,0x00,0x00,0x00,0x00,0x00,0x00,0x00,0x00,0x00,0x00,0x00,0x00,0x00,0x00,0x00,0x00,0x00,0x00,0x00,0x00,0x00,0x00,0x00,0x00,0x00,0x00,0x00,0x00,0x00,0x00,0x00,0x00,0x00,0x00,0x00,0x00,0x00,0x00,0x00,0x00,0x00,0x00,0x00,
    0x00,0x00,0x00,0x00,0x00,0x00,0x00,0x00,0x00,0x00,0x00,0x00,0x00,0x00,0x00,0x00,0x00,0x00,0x00,0x00,0x00,0x00,0x00,0x00,0x00,0x00,0x00,0x00,0x00,0x00,0x00,0x00,0x00,0x00,0x00,0x00,0x00,0x00,0x00,0x00,0x00,0x00,0x00,0x00,0x00,0x00,0x12,0x2a,0x41,0x59,
    0x70,0x88,0x9f,0x8a,0x72,0x5a,0x43,0x54,0x6c,0x84,0x9c,0x8e,0x77,0x5f,0x48,0x30,0x18,0x01,0x00,0x00,0x00,0x18,0x31,0x4b,0x64,0x7d,0x7d,0x7d,0x7d,0x7d,0x7d,0x7d,0x7d,0x7d,0x7d,0x7d,0x7d,0x7d,0x6b,0x52,0x39,0x1f,0x06,0x00,0x00,0x00,0x03,0x1c,0x34,0x4b,
    0x5f,0x66,0x66,0x64,0x52,0x60,0x66,0x66,0x63,0x52,0x3b,0x23,0x0a,0x00,0x00,0x00,0x00,0x10,0x29,0x41,0x57,0x65,0x66,0x66,0x5c,0x47,0x2f,0x16,0x00,0x00,0x00,0x00,0x00,0x19,0x31,0x49,0x5d,0x65,0x65,0x65,0x61,0x4f,0x38,0x21,0x0a,0x00,0x00,0x00,0x00,0x00,
    0x00,0x00,0x00,0x00,0x00,0x00,0x00,0x00,0x00,0x00,0x00,0x00,0x00,0x00,0x00,0x00,0x00,0x00,0x00,0x00,0x00,0x00,0x00,0x00,0x00,0x00,0x00,0x00,0x00,0x00,0x03,0x03,0x00,0x00,0x00,0x00,0x00,0x00,0x00,0x00,0x00,0x00,0x00,0x00,0x00,0x00,0x00,0x00,0x00,0x00,
    0x00,0x00,0x00,0x00,0x00,0x00,0x00,0x00,0x00,0x00,0x00,0x00,0x00,0x00,0x00,0x00,0x00,0x00,0x00,0x00,0x00,0x00,0x00,0x00,0x00,0x00,0x00,0x00,0x00,0x00,0x00,0x00,0x00,0x00,0x00,0x00,0x00,0x00,0x00,0x00,0x00,0x00,0x00,0x00,0x00,0x00,0x00,0x00,0x00,0x00,
    0x00,0x00,0x00,0x00,0x00,0x00,0x00,0x00,0x00,0x00,0x00,0x00,0x00,0x00,0x00,0x00,0x00,0x00,0x00,0x00,0x00,0x00,0x00,0x00,0x00,0x00,0x00,0x00,0x00,0x00,0x00,0x00,0x00,0x00,0x00,0x00,0x00,0x00,0x00,0x00,0x00,0x00,0x00,0x00,0x00,0x00,0x00,0x00,0x00,0x00,
    0x00,0x00,0x00,0x00,0x00,0x00,0x00,0x00,0x00,0x00,0x00,0x00,0x00,0x00,0x00,0x00,0x00,0x00,0x00,0x00,0x00,0x00,0x00,0x00,0x00,0x00,0x00,0x00,0x00,0x00,0x00,0x00,0x00,0x00,0x00,0x00,0x00,0x00,0x00,0x00,0x00,0x00,0x00,0x00,0x00,0x00,0x00,0x00,0x00,0x00,
    0x00,0x00,0x00,0x00,0x00,0x00,0x00,0x00,0x00,0x00,0x00,0x00,0x00,0x00,0x00,0x00,0x00,0x00,0x00,0x00,0x00,0x00,0x00,0x00,0x00,0x00,0x00,0x00,0x00,0x00,0x00,0x00,0x00,0x00,0x00,0x00,0x00,0x00,0x00,0x00,0x00,0x00,0x00,0x00,0x00,0x00,0x00,0x00,0x00,0x00,
    0x00,0x00,0x00,0x00,0x00,0x00,0x00,0x00,0x00,0x00,0x00,0x00,0x00,0x00,0x00,0x00,0x00,0x00,0x00,0x00,0x00,0x00,0x00,0x00,0x00,0x00,0x00,0x00,0x00,0x00,0x00,0x00,0x00,0x00,0x00,0x00,0x00,0x00,0x00,0x00,0x00,0x00,0x00,0x00,0x00,0x00,0x00,0x00,0x00,0x00,
    0x00,0x00,0x00,0x00,0x00,0x00,0x00,0x00,0x00,0x00,0x00,0x00,0x00,0x00,0x00,0x00,0x00,0x00,0x00,0x00,0x00,0x00,0x00,0x00,0x00,0x00,0x00,0x00,0x00,0x00,0x00,0x00,0x00,0x00,0x00,0x00,0x00,0x00,0x00,0x00,0x00,0x00,0x00,0x00,0x00,0x00,0x00,0x00,0x00,0x00,
    0x00,0x00,0x00,0x00,0x00,0x00,0x00,0x00,0x00,0x00,0x00,0x00,0x00,0x00,0x00,0x00,0x00,0x00,0x00,0x00,0x00,0x00,0x00,0x00,0x00,0x00,0x00,0x00,0x00,0x00,0x00,0x00,0x00,0x00,0x00,0x00,0x00,0x00,0x00,0x00,0x00,0x00,0x00,0x00,0x00,0x00,0x00,0x00,0x00,0x00,
    0x00,0x00,0x00,0x00,0x00,0x00,0x00,0x03,0x1c,0x34,0x4b,0x63,0x7a,0x92,0x98,0x80,0x68,0x51,0x39,0x4c,0x64,0x7b,0x93,0x98,0x81,0x69,0x51,0x3a,0x22,0x09,0x00,0x00,0x00,0x14,0x2d,0x44,0x59,0x63,0x63,0x63,0x63,0x63,0x63,0x63,0x63,0x63,0x63,0x63,0x63,0x63,
    0x5d,0x4a,0x33,0x1b,0x02,0x00,0x00,0x00,0x00,0x12,0x28,0x3b,0x49,0x4d,0x4d,0x4b,0x40,0x49,0x4d,0x4d,0x4b,0x40,0x2e,0x19,0x02,0x00,0x00,0x00,0x00,0x08,0x1e,0x33,0x44,0x4c,0x4d,0x4d,0x47,0x38,0x24,0x0e,0x00,0x00,0x00,0x00,0x00,0x10,0x25,0x39,0x47,0x4c,
    0x4c,0x4c,0x4a,0x3e,0x2b,0x16,0x00,0x00,0x00,0x00,0x00,0x00,0x00,0x00,0x00,0x00,0x00,0x00,0x00,0x00,0x00,0x00,0x00,0x00,0x00,0x00,0x00,0x00,0x00,0x00,0x00,0x00,0x00,0x00,0x00,0x00,0x00,0x00,0x00,0x00,0x00,0x00,0x00,0x00,0x00,0x00,0x00,0x00,0x00,0x00,
    0x00,0x00,0x00,0x00,0x00,0x00,0x00,0x00,0x00,0x00,0x00,0x00,0x00,0x00,0x00,0x00,0x00,0x00,0x00,0x00,0x00,0x00,0x00,0x00,0x00,0x00,0x00,0x00,0x00,0x00,0x00,0x00,0x00,0x00,0x00,0x00,0x00,0x00,0x00,0x00,0x00,0x00,0x00,0x00,0x00,0x00,0x00,0x00,0x00,0x00,
    0x00,0x00,0x00,0x00,0x00,0x00,0x00,0x00,0x00,0x00,0x00,0x00,0x00,0x00,0x00,0x00,0x00,0x00,0x00,0x00,0x00,0x00,0x00,0x00,0x00,0x00,0x00,0x00,0x00,0x00,0x00,0x00,0x00,0x00,0x00,0x00,0x00,0x00,0x00,0x00,0x00,0x00,0x00,0x00,0x00,0x00,0x00,0x00,0x00,0x00,
    0x00,0x00,0x00,0x00,0x00,0x00,0x00,0x00,0x00,0x00,0x00,0x00,0x00,0x00,0x00,0x00,0x00,0x00,0x00,0x00,0x00,0x00,0x00,0x00,0x00,0x00,0x00,0x00,0x00,0x00,0x00,0x00,0x00,0x00,0x00,0x00,0x00,0x00,0x00,0x00,0x00,0x00,0x00,0x00,0x00,0x00,0x00,0x00,0x00,0x00,
    0x00,0x00,0x00,0x00,0x00,0x00,0x00,0x00,0x00,0x00,0x00,0x00,0x00,0x00,0x00,0x00,0x00,0x00,0x00,0x00,0x00,0x00,0x00,0x00,0x00,0x00,0x00,0x00,0x00,0x00,0x00,0x00,0x00,0x00,0x00,0x00,0x00,0x00,0x00,0x00,0x00,0x00,0x00,0x00,0x00,0x00,0x00,0x00,0x00,0x00,
    0x00,0x00,0x00,0x00,0x00,0x00,0x00,0x00,0x00,0x00,0x00,0x00,0x00,0x00,0x00,0x00,0x00,0x00,0x00,0x00,0x00,0x00,0x00,0x00,0x00,0x00,0x00,0x00,0x00,0x00,0x00,0x00,0x00,0x00,0x00,0x00,0x00,0x00,0x00,0x00,0x00,0x00,0x00,0x00,0x00,0x00,0x00,0x00,0x00,0x00,
    0x00,0x00,0x00,0x00,0x00,0x00,0x00,0x00,0x00,0x00,0x00,0x00,0x00,0x00,0x00,0x00,0x00,0x00,0x00,0x00,0x00,0x00,0x00,0x00,0x00,0x00,0x00,0x00,0x00,0x00,0x00,0x00,0x00,0x00,0x00,0x00,0x00,0x00,0x00,0x00,0x00,0x00,0x00,0x00,0x00,0x00,0x00,0x00,0x00,0x00,
    0x00,0x00,0x00,0x00,0x00,0x00,0x00,0x00,0x00,0x00,0x00,0x00,0x00,0x00,0x00,0x00,0x00,0x00,0x00,0x00,0x00,0x00,0x00,0x00,0x00,0x00,0x00,0x00,0x00,0x00,0x00,0x00,0x00,0x00,0x00,0x00,0x00,0x00,0x00,0x00,0x00,0x00,0x00,0x00,0x00,0x00,0x00,0x00,0x00,0x00,
    0x00,0x00,0x00,0x00,0x00,0x00,0x00,0x00,0x00,0x00,0x00,0x00,0x00,0x00,0x00,0x00,0x00,0x00,0x00,0x06,0x1f,0x39,0x52,0x6c,0x81,0x81,0x81,0x76,0x5f,0x47,0x2f,0x43,0x5b,0x73,0x81,0x81,0x81,0x72,0x59,0x3f,0x26,0x0c,0x00,0x00,0x00,0x0b,0x21,0x34,0x44,0x4a,
    0x4a,0x4a,0x4a,0x4a,0x4a,0x4a,0x4a,0x4a,0x4a,0x4a,0x4a,0x4a,0x46,0x39,0x27,0x11,0x00,0x00,0x00,0x00,0x00,0x05,0x17,0x27,0x31,0x33,0x33,0x32,0x2b,0x31,0x33,0x33,0x32,0x2a,0x1c,0x0a,0x00,0x00,0x00,0x00,0x00,0x00,0x0f,0x20,0x2d,0x33,0x33,0x33,0x2f,0x24,
    0x13,0x00,0x00,0x00,0x00,0x00,0x00,0x02,0x15,0x25,0x2f,0x32,0x32,0x32,0x31,0x28,0x1a,0x08,0x00,0x00,0x00,0x00,0x00,0x00,0x00,0x00,0x00,0x00,0x00,0x00,0x00,0x00,0x00,0x00,0x00,0x00,0x00,0x00,0x00,0x00,0x00,0x00,0x00,0x00,0x00,0x00,0x00,0x00,0x00,0x00,
    0x00,0x00,0x00,0x00,0x00,0x00,0x00,0x00,0x00,0x00,0x00,0x00,0x00,0x00,0x00,0x00,0x00,0x00,0x00,0x00,0x00,0x00,0x00,0x00,0x00,0x00,0x00,0x00,0x00,0x00,0x00,0x00,0x00,0x00,0x00,0x00,0x00,0x00,0x00,0x00,0x00,0x00,0x00,0x00,0x00,0x00,0x00,0x00,0x00,0x00,
    0x00,0x00,0x00,0x00,0x00,0x00,0x00,0x00,0x00,0x00,0x00,0x00,0x00,0x00,0x00,0x00,0x00,0x00,0x00,0x00,0x00,0x00,0x00,0x00,0x00,0x00,0x00,0x00,0x00,0x00,0x00,0x00,0x00,0x00,0x00,0x00,0x00,0x00,0x00,0x00,0x00,0x00,0x00,0x00,0x00,0x00,0x00,0x00,0x00,0x00,
    0x00,0x00,0x00,0x00,0x00,0x00,0x00,0x00,0x00,0x00,0x00,0x00,0x00,0x00,0x00,0x00,0x00,0x00,0x00,0x00,0x00,0x00,0x00,0x00,0x00,0x00,0x00,0x00,0x00,0x00,0x00,0x00,0x00,0x00,0x00,0x00,0x00,0x00,0x00,0x00,0x00,0x00,0x00,0x00,0x00,0x00,0x00,0x00,0x00,0x00,
    0x00,0x00,0x00,0x00,0x00,0x00,0x00,0x00,0x00,0x00,0x00,0x00,0x00,0x00,0x00,0x00,0x00,0x00,0x00,0x00,0x00,0x00,0x00,0x00,0x00,0x00,0x00,0x00,0x00,0x00,0x00,0x00,0x00,0x00,0x00,0x00,0x00,0x00,0x00,0x00,0x00,0x00,0x00,0x00,0x00,0x00,0x00,0x00,0x00,0x00,
    0x00,0x00,0x00,0x00,0x00,0x00,0x00,0x00,0x00,0x00,0x00,0x00,0x00,0x00,0x00,0x00,0x00,0x00,0x00,0x00,0x00,0x00,0x00,0x00,0x00,0x00,0x00,0x00,0x00,0x00,0x00,0x00,0x00,0x00,0x00,0x00,0x00,0x00,0x00,0x00,0x00,0x00,0x00,0x00,0x00,0x00,0x00,0x00,0x00,0x00,
    0x00,0x00,0x00,0x00,0x00,0x00,0x00,0x00,0x00,0x00,0x00,0x00,0x00,0x00,0x00,0x00,0x00,0x00,0x00,0x00,0x00,0x00,0x00,0x00,0x00,0x00,0x00,0x00,0x00,0x00,0x00,0x00,0x00,0x00,0x00,0x00,0x00,0x00,0x00,0x00,0x00,0x00,0x00,0x00,0x00,0x00,0x00,0x00,0x00,0x00,
    0x00,0x00,0x00,0x00,0x00,0x00,0x00,0x00,0x00,0x00,0x00,0x00,0x00,0x00,0x00,0x00,0x00,0x00,0x00,0x00,0x00,0x00,0x00,0x00,0x00,0x00,0x00,0x00,0x00,0x00,0x00,0x00,0x00,0x00,0x00,0x00,0x00,0x00,0x00,0x00,0x00,0x00,0x00,0x00,0x00,0x00,0x00,0x00,0x00,0x00,
    0x00,0x00,0x00,0x00,0x00,0x00,0x00,0x00,0x00,0x00,0x00,0x00,0x00,0x00,0x00,0x00,0x00,0x00,0x00,0x00,0x00,0x00,0x00,0x00,0x00,0x00,0x00,0x00,0x00,0x00,0x00,0x03,0x1c,0x35,0x4c,0x60,0x68,0x68,0x68,0x65,0x54,0x3d,0x26,0x3a,0x51,0x64,0x68,0x68,0x68,0x64,
    0x52,0x3b,0x22,0x0a,0x00,0x00,0x00,0x00,0x10,0x21,0x2c,0x30,0x30,0x30,0x30,0x30,0x30,0x30,0x30,0x30,0x30,0x30,0x30,0x30,0x2e,0x24,0x15,0x03,0x00,0x00,0x00,0x00,0x00,0x00,0x03,0x10,0x18,0x1a,0x1a,0x19,0x13,0x18,0x1a,0x1a,0x19,0x13,0x07,0x00,0x00,0x00,
    0x00,0x00,0x00,0x00,0x00,0x0b,0x15,0x19,0x1a,0x1a,0x16,0x0e,0x00,0x00,0x00,0x00,0x00,0x00,0x00,0x00,0x01,0x0e,0x16,0x19,0x19,0x19,0x18,0x11,0x05,0x00,0x00,0x00,0x00,0x00,0x00,0x00,0x00,0x00,0x00,0x00,0x00,0x00,0x00,0x00,0x00,0x00,0x00,0x00,0x00,0x00,
    0x00,0x00,0x00,0x00,0x00,0x00,0x00,0x00,0x00,0x00,0x00,0x00,0x00,0x00,0x00,0x00,0x00,0x00,0x00,0x00,0x00,0x00,0x00,0x00,0x00,0x00,0x00,0x00,0x00,0x00,0x00,0x00,0x00,0x00,0x00,0x00,0x00,0x00,0x00,0x00,0x00,0x00,0x00,0x00,0x00,0x00,0x00,0x00,0x00,0x00,
    0x00,0x00,0x00,0x00,0x00,0x00,0x00,0x00,0x00,0x00,0x00,0x00,0x00,0x00,0x00,0x00,0x00,0x00,0x00,0x00,0x00,0x00,0x00,0x00,0x00,0x00,0x00,0x00,0x00,0x00,0x00,0x00,0x00,0x00,0x00,0x00,0x00,0x00,0x00,0x00,0x00,0x00,0x00,0x00,0x00,0x00,0x00,0x00,0x00,0x00,
    0x00,0x00,0x00,0x00,0x00,0x00,0x00,0x00,0x00,0x00,0x00,0x00,0x00,0x00,0x00,0x00,0x00,0x00,0x00,0x00,0x00,0x00,0x00,0x00,0x00,0x00,0x00,0x00,0x00,0x00,0x00,0x00,0x00,0x00,0x00,0x00,0x00,0x00,0x00,0x00,0x00,0x00,0x00,0x00,0x00,0x00,0x00,0x00,0x00,0x00,
    0x00,0x00,0x00,0x00,0x00,0x00,0x00,0x00,0x00,0x00,0x00,0x00,0x00,0x00,0x00,0x00,0x00,0x00,0x00,0x00,0x00,0x00,0x00,0x00,0x00,0x00,0x00,0x00,0x00,0x00,0x00,0x00,0x00,0x00,0x00,0x00,0x00,0x00,0x00,0x00,0x00,0x00,0x00,0x00,0x00,0x00,0x00,0x00,0x00,0x00,
    0x00,0x00,0x00,0x00,0x00,0x00,0x00,0x00,0x00,0x00,0x00,0x00,0x00,0x00,0x00,0x00,0x00,0x00,0x00,0x00,0x00,0x00,0x00,0x00,0x00,0x00,0x00,0x00,0x00,0x00,0x00,0x00,0x00,0x00,0x00,0x00,0x00,0x00,0x00,0x00,0x00,0x00,0x00,0x00,0x00,0x00,0x00,0x00,0x00,0x00,
    0x00,0x00,0x00,0x00,0x00,0x00,0x00,0x00,0x00,0x00,0x00,0x00,0x00,0x00,0x00,0x00,0x00,0x00,0x00,0x00,0x00,0x00,0x00,0x00,0x00,0x00,0x00,0x00,0x00,0x00,0x00,0x00,0x00,0x00,0x00,0x00,0x00,0x00,0x00,0x00,0x00,0x00,0x00,0x00,0x00,0x00,0x00,0x00,0x00,0x00,
    0x00,0x00,0x00,0x00,0x00,0x00,0x00,0x00,0x00,0x00,0x00,0x00,0x00,0x00,0x00,0x00,0x00,0x00,0x00,0x00,0x00,0x00,0x00,0x00,0x00,0x00,0x00,0x00,0x00,0x00,0x00,0x00,0x00,0x00,0x00,0x00,0x00,0x00,0x00,0x00,0x00,0x00,0x00,0x00,0x00,0x00,0x00,0x00,0x00,0x00,
    0x00,0x00,0x00,0x00,0x00,0x00,0x00,0x00,0x00,0x00,0x00,0x00,0x00,0x00,0x00,0x00,0x00,0x00,0x00,0x00,0x00,0x00,0x00,0x00,0x00,0x00,0x00,0x00,0x00,0x00,0x00,0x00,0x00,0x00,0x00,0x00,0x00,0x00,0x00,0x00,0x00,0x00,0x00,0x00,0x13,0x29,0x3c,0x4a,0x4e,0x4e,
    0x4e,0x4d,0x42,0x31,0x1b,0x2e,0x40,0x4c,0x4e,0x4e,0x4e,0x4c,0x41,0x2e,0x19,0x02,0x00,0x00,0x00,0x00,0x00,0x0a,0x14,0x17,0x17,0x17,0x17,0x17,0x17,0x17,0x17,0x17,0x17,0x17,0x17,0x17,0x15,0x0e,0x01,0x00,0x00,0x00,0x00,0x00,0x00,0x00,0x00,0x00,0x00,0x00,
    0x00,0x00,0x00,0x00,0x00,0x00,0x00,0x00,0x00,0x00,0x00,0x00,0x00,0x00,0x00,0x00,0x00,0x00,0x00,0x00,0x00,0x00,0x00,0x00,0x00,0x00,0x00,0x00,0x00,0x00,0x00,0x00,0x00,0x00,0x00,0x00,0x00,0x00,0x00,0x00,0x00,0x00,0x00,0x00,0x00,0x00,0x00,0x00,0x00,0x00,
    0x00,0x00,0x00,0x00,0x00,0x00,0x00,0x00,0x00,0x00,0x00,0x00,0x00,0x00,0x00,0x00,0x00,0x00,0x00,0x00,0x00,0x00,0x00,0x00,0x00,0x00,0x00,0x00,0x00,0x00,0x00,0x00,0x00,0x00,0x00,0x00,0x00,0x00,0x00,0x00,0x00,0x00,0x00,0x00,0x00,0x00,0x00,0x00,0x00,0x00,
    0x00,0x00,0x00,0x00,0x00,0x00,0x00,0x00,0x00,0x00,0x00,0x00,0x00,0x00,0x00,0x00,0x00,0x00,0x00,0x00,0x00,0x00,0x00,0x00,0x00,0x00,0x00,0x00,0x00,0x00,0x00,0x00,0x00,0x00,0x00,0x00,0x00,0x00,0x00,0x00,0x00,0x00,0x00,0x00,0x00,0x00,0x00,0x00,0x00,0x00,
    0x00,0x00,0x00,0x00,0x00,0x00,0x00,0x00,0x00,0x00,0x00,0x00,0x00,0x00,0x00,0x00,0x00,0x00,0x00,0x00,0x00,0x00,0x00,0x00,0x00,0x00,0x00,0x00,0x00,0x00,0x00,0x00,0x00,0x00,0x00,0x00,0x00,0x00,0x00,0x00,0x00,0x00,0x00,0x00,0x00,0x00,0x00,0x00,0x00,0x00,
    0x00,0x00,0x00,0x00,0x00,0x00,0x00,0x00,0x00,0x00,0x00,0x00,0x00,0x00,0x00,0x00,0x00,0x00,0x00,0x00,0x00,0x00,0x00,0x00,0x00,0x00,0x00,0x00,0x00,0x00,0x00,0x00,0x00,0x00,0x00,0x00,0x00,0x00,0x00,0x00,0x00,0x00,0x00,0x00,0x00,0x00,0x00,0x00,0x00,0x00,
    0x00,0x00,0x00,0x00,0x00,0x00,0x00,0x00,0x00,0x00,0x00,0x00,0x00,0x00,0x00,0x00,0x00,0x00,0x00,0x00,0x00,0x00,0x00,0x00,0x00,0x00,0x00,0x00,0x00,0x00,0x00,0x00,0x00,0x00,0x00,0x00,0x00,0x00,0x00,0x00,0x00,0x00,0x00,0x00,0x00,0x00,0x00,0x00,0x00,0x00,
    0x00,0x00,0x00,0x00,0x00,0x00,0x00,0x00,0x00,0x00,0x00,0x00,0x00,0x00,0x00,0x00,0x00,0x00,0x00,0x00,0x00,0x00,0x00,0x00,0x00,0x00,0x00,0x00,0x00,0x00,0x00,0x00,0x00,0x00,0x00,0x00,0x00,0x00,0x00,0x00,0x00,0x00,0x00,0x00,0x00,0x00,0x00,0x00,0x00,0x00,
    0x00,0x00,0x00,0x00,0x00,0x00,0x00,0x00,0x00,0x00,0x00,0x00,0x00,0x00,0x00,0x00,0x00,0x00,0x00,0x00,0x00,0x00,0x00,0x00,0x00,0x00,0x00,0x00,0x00,0x00,0x00,0x00,0x00,0x00,0x00,0x00,0x00,0x00,0x00,0x00,0x00,0x00,0x00,0x00,0x00,0x00,0x00,0x00,0x00,0x00,
    0x00,0x00,0x00,0x00,0x00,0x00,0x00,0x00,0x00,0x00,0x00,0x00,0x00,0x00,0x00,0x00,0x00,0x00,0x00,0x00,0x00,0x00,0x00,0x00,0x00,0x00,0x00,0x00,0x00,0x00,0x00,0x00,0x00,0x00,0x00,0x00,0x00,0x00,0x00,0x00,0x00,0x00,0x00,0x00,0x00,0x00,0x00,0x00,0x00,0x00,
    0x00,0x00,0x00,0x00,0x00,0x00,0x06,0x18,0x28,0x32,0x35,0x35,0x35,0x34,0x2c,0x1f,0x0d,0x1c,0x2b,0x33,0x35,0x35,0x35,0x33,0x2b,0x1d,0x0a,0x00,0x00,0x00,0x00,0x00,0x00,0x00,0x00,0x00,0x00,0x00,0x00,0x00,0x00,0x00,0x00,0x00,0x00,0x00,0x00,0x00,0x00,0x00,
    0x00,0x00,0x00,0x00,0x00,0x00,0x00,0x00,0x00,0x00,0x00,0x00,0x00,0x00,0x00,0x00,0x00,0x00,0x00,0x00,0x00,0x00,0x00,0x00,0x00,0x00,0x00,0x00,0x00,0x00,0x00,0x00,0x00,0x00,0x00,0x00,0x00,0x00,0x00,0x00,0x00,0x00,0x00,0x00,0x00,0x00,0x00,0x00,0x00,0x00,
    0x00,0x00,0x00,0x00,0x00,0x00,0x00,0x00,0x00,0x00,0x00,0x00,0x00,0x00,0x00,0x00,0x00,0x00,0x00,0x00,0x00,0x00,0x00,0x00,0x00,0x00,0x00,0x00,0x00,0x00,0x00,0x00,0x00,0x00,0x00,0x00,0x00,0x00,0x00,0x00,0x00,0x00,0x00,0x00,0x00,0x00,0x00,0x00,0x00,0x00,
    0x00,0x00,0x00,0x00,0x00,0x00,0x00,0x00,0x00,0x00,0x00,0x00,0x00,0x00,0x00,0x00,0x00,0x00,0x00,0x00,0x00,0x00,0x00,0x00,0x00,0x00,0x00,0x00,0x00,0x00,0x00,0x00,0x00,0x00,0x00,0x00,0x00,0x00,0x00,0x00,0x00,0x00,0x00,0x00,0x00,0x00,0x00,0x00,0x00,0x00,
    0x00,0x00,0x00,0x00,0x00,0x00,0x00,0x00,0x00,0x00,0x00,0x00,0x00,0x00,0x00,0x00,0x00,0x00,0x00,0x00,0x00,0x00,0x00,0x00,0x00,0x00,0x00,0x00,0x00,0x00,0x00,0x00,0x00,0x00,0x00,0x00,0x00,0x00,0x00,0x00,0x00,0x00,0x00,0x00,0x00,0x00,0x00,0x00,0x00,0x00,
    0x00,0x00,0x00,0x00,0x00,0x00,0x00,0x00,0x00,0x00,0x00,0x00,0x00,0x00,0x00,0x00,0x00,0x00,0x00,0x00,0x00,0x00,0x00,0x00,0x00,0x00,0x00,0x00,0x00,0x00,0x00,0x00,0x00,0x00,0x00,0x00,0x00,0x00,0x00,0x00,0x00,0x00,0x00,0x00,0x00,0x00,0x00,0x00,0x00,0x00,
    0x00,0x00,0x00,0x00,0x00,0x00,0x00,0x00,0x00,0x00,0x00,0x00,0x00,0x00,0x00,0x00,0x00,0x00,0x00,0x00,0x00,0x00,0x00,0x00,0x00,0x00,0x00,0x00,0x00,0x00,0x00,0x00,0x00,0x00,0x00,0x00,0x00,0x00,0x00,0x00,0x00,0x00,0x00,0x00,0x00,0x00,0x00,0x00,0x00,0x00,
    0x00,0x00,0x00,0x00,0x00,0x00,0x00,0x00,0x00,0x00,0x00,0x00,0x00,0x00,0x00,0x00,0x00,0x00,0x00,0x00,0x00,0x00,0x00,0x00,0x00,0x00,0x00,0x00,0x00,0x00,0x00,0x00,0x00,0x00,0x00,0x00,0x00,0x00,0x00,0x00,0x00,0x00,0x00,0x00,0x00,0x00,0x00,0x00,0x00,0x00,
    0x00,0x00,0x00,0x00,0x00,0x00,0x00,0x00,0x00,0x00,0x00,0x00,0x00,0x00,0x00,0x00,0x00,0x00,0x00,0x00,0x00,0x00,0x00,0x00,0x00,0x00,0x00,0x00,0x00,0x00,0x00,0x00,0x00,0x00,0x00,0x00,0x00,0x00,0x00,0x00,0x00,0x00,0x00,0x00,0x00,0x00,0x00,0x00,0x00,0x00,
    0x00,0x00,0x00,0x00,0x00,0x00,0x00,0x00,0x00,0x00,0x00,0x00,0x00,0x00,0x00,0x00,0x00,0x00,0x00,0x00,0x00,0x00,0x00,0x00,0x00,0x00,0x00,0x00,0x00,0x00,0x00,0x00,0x00,0x00,0x00,0x00,0x00,0x00,0x00,0x00,0x00,0x00,0x00,0x00,0x00,0x00,0x00,0x00,0x00,0x00,
    0x00,0x00,0x00,0x00,0x00,0x00,0x00,0x00,0x00,0x00,0x00,0x00,0x00,0x00,0x00,0x00,0x00,0x00,0x00,0x05,0x11,0x19,0x1b,0x1b,0x1b,0x1a,0x15,0x0a,0x00,0x08,0x13,0x1a,0x1b,0x1b,0x1b,0x1a,0x14,0x08,0x00,0x00,0x00,0x00,0x00,0x00,0x00,0x00,0x00,0x00,0x00,0x00,
    0x00,0x00,0x00,0x00,0x00,0x00,0x00,0x00,0x00,0x00,0x00,0x00,0x00,0x00,0x00,0x00,0x00,0x00,0x00,0x00,0x00,0x00,0x00,0x00,0x00,0x00,0x00,0x00,0x00,0x00,0x00,0x00,0x00,0x00,0x00,0x00,0x00,0x00,0x00,0x00,0x00,0x00,0x00,0x00,0x00,0x00,0x00,0x00,0x00,0x00,
    0x00,0x00,0x00,0x00,0x00,0x00,0x00,0x00,0x00,0x00,0x00,0x00,0x00,0x00,0x00,0x00,0x00,0x00,0x00,0x00,0x00,0x00,0x00,0x00,0x00,0x00,0x00,0x00,0x00,0x00,0x00,0x00,0x00,0x00,0x00,0x00,0x00,0x00,0x00,0x00,0x00,0x00,0x00,0x00,0x00,0x00,0x00,0x00,0x00,0x00,
    0x00,0x00,0x00,0x00,0x00,0x00,0x00,0x00,0x00,0x00,0x00,0x00,0x00,0x00,0x00,0x00,0x00,0x00,0x00,0x00,0x00,0x00,0x00,0x00,0x00,0x00,0x00,0x00,0x00,0x00,0x00,0x00,0x00,0x00,0x00,0x00,0x00,0x00,0x00,0x00,0x00,0x00,0x00,0x00,0x00,0x00,0x00,0x00,0x00,0x00,
    0x00,0x00,0x00,0x00,0x00,0x00,0x00,0x00,0x00,0x00,0x00,0x00,0x00,0x00,0x00,0x00,0x00,0x00,0x00,0x00,0x00,0x00,0x00,0x00,0x00,0x00,0x00,0x00,0x00,0x00,0x00,0x00,0x00,0x00,0x00,0x00,0x00,0x00,0x00,0x00,0x00,0x00,0x00,0x00,0x00,0x00,0x00,0x00,0x00,0x00,
    0x00,0x00,0x00,0x00,0x00,0x00,0x00,0x00,0x00,0x00,0x00,0x00,0x00,0x00,0x00,0x00,0x00,0x00,0x00,0x00,0x00,0x00,0x00,0x00,0x00,0x00,0x00,0x00,0x00,0x00,0x00,0x00,0x00,0x00,0x00,0x00,0x00,0x00,0x00,0x00,0x00,0x00,0x00,0x00,0x00,0x00,0x00,0x00,0x00,0x00,
    0x00,0x00,0x00,0x00,0x00,0x00,0x00,0x00,0x00,0x00,0x00,0x00,0x00,0x00,0x00,0x00,0x00,0x00,0x00,0x00,0x00,0x00,0x00,0x00,0x00,0x00,0x00,0x00,0x00,0x00,0x00,0x00,0x00,0x00,0x00,0x00,0x00,0x00,0x00,0x00,0x00,0x00,0x00,0x00,0x00,0x00,0x00,0x00,0x00,0x00,
    0x00,0x00,0x00,0x00,0x00,0x00,0x00,0x00,0x00,0x00,0x00,0x00,0x00,0x00,0x00,0x00,0x00,0x00,0x00,0x00,0x00,0x00,0x00,0x00,0x00,0x00,0x00,0x00,0x00,0x00,0x00,0x00,0x00,0x00,0x00,0x00,0x00,0x00,0x00,0x00,0x00,0x00,0x00,0x00,0x00,0x00,0x00,0x00,0x00,0x00,
    0x00,0x00,0x00,0x00,0x00,0x00,0x00,0x00,0x00,0x00,0x00,0x00,0x00,0x00,0x00,0x00,0x00,0x00,0x00,0x00,0x00,0x00,0x00,0x00,0x00,0x00,0x00,0x00,0x00,0x00,0x00,0x00,0x00,0x00,0x00,0x00,0x00,0x00,0x00,0x00,0x00,0x00,0x00,0x00,0x00,0x00,0x00,0x00,0x00,0x00,
    0x00,0x00,0x00,0x00,0x00,0x00,0x00,0x00,0x00,0x00,0x00,0x00,0x00,0x00,0x00,0x00,0x00,0x00,0x00,0x00,0x00,0x00,0x00,0x00,0x00,0x00,0x00,0x00,0x00,0x00,0x00,0x00,0x00,0x00,0x00,0x00,0x00,0x00,0x00,0x00,0x00,0x00,0x00,0x00,0x00,0x00,0x00,0x00,0x00,0x00,
    0x00,0x00,0x00,0x00,0x00,0x00,0x00,0x00,0x00,0x00,0x00,0x00,0x00,0x00,0x00,0x00,0x00,0x00,0x00,0x00,0x00,0x00,0x00,0x00,0x00,0x00,0x00,0x00,0x00,0x00,0x00,0x00,0x00,0x00,0x02,0x02,0x02,0x01,0x00,0x00,0x00,0x00,0x00,0x01,0x02,0x02,0x02,0x01,0x00,0x00,
    0x00,0x00,0x00,0x00,0x00,0x00,0x00,0x00,0x00,0x00,0x00,0x00,0x00,0x00,0x00,0x00,0x00,0x00,0x00,0x00,0x00,0x00,0x00,0x00,0x00,0x00,0x00,0x00,0x00,0x00,0x00,0x00,0x00,0x00,0x00,0x00,0x00,0x00,0x00,0x00,0x00,0x00,0x00,0x00,0x00,0x00,0x00,0x00,0x00,0x00,
    0x00,0x00,0x00,0x00,0x00,0x00,0x00,0x00,0x00,0x00,0x00,0x00,0x00,0x00,0x00,0x00,0x00,0x00,0x00,0x00,0x00,0x00,0x00,0x00,0x00,0x00,0x00,0x00,0x00,0x00,0x00,0x00,0x00,0x00,0x00,0x00,0x00,0x00,0x00,0x00,0x00,0x00,0x00,0x00,0x00,0x00,0x00,0x00,0x00,0x00,
    0x00,0x00,0x00,0x00,0x00,0x00,0x00,0x00,0x00,0x00,0x00,0x00,0x00,0x00,0x00,0x00,0x00,0x00,0x00,0x00,0x00,0x00,0x00,0x00,0x00,0x00,0x00,0x00,0x00,0x00,0x00,0x00,0x00,0x00,0x00,0x00,0x00,0x00,0x00,0x00,0x00,0x00,0x00,0x00,0x00,0x00,0x00,0x00,0x00,0x00,
    0x00,0x00,0x00,0x00,0x00,0x00,0x00,0x00,0x00,0x00,0x00,0x00,0x00,0x00,0x00,0x00,0x00,0x00,0x00,0x00,0x00,0x00,0x00,0x00,0x00,0x00,0x00,0x00,0x00,0x00,0x00,0x00,0x00,0x00,0x00,0x00,0x00,0x00,0x00,0x00,0x00,0x00,0x00,0x00,0x00,0x00,0x00,0x00,0x00,0x00,
    0x00,0x00,0x00,0x00,0x00,0x00,0x00,0x00,0x00,0x00,0x00,0x00,0x00,0x00,0x00,0x00,0x00,0x00,0x00,0x00,0x00,0x00,0x00,0x00,0x00,0x00,0x00,0x00,0x00,0x00,0x00,0x00,0x00,0x00,0x00,0x00,0x00,0x00,0x00,0x00,0x00,0x00,0x00,0x00,0x00,0x00,0x00,0x00,0x00,0x00,
    0x00,0x00,0x00,0x00,0x00,0x00,0x00,0x00,0x00,0x00,0x00,0x00,0x00,0x00,0x00,0x00,0x00,0x00,0x00,0x00,0x00,0x00,0x00,0x00,0x00,0x00,0x00,0x00,0x00,0x00,0x00,0x00,0x00,0x00,0x00,0x00,0x00,0x00,0x00,0x00,0x00,0x00,0x00,0x00,0x00,0x00,0x00,0x00,0x00,0x00,
    0x00,0x00,0x00,0x00,0x00,0x00,0x00,0x00,0x00,0x00,0x00,0x00,0x00,0x00,0x00,0x00,0x00,0x00,0x00,0x00,0x00,0x00,0x00,0x00,0x00,0x00,0x00,0x00,0x00,0x00,0x00,0x00,0x00,0x00,0x00,0x00,0x00,0x00,0x00,0x00,0x00,0x00,0x00,0x00,0x00,0x00,0x00,0x00,0x00,0x00,
    0x00,0x00,0x00,0x00,0x00,0x00,0x00,0x00,0x00,0x00,0x00,0x00,0x00,0x00,0x00,0x00,0x00,0x00,0x00,0x00,0x00,0x00,0x00,0x00,0x00,0x00,0x00,0x00,0x00,0x00,0x00,0x00,0x00,0x00,0x00,0x00,0x00,0x00,0x00,0x00,0x00,0x00,0x00,0x00,0x00,0x00,0x00,0x00,0x00,0x00,
    0x00,0x00,0x00,0x00,0x00,0x00,0x00,0x00,0x00,0x00,0x00,0x00,0x00,0x00,0x00,0x00,0x00,0x00,0x00,0x00,0x00,0x00,0x00,0x00,0x00,0x00,0x00,0x00,0x00,0x00,0x00,0x00,0x00,0x00,0x00,0x00,0x00,0x00,0x00,0x00,0x00,0x00,0x00,0x00,0x00,0x00,0x00,0x00,0x00,0x00,
    0x00,0x00,0x00,0x00,0x00,0x00,0x00,0x00,0x00,0x00,0x00,0x00,0x00,0x00,0x00,0x00,0x00,0x00,0x00,0x00,0x00,0x00,0x00,0x00,0x00,0x00,0x00,0x00,0x00,0x00,0x00,0x00,0x00,0x00,0x00,0x00,0x00,0x00,0x00,0x00,0x00,0x00,0x00,0x00,0x00,0x00,0x00,0x00,0x00,0x00,
    0x00,0x00,0x00,0x00,0x00,0x00,0x00,0x00,0x00,0x00,0x00,0x00,0x00,0x00,0x00,0x00,0x00,0x00,0x00,0x00,0x00,0x00,0x00,0x00,0x00,0x00,0x00,0x00,0x00,0x00,0x00,0x00,0x00,0x00,0x00,0x00,0x00,0x00,0x00,0x00,0x00,0x00,0x00,0x00,0x00,0x00,0x00,0x00,0x00,0x00,
    0x00,0x00,0x00,0x00,0x00,0x00,0x00,0x00,0x00,0x00,0x00,0x00,0x00,0x00,0x00,0x00,0x00,0x00,0x00,0x00,0x00,0x00,0x00,0x00,0x00,0x00,0x00,0x00,0x00,0x00,0x00,0x00,0x00,0x00,0x00,0x00,0x00,0x00,0x00,0x00,0x00,0x00,0x00,0x00,0x00,0x00,0x00,0x00,0x00,0x00,
    0x00,0x00,0x00,0x00,0x00,0x00,0x00,0x00,0x00,0x00,0x00,0x00,0x00,0x00,0x00,0x00,0x00,0x00,0x00,0x00,0x00,0x00,0x00,0x00,0x00,0x00,0x00,0x00,0x00,0x00,0x00,0x00,0x00,0x00,0x00,0x00,0x00,0x00,0x00,0x00,0x00,0x00,0x00,0x00,0x00,0x00,0x00,0x00,0x00,0x00,
    0x00,0x00,0x00,0x00,0x00,0x00,0x00,0x00,0x00,0x00,0x00,0x00,0x00,0x00,0x00,0x00,0x00,0x00,0x00,0x00,0x00,0x00,0x00,0x00,0x00,0x00,0x00,0x00,0x00,0x00,0x00,0x00,0x00,0x00,0x00,0x00,0x00,0x00,0x00,0x00,0x00,0x00,0x00,0x00,0x00,0x00,0x00,0x00,0x00,0x00,
    0x00,0x00,0x00,0x00,0x00,0x00,0x00,0x00,0x00,0x00,0x00,0x00,0x00,0x00,0x00,0x00,0x00,0x00,0x00,0x00,0x00,0x00,0x00,0x00,0x00,0x00,0x00,0x00,0x00,0x00,0x00,0x00,0x00,0x00,0x00,0x00,0x00,0x00,0x00,0x00,0x00,0x00,0x00,0x00,0x00,0x00,0x00,0x00,0x00,0x00,
    0x00,0x00,0x00,0x00,0x00,0x00,0x00,0x00,0x00,0x00,0x00,0x00,0x00,0x00,0x00,0x00,0x00,0x00,0x00,0x00,0x00,0x00,0x00,0x00,0x00,0x00,0x00,0x00,0x00,0x00,0x00,0x00,0x00,0x00,0x00,0x00,0x00,0x00,0x00,0x00,0x00,0x00,0x00,0x00,0x00,0x00,0x00,0x00,0x00,0x00,
    0x00,0x00,0x00,0x00,0x00,0x00,0x00,0x00,0x00,0x00,0x00,0x00,0x00,0x00,0x00,0x00,0x00,0x00,0x00,0x00,0x00,0x00,0x00,0x00,0x00,0x00,0x00,0x00,0x00,0x00,0x00,0x00,0x00,0x00,0x00,0x00,0x00,0x00,0x00,0x00,0x00,0x00,0x00,0x00,0x00,0x00,0x00,0x00,0x00,0x00,
    0x00,0x00,0x00,0x00,0x00,0x00,0x00,0x00,0x00,0x00,0x00,0x00,0x00,0x00,0x00,0x00,0x00,0x00,0x00,0x00,0x00,0x00,0x00,0x00,0x00,0x00,0x00,0x00,0x00,0x00,0x00,0x00,0x00,0x00,0x00,0x00,0x00,0x00,0x00,0x00,0x00,0x00,0x00,0x00,0x00,0x00,0x00,0x00,0x00,0x00,
    0x00,0x00,0x00,0x00,0x00,0x00,0x00,0x00,0x00,0x00,0x00,0x00,0x00,0x00,0x00,0x00,0x00,0x00,0x00,0x00,0x00,0x00,0x00,0x00,0x00,0x00,0x00,0x00,0x00,0x00,0x00,0x00,0x00,0x00,0x00,0x00,0x00,0x00,0x00,0x00,0x00,0x00,0x00,0x00,0x00,0x00,0x00,0x00,0x00,0x00,
    0x00,0x00,0x00,0x00,0x00,0x00,0x00,0x00,0x00,0x00,0x00,0x00,0x00,0x00,0x00,0x00,0x00,0x00,0x00,0x00,0x00,0x00,0x00,0x00,0x00,0x00,0x00,0x00,0x00,0x00,0x00,0x00,0x00,0x00,0x00,0x00,0x00,0x00,0x00,0x00,0x00,0x00,0x00,0x00,0x00,0x00,0x00,0x00,0x00,0x00,
    0x00,0x00,0x00,0x00,0x00,0x00,0x00,0x00,0x00,0x00,0x00,0x00,0x00,0x00,0x00,0x00,0x00,0x00,0x00,0x00,0x00,0x00,0x00,0x00,0x00,0x00,0x00,0x00,0x00,0x00,0x00,0x00,0x00,0x00,0x00,0x00,0x00,0x00,0x00,0x00,0x00,0x00,0x00,0x00,0x00,0x00,0x00,0x00,0x00,0x00,
    0x00,0x00,0x00,0x00,0x00,0x00,0x00,0x00,0x00,0x00,0x00,0x00,0x00,0x00,0x00,0x00,0x00,0x00,0x00,0x00,0x00,0x00,0x00,0x00,0x00,0x00,0x00,0x00,0x00,0x00,0x00,0x00,0x00,0x00,0x00,0x00,0x00,0x00,0x00,0x00,0x00,0x00,0x00,0x00,0x00,0x00,0x00,0x00,0x00,0x00,
    0x00,0x00,0x00,0x00,0x00,0x00,0x00,0x00,0x00,0x00,0x00,0x00,0x00,0x00,0x00,0x00,0x00,0x00,0x00,0x00,0x00,0x00,0x00,0x00,0x00,0x00,0x00,0x00,0x00,0x00,0x00,0x00,0x00,0x00,0x00,0x00,0x00,0x00,0x00,0x00,0x00,0x00,0x00,0x00,0x00,0x00,0x00,0x00,0x00,0x00,
    0x00,0x00,0x00,0x00,0x00,0x00,0x00,0x00,0x00,0x00,0x00,0x00,0x00,0x00,0x00,0x00,0x00,0x00,0x00,0x00,0x00,0x00,0x00,0x00,0x00,0x00,0x00,0x00,0x00,0x00,0x00,0x00,0x00,0x00,0x00,0x00,0x00,0x00,0x00,0x00,0x00,0x00,0x00,0x00,0x00,0x00,0x00,0x00,0x00,0x00,
    0x00,0x00,0x00,0x00,0x00,0x00,0x00,0x00,0x00,0x00,0x00,0x00,0x00,0x00,0x00,0x00,0x00,0x00,0x00,0x00,0x00,0x00,0x00,0x00,0x00,0x00,0x00,0x00,0x00,0x00,0x00,0x00,0x00,0x00,0x00,0x00,0x00,0x00,0x00,0x00,0x00,0x00,0x00,0x00,0x00,0x00,0x00,0x00,0x00,0x00,
    0x00,0x00,0x00,0x00,0x00,0x00,0x00,0x00,0x00,0x00,0x00,0x00,0x00,0x00,0x00,0x00,0x00,0x00,0x00,0x00,0x00,0x00,0x00,0x00,0x00,0x00,0x00,0x00,0x00,0x00,0x00,0x00,0x00,0x00,0x00,0x00,0x00,0x00,0x00,0x00,0x00,0x00,0x00,0x00,0x00,0x00,0x00,0x00,0x00,0x00,
    0x00,0x00,0x00,0x00,0x00,0x00,0x00,0x00,0x00,0x00,0x00,0x00,0x00,0x00,0x00,0x00,0x00,0x00,0x00,0x00,0x00,0x00,0x00,0x00,0x00,0x00,0x00,0x00,0x00,0x00,0x00,0x00,0x00,0x00,0x00,0x00,0x00,0x00,0x00,0x00,0x00,0x00,0x00,0x00,0x00,0x00,0x00,0x00,0x00,0x00,
    0x00,0x00,0x00,0x00,0x00,0x00,0x00,0x00,0x00,0x00,0x00,0x00,0x00,0x00,0x00,0x00,0x00,0x00,0x00,0x00,0x00,0x00,0x00,0x00,0x00,0x00,0x00,0x00,0x00,0x00,0x00,0x00,0x00,0x00,0x00,0x00,0x00,0x00,0x00,0x00,0x00,0x00,0x00,0x00,0x00,0x00,0x00,0x00,0x00,0x00,
    0x00,0x00,0x00,0x00,0x00,0x00,0x00,0x00,0x00,0x00,0x00,0x00,0x00,0x00,0x00,0x00,0x00,0x00,0x00,0x00,0x00,0x00,0x00,0x00,0x00,0x00,0x00,0x00,0x00,0x00,0x00,0x00,0x00,0x00,0x00,0x00,0x00,0x00,0x00,0x00,0x00,0x00,0x00,0x00,0x00,0x00,0x00,0x00,0x00,0x00,
    0x00,0x00,0x00,0x00,0x00,0x00,0x00,0x00,0x00,0x00,0x00,0x00,0x00,0x00,0x00,0x00,0x00,0x00,0x00,0x00,0x00,0x00,0x00,0x00,0x00,0x00,0x00,0x00,0x00,0x00,0x00,0x00,0x00,0x00,0x00,0x00,0x00,0x00,0x00,0x00,0x00,0x00,0x00,0x00,0x00,0x00,0x00,0x00,0x00,0x00,
    0x00,0x00,0x00,0x00,0x00,0x00,0x00,0x00,0x00,0x00,0xff,0xff,0xff,0xff,0x00,0x00,0x00,0x00,0x00,0x00,0x00,0x00,0x00,0x00,0x00,0x00,0x00,0x00,0x00,0x00,0x00,0x00,0x00,0x00,0x00,0x00,0x00,0x00,0x00,0x00,0x00,0x00,0x00,0x00,0x00,0x00,0x00,0x00,0x00,0x00,
    0x00,0x00,0x00,0x00,0x00,0x00,0x00,0x00,0x00,0x00,0x00,0x00,0x00,0x00,0x00,0x00,0x00,0x00,0x00,0x00,0x00,0x00,0x00,0x00,0x00,0x00,0x00,0x00,0x00,0x00,0x00,0x00,0x00,0x00,0x00,0x00,0x00,0x00,0x00,0x00,0x00,0x00,0x00,0x00,0x00,0x00,0x00,0x00,0x00,0x00,
    0x00,0x00,0x00,0x00,0x00,0x00,0x00,0x00,0x00,0x00,0x00,0x00,0x00,0x00,0x00,0x00,0x00,0x00,0x00,0x00,0x00,0x00,0x00,0x00,0x00,0x00,0x00,0x00,0x00,0x00,0x00,0x00,0x00,0x00,0x00,0x00,0x00,0x00,0x00,0x00,0x00,0x00,0x00,0x00,0x00,0x00,0x00,0x00,0x00,0x00,
    0x00,0x00,0x00,0x00,0x00,0x00,0x00,0x00,0x00,0x00,0x00,0x00,0x00,0x00,0x00,0x00,0x00,0x00,0x00,0x00,0x00,0x00,0x00,0x00,0x00,0x00,0x00,0x00,0x00,0x00,0x00,0x00,0x00,0x00,0x00,0x00,0x00,0x00,0x00,0x00,0x00,0x00,0x00,0x00,0x00,0x00,0x00,0x00,0x00,0x00,
    0x00,0x00,0x00,0x00,0x00,0x00,0x00,0x00,0x00,0x00,0x00,0x00,0x00,0x00,0x00,0x00,0x00,0x00,0x00,0x00,0x00,0x00,0x00,0x00,0x00,0x00,0x00,0x00,0x00,0x00,0x00,0x00,0x00,0x00,0x00,0x00,0x00,0x00,0x00,0x00,0x00,0x00,0x00,0x00,0x00,0x00,0x00,0x00,0x00,0x00,
    0x00,0x00,0x00,0x00,0x00,0x00,0x00,0x00,0x00,0x00,0x00,0x00,0x00,0x00,0x00,0x00,0x00,0x00,0x00,0x00,0x00,0x00,0x00,0x00,0x00,0x00,0x00,0x00,0x00,0x00,0x00,0x00,0x00,0x00,0x00,0x00,0x00,0x00,0x00,0x00,0x00,0x00,0x00,0x00,0x00,0x00,0x00,0x00,0x00,0x00,
    0x00,0x00,0x00,0x00,0x00,0x00,0x00,0x00,0x00,0x00,0x00,0x00,0x00,0x00,0x00,0x00,0x00,0x00,0x00,0x00,0x00,0x00,0x00,0x00,0x00,0x00,0x00,0x00,0x00,0x00,0x00,0x00,0x00,0x00,0x00,0x00,0x00,0x00,0x00,0x00,0x00,0x00,0x00,0x00,0x00,0x00,0x00,0x00,0x00,0x00,
    0x00,0x00,0x00,0x00,0x00,0x00,0x00,0x00,0x00,0x00,0x00,0x00,0x00,0x00,0x00,0x00,0x00,0x00,0x00,0x00,0x00,0x00,0x00,0x00,0x00,0x00,0x00,0x00,0x00,0x00,0x00,0x00,0x00,0x00,0x00,0x00,0x00,0x00,0x00,0x00,0x00,0x00,0x00,0x00,0x00,0x00,0x00,0x00,0x00,0x00,
    0x00,0x00,0x00,0x00,0x00,0x00,0x00,0x00,0x00,0x00,0x00,0x00,0x00,0x00,0x00,0x00,0x00,0x00,0x00,0x00,0x00,0x00,0x00,0x00,0x00,0x00,0x00,0x00,0x00,0x00,0x00,0x00,0x00,0x00,0x00,0x00,0x00,0x00,0x00,0x00,0x00,0x00,0x00,0x00,0x00,0x00,0x00,0x00,0x00,0x00,
    0x00,0x00,0x00,0x00,0x00,0x00,0x00,0x00,0x00,0x00,0x00,0x00,0x00,0x00,0x00,0x00,0x00,0x00,0x00,0x00,0x00,0x00,0x00,0x00,0x00,0x00,0x00,0x00,0x00,0x00,0x00,0x00,0x00,0x00,0x00,0x00,0x00,0x00,0x00,0x00,0x00,0x00,0x00,0x00,0x00,0x00,0x00,0x00,0x00,0x00,
    0x00,0x00,0x00,0x00,0x00,0x00,0x00,0x00,0x00,0x00,0x00,0x00,0x00,0x00,0x00,0x00,0x00,0x00,0x00,0x00,0x00,0x00,0xff,0xff,0xff,0xff,0x00,0x00,0x00,0x00,0x00,0x00,0x00,0x00,0x00,0x00,0x00,0x00,0x00,0x00,0x00,0x00,0x00,0x00,0x00,0x00,0x00,0x00,0x00,0x00,
    0x00,0x00,0x00,0x00,0x00,0x00,0x00,0x00,0x00,0x00,0x00,0x00,0x00,0x00,0x00,0x00,0x00,0x00,0x00,0x00,0x00,0x00,0x00,0x00,0x00,0x00,0x00,0x00,0x00,0x00,0x00,0x00,0x00,0x00,0x00,0x00,0x00,0x00,0x00,0x00,0x00,0x00,0x00,0x00,0x00,0x00,0x00,0x00,0x00,0x00,
    0x00,0x00,0x00,0x00,0x00,0x00,0x00,0x00,0x00,0x00,0x00,0x00,0x00,0x00,0x00,0x00,0x00,0x00,0x00,0x00,0x00,0x00,0x00,0x00,0x00,0x00,0x00,0x00,0x00,0x00,0x00,0x00,0x00,0x00,0x00,0x00,0x00,0x00,0x00,0x00,0x00,0x00,0x00,0x00,0x00,0x00,0x00,0x00,0x00,0x00,
    0x00,0x00,0x00,0x00,0x00,0x00,0x00,0x00,0x00,0x00,0x00,0x00,0x00,0x00,0x00,0x00,0x00,0x00,0x00,0x00,0x00,0x00,0x00,0x00,0x00,0x00,0x00,0x00,0x00,0x00,0x00,0x00,0x00,0x00,0x00,0x00,0x00,0x00,0x00,0x00,0x00,0x00,0x00,0x00,0x00,0x00,0x00,0x00,0x00,0x00,
    0x00,0x00,0x00,0x00,0x00,0x00,0x00,0x00,0x00,0x00,0x00,0x00,0x00,0x00,0x00,0x00,0x00,0x00,0x00,0x00,0x00,0x00,0x00,0x00,0x00,0x00,0x00,0x00,0x00,0x00,0x00,0x00,0x00,0x00,0x00,0x00,0x00,0x00,0x00,0x00,0x00,0x00,0x00,0x00,0x00,0x00,0x00,0x00,0x00,0x00,
    0x00,0x00,0x00,0x00,0x00,0x00,0x00,0x00,0x00,0x00,0x00,0x00,0x00,0x00,0x00,0x00,0x00,0x00,0x00,0x00,0x00,0x00,0x00,0x00,0x00,0x00,0x00,0x00,0x00,0x00,0x00,0x00,0x00,0x00,0x00,0x00,0x00,0x00,0x00,0x00,0x00,0x00,0x00,0x00,0x00,0x00,0x00,0x00,0x00,0x00,
    0x00,0x00,0x00,0x00,0x00,0x00,0x00,0x00,0x00,0x00,0x00,0x00,0x00,0x00,0x00,0x00,0x00,0x00,0x00,0x00,0x00,0x00,0x00,0x00,0x00,0x00,0x00,0x00,0x00,0x00,0x00,0x00,0x00,0x00,0x00,0x00,0x00,0x00,0x00,0x00,0x00,0x00,0x00,0x00,0x00,0x00,0x00,0x00,0x00,0x00,
    0x00,0x00,0x00,0x00,0x00,0x00,0x00,0x00,0x00,0x00,0x00,0x00,0x00,0x00,0x00,0x00,0x00,0x00,0x00,0x00,0x00,0x00,0x00,0x00,0x00,0x00,0x00,0x00,0x00,0x00,0x00,0x00,0x00,0x00,0x00,0x00,0x00,0x00,0x00,0x00,0x00,0x00,0x00,0x00,0x00,0x00,0x00,0x00,0x00,0x00,
    0x00,0x00,0x00,0x00,0x00,0x00,0x00,0x00,0x00,0x00,0x00,0x00,0x00,0x00,0x00,0x00,0x00,0x00,0x00,0x00,0x00,0x00,0x00,0x00,0x00,0x00,0x00,0x00,0x00,0x00,0x00,0x00,0x00,0x00,0x00,0x00,0x00,0x00,0x00,0x00,0x00,0x00,0x00,0x00,0x00,0x00,0x00,0x00,0x00,0x00,
    0x00,0x00,0x00,0x00,0x00,0x00,0x00,0x00,0x00,0x00,0x00,0x00,0x00,0x00,0x00,0x00,0x00,0x00,0x00,0x00,0x00,0x00,0x00,0x00,0x00,0x00,0x00,0x00,0x00,0x00,0x00,0x00,0x00,0x00,0x00,0x00,0x00,0x00,0x00,0x00,0x00,0x00,0x00,0x00,0x00,0x00,0x00,0x00,0x00,0x00,
    0x00,0x00,0x00,0x00,0x00,0x00,0x00,0x00,0x00,0x00,0x00,0x00,0x00,0x00,0x00,0x00,0x00,0x00,0x00,0x00,0x00,0x00,0x00,0x00,0x00,0x00,0x00,0x00,0x00,0x00,0x00,0x00,0x00,0x00,0xff,0xff,0xff,0xff,0x00,0x00,0x00,0x00,0x00,0x00,0x00,0x00,0x00,0x00,0x00,0x00,
    0x00,0x00,0x00,0x00,0x00,0x00,0x00,0x00,0x00,0x00,0x00,0x00,0x00,0x00,0x00,0x00,0x00,0x00,0x00,0x00,0x00,0x00,0x00,0x00,0x00,0x00,0x00,0x00,0x00,0x00,0x00,0x00,0x00,0x00,0x00,0x00,0x00,0x00,0x00,0x00,0x00,0x00,0x00,0x00,0x00,0x00,0x00,0x00,0x00,0x00,
    0x00,0x00,0x00,0x00,0x00,0x00,0x00,0x00,0x00,0x00,0x00,0x00,0x00,0x00,0x00,0x00,0x00,0x00,0x00,0x00,0x00,0x00,0x00,0x00,0x00,0x00,0x00,0x00,0x00,0x00,0x00,0x00,0x00,0x00,0x00,0x00,0x00,0x00,0x00,0x00,0x00,0x00,0x00,0x00,0x00,0x00,0x00,0x00,0x00,0x00,
    0x00,0x00,0x00,0x00,0x00,0x00,0x00,0x00,0x00,0x00,0x00,0x00,0x00,0x00,0x00,0x00,0x00,0x00,0x00,0x00,0x00,0x00,0x00,0x00,0x00,0x00,0x00,0x00,0x00,0x00,0x00,0x00,0x00,0x00,0x00,0x00,0x00,0x00,0x00,0x00,0x00,0x00,0x00,0x00,0x00,0x00,0x00,0x00,0x00,0x00,
    0x00,0x00,0x00,0x00,0x00,0x00,0x00,0x00,0x00,0x00,0x00,0x00,0x00,0x00,0x00,0x00,0x00,0x00,0x00,0x00,0x00,0x00,0x00,0x00,0x00,0x00,0x00,0x00,0x00,0x00,0x00,0x00,0x00,0x00,0x00,0x00,0x00,0x00,0x00,0x00,0x00,0x00,0x00,0x00,0x00,0x00,0x00,0x00,0x00,0x00,
    0x00,0x00,0x00,0x00,0x00,0x00,0x00,0x00,0x00,0x00,0x00,0x00,0x00,0x00,0x00,0x00,0x00,0x00,0x00,0x00,0x00,0x00,0x00,0x00,0x00,0x00,0x00,0x00,0x00,0x00,0x00,0x00,0x00,0x00,0x00,0x00,0x00,0x00,0x00,0x00,0x00,0x00,0x00,0x00,0x00,0x00,0x00,0x00,0x00,0x00,
    0x00,0x00,0x00,0x00,0x00,0x00,0x00,0x00,0x00,0x00,0x00,0x00,0x00,0x00,0x00,0x00,0x00,0x00,0x00,0x00,0x00,0x00,0x00,0x00,0x00,0x00,0x00,0x00,0x00,0x00,0x00,0x00,0x00,0x00,0x00,0x00,0x00,0x00,0x00,0x00,0x00,0x00,0x00,0x00,0x00,0x00,0x00,0x00,0x00,0x00,
    0x00,0x00,0x00,0x00,0x00,0x00,0x00,0x00,0x00,0x00,0x00,0x00,0x00,0x00,0x00,0x00,0x00,0x00,0x00,0x00,0x00,0x00,0x00,0x00,0x00,0x00,0x00,0x00,0x00,0x00,0x00,0x00,0x00,0x00,0x00,0x00,0x00,0x00,0x00,0x00,0x00,0x00,0x00,0x00,0x00,0x00,0x00,0x00,0x00,0x00,
    0x00,0x00,0x00,0x00,0x00,0x00,0x00,0x00,0x00,0x00,0x00,0x00,0x00,0x00,0x00,0x00,0x00,0x00,0x00,0x00,0x00,0x00,0x00,0x00,0x00,0x00,0x00,0x00,0x00,0x00,0x00,0x00,0x00,0x00,0x00,0x00,0x00,0x00,0x00,0x00,0x00,0x00,0x00,0x00,0x00,0x00,0x00,0x00,0x00,0x00,
    0x00,0x00,0x00,0x00,0x00,0x00,0x00,0x00,0x00,0x00,0x00,0x00,0x00,0x00,0x00,0x00,0x00,0x00,0x00,0x00,0x00,0x00,0x00,0x00,0x00,0x00,0x00,0x00,0x00,0x00,0x00,0x00,0x00,0x00,0x00,0x00,0x00,0x00,0x00,0x00,0x00,0x00,0x00,0x00,0x00,0x00,0x00,0x00,0x00,0x00,
    0x00,0x00,0x00,0x00,0x00,0x00,0x00,0x00,0x00,0x00,0x00,0x00,0x00,0x00,0x00,0x00,0x00,0x00,0x00,0x00,0x00,0x00,0x00,0x00,0x00,0x00,0x00,0x00,0x00,0x00,0x00,0x00,0x00,0x00,0x00,0x00,0x00,0x00,0x00,0x00,0x00,0x00,0x00,0x00,0x00,0x00,0xff,0xff,0xff,0xff,
  };

  const HudFont g_hudFont = { 32, 512, 175, 5, 17, 95, g_hudFontGlyphs, g_hudFontImage };

  static_assert(sizeof(g_hudFontImage) == 512 * 175);
  static_assert(sizeof(g_hudFontGlyphs) / sizeof(HudGlyph) == 95);

}
